segment_id,stop_id,next_stop_id,Direction,detailed_time_period,LSOA21CD,stop_name,next_stop_name,observations,median_distance_m,median_passengers,p90_passengers,p90_capacity_utilisation,p90_pmd_tkm,p90_capacity_pct,seated_headroom_p90,total_headroom_p90,hotspot_key
133001 -> 135632,133001,135632,Manchester to Hazel Grove,AM interpeak,E01005869,McVities,Langdale Road,193,252.27700000000004,16.0,25.0,0.25,0.42887090000000005,25.0,48.0,75.0,133001 -> 135632 | Manchester to Hazel Grove | AM interpeak
133001 -> 135632,133001,135632,Manchester to Hazel Grove,AM peak,E01005869,McVities,Langdale Road,108,252.27700000000004,28.0,69.3,0.693,1.1888301348,69.3,3.700000000000003,30.700000000000003,133001 -> 135632 | Manchester to Hazel Grove | AM peak
133001 -> 135632,133001,135632,Manchester to Hazel Grove,Evening off-peak,E01005869,McVities,Langdale Road,145,252.27700000000004,7.0,14.0,0.14,0.240167704,14.000000000000002,59.0,86.0,133001 -> 135632 | Manchester to Hazel Grove | Evening off-peak
133001 -> 135632,133001,135632,Manchester to Hazel Grove,Night/Early morning off-peak,E01005869,McVities,Langdale Road,72,252.27700000000004,14.0,26.0,0.26,0.44602573600000006,26.0,47.0,74.0,133001 -> 135632 | Manchester to Hazel Grove | Night/Early morning off-peak
133001 -> 135632,133001,135632,Manchester to Hazel Grove,PM interpeak,E01005869,McVities,Langdale Road,95,252.27700000000004,28.0,46.60000000000001,0.4660000000000001,0.7994153576000003,46.60000000000001,26.39999999999999,53.39999999999999,133001 -> 135632 | Manchester to Hazel Grove | PM interpeak
133001 -> 135632,133001,135632,Manchester to Hazel Grove,PM peak,E01005869,McVities,Langdale Road,153,252.27700000000004,28.0,40.0,0.4,0.6861934400000002,40.0,33.0,60.0,133001 -> 135632 | Manchester to Hazel Grove | PM peak
133049 -> 135665,133049,135665,Manchester to Hazel Grove,AM interpeak,E01005874,Brentnall Street,Longshut Lane,144,214.71799999999894,16.0,27.0,0.27,0.39422224799999805,27.0,46.0,73.0,133049 -> 135665 | Manchester to Hazel Grove | AM interpeak
133049 -> 135665,133049,135665,Manchester to Hazel Grove,AM peak,E01005874,Brentnall Street,Longshut Lane,102,214.71799999999894,14.0,41.900000000000006,0.41900000000000004,0.611774525599997,41.900000000000006,31.099999999999994,58.099999999999994,133049 -> 135665 | Manchester to Hazel Grove | AM peak
133049 -> 135665,133049,135665,Manchester to Hazel Grove,Evening off-peak,E01005874,Brentnall Street,Longshut Lane,110,214.71799999999894,6.0,11.0,0.11,0.16060906399999922,11.0,62.0,89.0,133049 -> 135665 | Manchester to Hazel Grove | Evening off-peak
133049 -> 135665,133049,135665,Manchester to Hazel Grove,Night/Early morning off-peak,E01005874,Brentnall Street,Longshut Lane,85,214.71799999999894,10.0,15.600000000000009,0.15600000000000008,0.227772854399999,15.600000000000009,57.39999999999999,84.39999999999999,133049 -> 135665 | Manchester to Hazel Grove | Night/Early morning off-peak
133049 -> 135665,133049,135665,Manchester to Hazel Grove,PM interpeak,E01005874,Brentnall Street,Longshut Lane,72,214.71799999999894,17.5,30.0,0.3,0.4380247199999978,30.0,43.0,70.0,133049 -> 135665 | Manchester to Hazel Grove | PM interpeak
133049 -> 135665,133049,135665,Manchester to Hazel Grove,PM peak,E01005874,Brentnall Street,Longshut Lane,109,214.71799999999894,14.0,24.400000000000006,0.24400000000000005,0.3562601055999983,24.400000000000006,48.599999999999994,75.6,133049 -> 135665 | Manchester to Hazel Grove | PM peak
133230 -> 133232,133230,133232,Hazel Grove to Manchester,AM interpeak,E01005866,St Thomas Church,Milwain Drive,191,308.5690000000004,7.0,12.0,0.12,0.25179311999999976,12.0,61.0,88.0,133230 -> 133232 | Hazel Grove to Manchester | AM interpeak
133230 -> 133232,133230,133232,Hazel Grove to Manchester,AM peak,E01005866,St Thomas Church,Milwain Drive,127,308.5699999999997,11.0,21.0,0.21,0.4406379599999996,21.0,52.0,79.0,133230 -> 133232 | Hazel Grove to Manchester | AM peak
133230 -> 133232,133230,133232,Hazel Grove to Manchester,Evening off-peak,E01005866,St Thomas Church,Milwain Drive,119,308.5699999999997,18.0,27.0,0.27,0.5665345199999995,27.0,46.0,73.0,133230 -> 133232 | Hazel Grove to Manchester | Evening off-peak
133230 -> 133232,133230,133232,Hazel Grove to Manchester,Night/Early morning off-peak,E01005866,St Thomas Church,Milwain Drive,82,308.5699999999997,21.0,36.900000000000006,0.36900000000000005,0.7742638439999995,36.900000000000006,36.099999999999994,63.099999999999994,133230 -> 133232 | Hazel Grove to Manchester | Night/Early morning off-peak
133230 -> 133232,133230,133232,Hazel Grove to Manchester,PM interpeak,E01005866,St Thomas Church,Milwain Drive,100,308.5699999999997,11.5,19.10000000000001,0.1910000000000001,0.40077057999999993,19.10000000000001,53.89999999999999,80.89999999999999,133230 -> 133232 | Hazel Grove to Manchester | PM interpeak
133230 -> 133232,133230,133232,Hazel Grove to Manchester,PM peak,E01005866,St Thomas Church,Milwain Drive,143,308.5699999999997,18.0,28.0,0.28,0.5875172799999995,28.000000000000004,45.0,72.0,133230 -> 133232 | Hazel Grove to Manchester | PM peak
133232 -> 133234,133232,133234,Hazel Grove to Manchester,AM interpeak,E01005869,Milwain Drive,McVities,192,236.08100000000013,7.0,12.0,0.12,0.19264209599999935,12.0,61.0,88.0,133232 -> 133234 | Hazel Grove to Manchester | AM interpeak
133232 -> 133234,133232,133234,Hazel Grove to Manchester,AM peak,E01005869,Milwain Drive,McVities,127,236.08100000000013,11.0,19.400000000000006,0.19400000000000006,0.3114380552000003,19.400000000000006,53.599999999999994,80.6,133232 -> 133234 | Hazel Grove to Manchester | AM peak
133232 -> 133234,133232,133234,Hazel Grove to Manchester,Evening off-peak,E01005869,Milwain Drive,McVities,118,236.08100000000013,18.0,27.0,0.27,0.43344471600000023,27.0,46.0,73.0,133232 -> 133234 | Hazel Grove to Manchester | Evening off-peak
133232 -> 133234,133232,133234,Hazel Grove to Manchester,Night/Early morning off-peak,E01005869,Milwain Drive,McVities,82,236.08100000000013,21.5,36.900000000000006,0.36900000000000005,0.5923744452000004,36.900000000000006,36.099999999999994,63.099999999999994,133232 -> 133234 | Hazel Grove to Manchester | Night/Early morning off-peak
133232 -> 133234,133232,133234,Hazel Grove to Manchester,PM interpeak,E01005869,Milwain Drive,McVities,100,236.08100000000013,11.0,20.0,0.2,0.3210701600000002,20.0,53.0,80.0,133232 -> 133234 | Hazel Grove to Manchester | PM interpeak
133232 -> 133234,133232,133234,Hazel Grove to Manchester,PM peak,E01005869,Milwain Drive,McVities,143,236.08100000000013,18.0,27.799999999999997,0.27799999999999997,0.4462875224000002,27.799999999999997,45.2,72.2,133232 -> 133234 | Hazel Grove to Manchester | PM peak
133234 -> 48686,133234,48686,Hazel Grove to Manchester,AM interpeak,E01005869,McVities,Lloyd Road,192,275.3989999999999,7.0,12.0,0.12,0.22472476799999938,12.0,61.0,88.0,133234 -> 48686 | Hazel Grove to Manchester | AM interpeak
133234 -> 48686,133234,48686,Hazel Grove to Manchester,AM peak,E01005869,McVities,Lloyd Road,127,275.39899999999943,11.0,19.0,0.19,0.3558142159999991,19.0,54.0,81.0,133234 -> 48686 | Hazel Grove to Manchester | AM peak
133234 -> 48686,133234,48686,Hazel Grove to Manchester,Evening off-peak,E01005869,McVities,Lloyd Road,118,275.39799999999923,18.0,27.299999999999997,0.27299999999999996,0.5112488471999985,27.299999999999997,45.7,72.7,133234 -> 48686 | Hazel Grove to Manchester | Evening off-peak
133234 -> 48686,133234,48686,Hazel Grove to Manchester,Night/Early morning off-peak,E01005869,McVities,Lloyd Road,82,275.39899999999943,22.0,38.80000000000001,0.3880000000000001,0.7266127215999988,38.80000000000001,34.19999999999999,61.19999999999999,133234 -> 48686 | Hazel Grove to Manchester | Night/Early morning off-peak
133234 -> 48686,133234,48686,Hazel Grove to Manchester,PM interpeak,E01005869,McVities,Lloyd Road,99,275.39899999999943,11.0,20.0,0.2,0.37454127999999903,20.0,53.0,80.0,133234 -> 48686 | Hazel Grove to Manchester | PM interpeak
133234 -> 48686,133234,48686,Hazel Grove to Manchester,PM peak,E01005869,McVities,Lloyd Road,144,275.39899999999943,18.0,27.700000000000017,0.2770000000000002,0.5187402235999995,27.70000000000002,45.29999999999998,72.29999999999998,133234 -> 48686 | Hazel Grove to Manchester | PM peak
133236 -> 133230,133236,133230,Hazel Grove to Manchester,AM interpeak,E01005866,Heaton Moor Road,St Thomas Church,192,271.4540000000002,7.0,12.0,0.12,0.22150727999999995,12.0,61.0,88.0,133236 -> 133230 | Hazel Grove to Manchester | AM interpeak
133236 -> 133230,133236,133230,Hazel Grove to Manchester,AM peak,E01005866,Heaton Moor Road,St Thomas Church,127,271.4539999999997,11.0,22.400000000000006,0.22400000000000006,0.4134787327999997,22.400000000000006,50.599999999999994,77.6,133236 -> 133230 | Hazel Grove to Manchester | AM peak
133236 -> 133230,133236,133230,Hazel Grove to Manchester,Evening off-peak,E01005866,Heaton Moor Road,St Thomas Church,116,271.4539999999997,16.5,26.0,0.26,0.47993067199999956,26.0,47.0,74.0,133236 -> 133230 | Hazel Grove to Manchester | Evening off-peak
133236 -> 133230,133236,133230,Hazel Grove to Manchester,Night/Early morning off-peak,E01005866,Heaton Moor Road,St Thomas Church,82,271.4539999999997,21.0,35.80000000000001,0.3580000000000001,0.6608276175999996,35.80000000000001,37.19999999999999,64.19999999999999,133236 -> 133230 | Hazel Grove to Manchester | Night/Early morning off-peak
133236 -> 133230,133236,133230,Hazel Grove to Manchester,PM interpeak,E01005866,Heaton Moor Road,St Thomas Church,100,271.4539999999997,12.0,19.10000000000001,0.1910000000000001,0.35256445519999985,19.10000000000001,53.89999999999999,80.89999999999999,133236 -> 133230 | Hazel Grove to Manchester | PM interpeak
133236 -> 133230,133236,133230,Hazel Grove to Manchester,PM peak,E01005866,Heaton Moor Road,St Thomas Church,145,271.4539999999997,17.0,27.0,0.27,0.4983895439999996,27.0,46.0,73.0,133236 -> 133230 | Hazel Grove to Manchester | PM peak
134130 -> 135615,134130,135615,Hazel Grove to Manchester,AM interpeak,E01005797,Bramhall Lane,Wellington Grove,145,237.61000000000013,11.0,17.0,0.17,0.27467716000000014,17.0,56.0,83.0,134130 -> 135615 | Hazel Grove to Manchester | AM interpeak
134130 -> 135615,134130,135615,Hazel Grove to Manchester,AM peak,E01005797,Bramhall Lane,Wellington Grove,91,237.61000000000013,16.0,32.0,0.32,0.5170393600000003,32.0,41.0,68.0,134130 -> 135615 | Hazel Grove to Manchester | AM peak
134130 -> 135615,134130,135615,Hazel Grove to Manchester,Evening off-peak,E01005797,Bramhall Lane,Wellington Grove,125,237.61000000000013,10.0,15.0,0.15,0.24236220000000014,15.0,58.0,85.0,134130 -> 135615 | Hazel Grove to Manchester | Evening off-peak
134130 -> 135615,134130,135615,Hazel Grove to Manchester,Night/Early morning off-peak,E01005797,Bramhall Lane,Wellington Grove,72,237.61000000000013,13.5,25.799999999999997,0.25799999999999995,0.41686298400000016,25.799999999999994,47.2,74.2,134130 -> 135615 | Hazel Grove to Manchester | Night/Early morning off-peak
134130 -> 135615,134130,135615,Hazel Grove to Manchester,PM interpeak,E01005797,Bramhall Lane,Wellington Grove,72,237.60950000000003,13.0,21.0,0.21,0.33930708000000015,21.0,52.0,79.0,134130 -> 135615 | Hazel Grove to Manchester | PM interpeak
134130 -> 135615,134130,135615,Hazel Grove to Manchester,PM peak,E01005797,Bramhall Lane,Wellington Grove,113,237.61000000000013,12.0,20.799999999999997,0.20799999999999996,0.3360755840000001,20.799999999999997,52.2,79.2,134130 -> 135615 | Hazel Grove to Manchester | PM peak
134150 -> 135630,134150,135630,Hazel Grove to Manchester,AM interpeak,E01005838,Mill Street,Sainsbury's,72,237.07299999999987,9.0,14.899999999999999,0.149,0.24020236359999986,14.899999999999999,58.1,85.1,134150 -> 135630 | Hazel Grove to Manchester | AM interpeak
134150 -> 135630,134150,135630,Hazel Grove to Manchester,AM peak,E01005838,Mill Street,Sainsbury's,58,237.07299999999987,14.0,18.300000000000004,0.18300000000000005,0.2950136411999999,18.300000000000004,54.699999999999996,81.69999999999999,134150 -> 135630 | Hazel Grove to Manchester | AM peak
134150 -> 135630,134150,135630,Hazel Grove to Manchester,Evening off-peak,E01005838,Mill Street,Sainsbury's,105,237.07299999999987,6.0,9.600000000000009,0.09600000000000009,0.15476125440000008,9.600000000000009,63.39999999999999,90.39999999999999,134150 -> 135630 | Hazel Grove to Manchester | Evening off-peak
134150 -> 135630,134150,135630,Hazel Grove to Manchester,Night/Early morning off-peak,E01005838,Mill Street,Sainsbury's,72,237.07299999999987,7.0,12.0,0.12,0.19345156799999988,12.0,61.0,88.0,134150 -> 135630 | Hazel Grove to Manchester | Night/Early morning off-peak
134150 -> 135630,134150,135630,Hazel Grove to Manchester,PM interpeak,E01005838,Mill Street,Sainsbury's,37,237.07299999999987,13.0,16.4,0.16399999999999998,0.2643838095999998,16.4,56.6,83.6,134150 -> 135630 | Hazel Grove to Manchester | PM interpeak
134150 -> 135630,134150,135630,Hazel Grove to Manchester,PM peak,E01005838,Mill Street,Sainsbury's,57,237.07299999999987,11.0,16.199999999999996,0.16199999999999995,0.26115961679999977,16.199999999999996,56.800000000000004,83.80000000000001,134150 -> 135630 | Hazel Grove to Manchester | PM peak
134160 -> 134461,134160,134461,Hazel Grove to Manchester,AM interpeak,E01005917,Mersey Square,Kingsgate,192,236.89900000000034,10.0,17.0,0.17,0.2738552440000004,17.0,56.0,83.0,134160 -> 134461 | Hazel Grove to Manchester | AM interpeak
134160 -> 134461,134160,134461,Hazel Grove to Manchester,AM peak,E01005917,Mersey Square,Kingsgate,131,236.89900000000034,13.0,29.0,0.29,0.46716482800000064,28.999999999999996,44.0,71.0,134160 -> 134461 | Hazel Grove to Manchester | AM peak
134160 -> 134461,134160,134461,Hazel Grove to Manchester,Evening off-peak,E01005917,Mersey Square,Kingsgate,114,236.89900000000034,13.0,19.0,0.19,0.30607350800000044,19.0,54.0,81.0,134160 -> 134461 | Hazel Grove to Manchester | Evening off-peak
134160 -> 134461,134160,134461,Hazel Grove to Manchester,Night/Early morning off-peak,E01005917,Mersey Square,Kingsgate,85,236.89900000000034,13.0,27.60000000000001,0.27600000000000013,0.44461204320000075,27.600000000000012,45.39999999999999,72.39999999999999,134160 -> 134461 | Hazel Grove to Manchester | Night/Early morning off-peak
134160 -> 134461,134160,134461,Hazel Grove to Manchester,PM interpeak,E01005917,Mersey Square,Kingsgate,99,236.89900000000034,11.0,21.0,0.21,0.33829177200000043,21.0,52.0,79.0,134160 -> 134461 | Hazel Grove to Manchester | PM interpeak
134160 -> 134461,134160,134461,Hazel Grove to Manchester,PM peak,E01005917,Mersey Square,Kingsgate,141,236.89900000000034,13.0,23.0,0.23,0.37051003600000054,23.0,50.0,77.0,134160 -> 134461 | Hazel Grove to Manchester | PM peak
134165 -> 135633,134165,135633,Manchester to Hazel Grove,AM interpeak,E01005836,School Street,Torkington Road,72,209.45899999999892,10.0,14.899999999999999,0.149,0.2122238587999989,14.899999999999999,58.1,85.1,134165 -> 135633 | Manchester to Hazel Grove | AM interpeak
134165 -> 135633,134165,135633,Manchester to Hazel Grove,AM peak,E01005836,School Street,Torkington Road,60,209.45899999999892,7.5,15.200000000000003,0.15200000000000002,0.21649774039999994,15.200000000000003,57.8,84.8,134165 -> 135633 | Manchester to Hazel Grove | AM peak
134165 -> 135633,134165,135633,Manchester to Hazel Grove,Evening off-peak,E01005836,School Street,Torkington Road,93,209.45899999999892,2.0,5.0,0.05,0.07121605999999964,5.0,68.0,95.0,134165 -> 135633 | Manchester to Hazel Grove | Evening off-peak
134165 -> 135633,134165,135633,Manchester to Hazel Grove,Night/Early morning off-peak,E01005836,School Street,Torkington Road,84,209.45899999999892,3.0,7.0,0.07,0.09970248399999948,7.000000000000001,66.0,93.0,134165 -> 135633 | Manchester to Hazel Grove | Night/Early morning off-peak
134165 -> 135633,134165,135633,Manchester to Hazel Grove,PM interpeak,E01005836,School Street,Torkington Road,37,209.45899999999892,12.0,16.0,0.16,0.22789139199999883,16.0,57.0,84.0,134165 -> 135633 | Manchester to Hazel Grove | PM interpeak
134165 -> 135633,134165,135633,Manchester to Hazel Grove,PM peak,E01005836,School Street,Torkington Road,57,209.45899999999892,3.0,7.399999999999999,0.074,0.10539976879999943,7.3999999999999995,65.6,92.6,134165 -> 135633 | Manchester to Hazel Grove | PM peak
134227 -> 134266,134227,134266,Hazel Grove to Manchester,AM interpeak,E01005863,Warwick Road,Brackley Road,192,326.58399999999983,8.0,13.0,0.13,0.2887002559999998,13.0,60.0,87.0,134227 -> 134266 | Hazel Grove to Manchester | AM interpeak
134227 -> 134266,134227,134266,Hazel Grove to Manchester,AM peak,E01005863,Warwick Road,Brackley Road,128,326.58399999999983,12.0,22.0,0.22,0.48856861679999997,22.0,51.0,78.0,134227 -> 134266 | Hazel Grove to Manchester | AM peak
134227 -> 134266,134227,134266,Hazel Grove to Manchester,Evening off-peak,E01005863,Warwick Road,Brackley Road,116,326.58399999999983,16.5,23.5,0.235,0.5218812319999997,23.5,49.5,76.5,134227 -> 134266 | Hazel Grove to Manchester | Evening off-peak
134227 -> 134266,134227,134266,Hazel Grove to Manchester,Night/Early morning off-peak,E01005863,Warwick Road,Brackley Road,83,326.58399999999983,19.0,31.799999999999997,0.31799999999999995,0.7062052415999996,31.799999999999994,41.2,68.2,134227 -> 134266 | Hazel Grove to Manchester | Night/Early morning off-peak
134227 -> 134266,134227,134266,Hazel Grove to Manchester,PM interpeak,E01005863,Warwick Road,Brackley Road,100,326.58399999999983,12.0,18.0,0.18,0.3997388159999998,18.0,55.0,82.0,134227 -> 134266 | Hazel Grove to Manchester | PM interpeak
134227 -> 134266,134227,134266,Hazel Grove to Manchester,PM peak,E01005863,Warwick Road,Brackley Road,143,326.58399999999983,16.0,25.799999999999997,0.25799999999999995,0.5729589695999996,25.799999999999994,47.2,74.2,134227 -> 134266 | Hazel Grove to Manchester | PM peak
134266 -> 133236,134266,133236,Hazel Grove to Manchester,AM interpeak,E01005866,Brackley Road,Heaton Moor Road,192,353.0010000000002,8.0,13.0,0.13,0.3120528840000002,13.0,60.0,87.0,134266 -> 133236 | Hazel Grove to Manchester | AM interpeak
134266 -> 133236,134266,133236,Hazel Grove to Manchester,AM peak,E01005866,Brackley Road,Heaton Moor Road,127,353.0010000000002,11.0,22.0,0.22,0.5280894960000003,22.0,51.0,78.0,134266 -> 133236 | Hazel Grove to Manchester | AM peak
134266 -> 133236,134266,133236,Hazel Grove to Manchester,Evening off-peak,E01005866,Brackley Road,Heaton Moor Road,116,353.0010000000002,17.0,25.0,0.25,0.6001017000000004,25.0,48.0,75.0,134266 -> 133236 | Hazel Grove to Manchester | Evening off-peak
134266 -> 133236,134266,133236,Hazel Grove to Manchester,Night/Early morning off-peak,E01005866,Brackley Road,Heaton Moor Road,83,353.0010000000002,19.0,33.0,0.33,0.7921342440000005,33.0,40.0,67.0,134266 -> 133236 | Hazel Grove to Manchester | Night/Early morning off-peak
134266 -> 133236,134266,133236,Hazel Grove to Manchester,PM interpeak,E01005866,Brackley Road,Heaton Moor Road,100,353.0010000000002,12.0,19.0,0.19,0.4560772920000003,19.0,54.0,81.0,134266 -> 133236 | Hazel Grove to Manchester | PM interpeak
134266 -> 133236,134266,133236,Hazel Grove to Manchester,PM peak,E01005866,Brackley Road,Heaton Moor Road,144,353.0010000000002,17.0,26.0,0.26,0.6241057680000004,26.0,47.0,74.0,134266 -> 133236 | Hazel Grove to Manchester | PM peak
134267 -> 133001,134267,133001,Manchester to Hazel Grove,AM interpeak,E01005869,Crossley Road,McVities,193,166.1189999999997,16.0,24.0,0.24,0.27110620799999946,24.0,49.0,76.0,134267 -> 133001 | Manchester to Hazel Grove | AM interpeak
134267 -> 133001,134267,133001,Manchester to Hazel Grove,AM peak,E01005869,Crossley Road,McVities,108,166.1189999999997,28.0,69.0,0.69,0.7794303479999986,69.0,4.0,31.0,134267 -> 133001 | Manchester to Hazel Grove | AM peak
134267 -> 133001,134267,133001,Manchester to Hazel Grove,Evening off-peak,E01005869,Crossley Road,McVities,145,166.1189999999997,7.0,15.599999999999994,0.15599999999999994,0.1762190351999996,15.599999999999994,57.400000000000006,84.4,134267 -> 133001 | Manchester to Hazel Grove | Evening off-peak
134267 -> 133001,134267,133001,Manchester to Hazel Grove,Night/Early morning off-peak,E01005869,Crossley Road,McVities,72,166.1189999999997,14.5,26.0,0.26,0.2936983919999994,26.0,47.0,74.0,134267 -> 133001 | Manchester to Hazel Grove | Night/Early morning off-peak
134267 -> 133001,134267,133001,Manchester to Hazel Grove,PM interpeak,E01005869,Crossley Road,McVities,95,166.1189999999997,30.0,46.0,0.46,0.5196202319999991,46.0,27.0,54.0,134267 -> 133001 | Manchester to Hazel Grove | PM interpeak
134267 -> 133001,134267,133001,Manchester to Hazel Grove,PM peak,E01005869,Crossley Road,McVities,153,166.1189999999997,29.0,41.80000000000001,0.4180000000000001,0.4721766455999992,41.80000000000001,31.19999999999999,58.19999999999999,134267 -> 133001 | Manchester to Hazel Grove | PM peak
134281 -> 135790,134281,135790,Hazel Grove to Manchester,AM interpeak,E01005822,Garrick Theatre,Chestergate,1,268.66699999999946,12.0,12.0,0.12,0.21923227199999953,12.0,61.0,88.0,134281 -> 135790 | Hazel Grove to Manchester | AM interpeak
134281 -> 135790,134281,135790,Hazel Grove to Manchester,AM peak,E01005822,Garrick Theatre,Chestergate,2,268.66700000000037,6.5,8.5,0.08499999999999999,0.15528952600000023,8.5,64.5,91.5,134281 -> 135790 | Hazel Grove to Manchester | AM peak
134281 -> 135790,134281,135790,Hazel Grove to Manchester,Evening off-peak,E01005822,Garrick Theatre,Chestergate,9,268.66699999999946,15.0,32.0,0.32,0.5846193919999988,32.0,41.0,68.0,134281 -> 135790 | Hazel Grove to Manchester | Evening off-peak
134281 -> 135790,134281,135790,Hazel Grove to Manchester,Night/Early morning off-peak,E01005822,Garrick Theatre,Chestergate,20,268.66699999999946,16.0,29.20000000000003,0.2920000000000003,0.5334651951999995,29.20000000000003,43.79999999999997,70.79999999999997,134281 -> 135790 | Hazel Grove to Manchester | Night/Early morning off-peak
134281 -> 135790,134281,135790,Hazel Grove to Manchester,PM peak,E01005822,Garrick Theatre,Chestergate,5,268.66699999999946,14.0,19.6,0.196,0.3580793776000005,19.6,53.4,80.4,134281 -> 135790 | Hazel Grove to Manchester | PM peak
134378 -> 135687,134378,135687,Manchester to Hazel Grove,AM interpeak,E01033948,Grand Central,Stockport College,144,292.1190000000006,21.0,35.0,0.35,0.6952432200000014,35.0,38.0,65.0,134378 -> 135687 | Manchester to Hazel Grove | AM interpeak
134378 -> 135687,134378,135687,Manchester to Hazel Grove,AM peak,E01033948,Grand Central,Stockport College,111,292.1190000000006,16.0,56.0,0.56,1.1123891520000022,56.00000000000001,17.0,44.0,134378 -> 135687 | Manchester to Hazel Grove | AM peak
134378 -> 135687,134378,135687,Manchester to Hazel Grove,Evening off-peak,E01033948,Grand Central,Stockport College,109,292.1190000000006,8.0,15.0,0.15,0.2979613800000006,15.0,58.0,85.0,134378 -> 135687 | Manchester to Hazel Grove | Evening off-peak
134378 -> 135687,134378,135687,Manchester to Hazel Grove,Night/Early morning off-peak,E01033948,Grand Central,Stockport College,86,292.1190000000006,11.0,20.0,0.2,0.3972818400000008,20.0,53.0,80.0,134378 -> 135687 | Manchester to Hazel Grove | Night/Early morning off-peak
134378 -> 135687,134378,135687,Manchester to Hazel Grove,PM interpeak,E01033948,Grand Central,Stockport College,94,292.1190000000006,19.0,34.400000000000006,0.34400000000000003,0.6833247648000015,34.400000000000006,38.599999999999994,65.6,134378 -> 135687 | Manchester to Hazel Grove | PM interpeak
134378 -> 135687,134378,135687,Manchester to Hazel Grove,PM peak,E01033948,Grand Central,Stockport College,137,292.1190000000006,17.0,31.0,0.31,0.6157868520000013,31.0,42.0,69.0,134378 -> 135687 | Manchester to Hazel Grove | PM peak
134397 -> 134378,134397,134378,Manchester to Hazel Grove,AM interpeak,E01033947,Mersey Square,Grand Central,144,367.15399999999863,21.0,34.0,0.34,0.8488600479999968,34.0,39.0,66.0,134397 -> 134378 | Manchester to Hazel Grove | AM interpeak
134397 -> 134378,134397,134378,Manchester to Hazel Grove,AM peak,E01033947,Mersey Square,Grand Central,112,367.15399999999863,18.5,56.70000000000002,0.5670000000000002,1.4155989623999952,56.70000000000002,16.299999999999983,43.29999999999998,134397 -> 134378 | Manchester to Hazel Grove | AM peak
134397 -> 134378,134397,134378,Manchester to Hazel Grove,Evening off-peak,E01033947,Mersey Square,Grand Central,107,367.15399999999863,7.0,13.400000000000006,0.13400000000000006,0.33455072479999887,13.400000000000006,59.599999999999994,86.6,134397 -> 134378 | Manchester to Hazel Grove | Evening off-peak
134397 -> 134378,134397,134378,Manchester to Hazel Grove,Night/Early morning off-peak,E01033947,Mersey Square,Grand Central,86,367.15399999999863,10.0,20.0,0.2,0.4993294399999982,20.0,53.0,80.0,134397 -> 134378 | Manchester to Hazel Grove | Night/Early morning off-peak
134397 -> 134378,134397,134378,Manchester to Hazel Grove,PM interpeak,E01033947,Mersey Square,Grand Central,94,367.15399999999863,20.5,35.0,0.35,0.8738265199999967,35.0,38.0,65.0,134397 -> 134378 | Manchester to Hazel Grove | PM interpeak
134397 -> 134378,134397,134378,Manchester to Hazel Grove,PM peak,E01033947,Mersey Square,Grand Central,138,367.15399999999863,19.0,31.0,0.31,0.7739606319999972,31.0,42.0,69.0,134397 -> 134378 | Manchester to Hazel Grove | PM peak
134448 -> 134160,134448,134160,Hazel Grove to Manchester,AM interpeak,E01005822,Grand Central,Mersey Square,144,452.952,12.0,19.0,0.19,0.5852139840000004,19.0,54.0,81.0,134448 -> 134160 | Hazel Grove to Manchester | AM interpeak
134448 -> 134160,134448,134160,Hazel Grove to Manchester,AM peak,E01005822,Grand Central,Mersey Square,96,452.9520000000002,17.0,32.0,0.32,0.9856235520000006,32.0,41.0,68.0,134448 -> 134160 | Hazel Grove to Manchester | AM peak
134448 -> 134160,134448,134160,Hazel Grove to Manchester,Evening off-peak,E01005822,Grand Central,Mersey Square,114,452.9520000000002,12.0,19.0,0.19,0.5852139840000004,19.0,54.0,81.0,134448 -> 134160 | Hazel Grove to Manchester | Evening off-peak
134448 -> 134160,134448,134160,Hazel Grove to Manchester,Night/Early morning off-peak,E01005822,Grand Central,Mersey Square,57,452.9520000000002,18.0,27.0,0.27,0.8316198720000004,27.0,46.0,73.0,134448 -> 134160 | Hazel Grove to Manchester | Night/Early morning off-peak
134448 -> 134160,134448,134160,Hazel Grove to Manchester,PM interpeak,E01005822,Grand Central,Mersey Square,91,452.9519999999999,13.0,20.0,0.2,0.6160147200000003,20.0,53.0,80.0,134448 -> 134160 | Hazel Grove to Manchester | PM interpeak
134448 -> 134160,134448,134160,Hazel Grove to Manchester,PM peak,E01005822,Grand Central,Mersey Square,139,452.9519999999999,13.0,22.0,0.22,0.6776161920000003,22.0,51.0,78.0,134448 -> 134160 | Hazel Grove to Manchester | PM peak
134448 -> 134281,134448,134281,Hazel Grove to Manchester,AM interpeak,E01005822,Grand Central,Garrick Theatre,1,161.78800000000047,10.0,10.0,0.1,0.11001584000000032,10.0,63.0,90.0,134448 -> 134281 | Hazel Grove to Manchester | AM interpeak
134448 -> 134281,134448,134281,Hazel Grove to Manchester,AM peak,E01005822,Grand Central,Garrick Theatre,2,161.78899999999976,5.0,6.6,0.066,0.07261090319999988,6.6000000000000005,66.4,93.4,134448 -> 134281 | Hazel Grove to Manchester | AM peak
134448 -> 134281,134448,134281,Hazel Grove to Manchester,Evening off-peak,E01005822,Grand Central,Garrick Theatre,9,161.78800000000047,7.0,23.6,0.23600000000000002,0.2596373824000007,23.6,49.4,76.4,134448 -> 134281 | Hazel Grove to Manchester | Evening off-peak
134448 -> 134281,134448,134281,Hazel Grove to Manchester,Night/Early morning off-peak,E01005822,Grand Central,Garrick Theatre,20,161.78800000000047,18.0,25.600000000000037,0.2560000000000004,0.28164055040000124,25.60000000000004,47.39999999999996,74.39999999999996,134448 -> 134281 | Hazel Grove to Manchester | Night/Early morning off-peak
134448 -> 134281,134448,134281,Hazel Grove to Manchester,PM peak,E01005822,Grand Central,Garrick Theatre,5,161.78800000000047,14.0,15.6,0.156,0.1716247104000005,15.6,57.4,84.4,134448 -> 134281 | Hazel Grove to Manchester | PM peak
134461 -> 135618,134461,135618,Hazel Grove to Manchester,AM interpeak,E01005917,Kingsgate,Belmont Way,193,303.16099999999994,11.0,16.0,0.16,0.32983916800000007,16.0,57.0,84.0,134461 -> 135618 | Hazel Grove to Manchester | AM interpeak
134461 -> 135618,134461,135618,Hazel Grove to Manchester,AM peak,E01005917,Kingsgate,Belmont Way,128,303.16099999999994,13.0,27.0,0.27,0.5566035959999984,27.0,46.0,73.0,134461 -> 135618 | Hazel Grove to Manchester | AM peak
134461 -> 135618,134461,135618,Hazel Grove to Manchester,Evening off-peak,E01005917,Kingsgate,Belmont Way,116,303.16099999999915,14.0,20.0,0.2,0.4122989599999988,20.0,53.0,80.0,134461 -> 135618 | Hazel Grove to Manchester | Evening off-peak
134461 -> 135618,134461,135618,Hazel Grove to Manchester,Night/Early morning off-peak,E01005917,Kingsgate,Belmont Way,85,303.16099999999994,15.0,28.0,0.28,0.577218544,28.000000000000004,45.0,72.0,134461 -> 135618 | Hazel Grove to Manchester | Night/Early morning off-peak
134461 -> 135618,134461,135618,Hazel Grove to Manchester,PM interpeak,E01005917,Kingsgate,Belmont Way,100,303.16100000000006,12.0,21.0,0.21,0.43291390799999874,21.0,52.0,79.0,134461 -> 135618 | Hazel Grove to Manchester | PM interpeak
134461 -> 135618,134461,135618,Hazel Grove to Manchester,PM peak,E01005917,Kingsgate,Belmont Way,140,303.16100000000006,14.0,23.0,0.23,0.47414380399999867,23.0,50.0,77.0,134461 -> 135618 | Hazel Grove to Manchester | PM peak
134517 -> 135617,134517,135617,Hazel Grove to Manchester,AM peak,E01005766,Wellington Road South,Stockport College,10,264.423,2.0,4.199999999999999,0.041999999999999996,0.0755192088,4.199999999999999,68.8,95.8,134517 -> 135617 | Hazel Grove to Manchester | AM peak
134517 -> 135617,134517,135617,Hazel Grove to Manchester,PM interpeak,E01005766,Wellington Road South,Stockport College,19,264.423,2.0,3.0,0.03,0.053942292,3.0,70.0,97.0,134517 -> 135617 | Hazel Grove to Manchester | PM interpeak
134517 -> 135617,134517,135617,Hazel Grove to Manchester,PM peak,E01005766,Wellington Road South,Stockport College,31,264.423,2.0,4.0,0.04,0.07192305600000001,4.0,69.0,96.0,134517 -> 135617 | Hazel Grove to Manchester | PM peak
135615 -> 135616,135615,135616,Hazel Grove to Manchester,AM interpeak,E01005760,Wellington Grove,Brentnall Street,145,331.0970000000002,11.0,18.0,0.18,0.40526272800000024,18.0,55.0,82.0,135615 -> 135616 | Hazel Grove to Manchester | AM interpeak
135615 -> 135616,135615,135616,Hazel Grove to Manchester,AM peak,E01005760,Wellington Grove,Brentnall Street,90,331.0970000000002,17.0,31.200000000000017,0.31200000000000017,0.7024553952000008,31.200000000000017,41.79999999999998,68.79999999999998,135615 -> 135616 | Hazel Grove to Manchester | AM peak
135615 -> 135616,135615,135616,Hazel Grove to Manchester,Evening off-peak,E01005760,Wellington Grove,Brentnall Street,126,331.0970000000002,10.0,15.5,0.155,0.3489762380000002,15.5,57.5,84.5,135615 -> 135616 | Hazel Grove to Manchester | Evening off-peak
135615 -> 135616,135615,135616,Hazel Grove to Manchester,Night/Early morning off-peak,E01005760,Wellington Grove,Brentnall Street,72,331.0970000000002,14.0,24.699999999999996,0.24699999999999997,0.5561105212000003,24.699999999999996,48.300000000000004,75.30000000000001,135615 -> 135616 | Hazel Grove to Manchester | Night/Early morning off-peak
135615 -> 135616,135615,135616,Hazel Grove to Manchester,PM interpeak,E01005760,Wellington Grove,Brentnall Street,73,331.0970000000002,14.0,21.0,0.21,0.47280651600000023,21.0,52.0,79.0,135615 -> 135616 | Hazel Grove to Manchester | PM interpeak
135615 -> 135616,135615,135616,Hazel Grove to Manchester,PM peak,E01005760,Wellington Grove,Brentnall Street,112,331.0970000000002,13.0,21.0,0.21,0.47280651600000023,21.0,52.0,79.0,135615 -> 135616 | Hazel Grove to Manchester | PM peak
135616 -> 135617,135616,135617,Hazel Grove to Manchester,AM interpeak,E01005766,Brentnall Street,Stockport College,145,253.7550000000001,11.0,19.0,0.19,0.32785146000000015,19.0,54.0,81.0,135616 -> 135617 | Hazel Grove to Manchester | AM interpeak
135616 -> 135617,135616,135617,Hazel Grove to Manchester,AM peak,E01005766,Brentnall Street,Stockport College,89,253.7550000000001,18.0,31.200000000000003,0.31200000000000006,0.5383666080000004,31.200000000000006,41.8,68.8,135616 -> 135617 | Hazel Grove to Manchester | AM peak
135616 -> 135617,135616,135617,Hazel Grove to Manchester,Evening off-peak,E01005766,Brentnall Street,Stockport College,126,253.7550000000001,10.5,16.5,0.165,0.2847131100000001,16.5,56.5,83.5,135616 -> 135617 | Hazel Grove to Manchester | Evening off-peak
135616 -> 135617,135616,135617,Hazel Grove to Manchester,Night/Early morning off-peak,E01005766,Brentnall Street,Stockport College,72,253.7550000000001,15.0,25.9,0.259,0.4469133060000002,25.900000000000002,47.1,74.1,135616 -> 135617 | Hazel Grove to Manchester | Night/Early morning off-peak
135616 -> 135617,135616,135617,Hazel Grove to Manchester,PM interpeak,E01005766,Brentnall Street,Stockport College,73,253.7550000000001,14.0,21.0,0.21,0.36236214000000017,21.0,52.0,79.0,135616 -> 135617 | Hazel Grove to Manchester | PM interpeak
135616 -> 135617,135616,135617,Hazel Grove to Manchester,PM peak,E01005766,Brentnall Street,Stockport College,113,253.7550000000001,14.0,21.0,0.21,0.36236214000000017,21.0,52.0,79.0,135616 -> 135617 | Hazel Grove to Manchester | PM peak
135617 -> 134448,135617,134448,Hazel Grove to Manchester,AM interpeak,E01005766,Stockport College,Grand Central,145,419.10899999999947,12.0,19.599999999999994,0.19599999999999995,0.5585884751999993,19.599999999999994,53.400000000000006,80.4,135617 -> 134448 | Hazel Grove to Manchester | AM interpeak
135617 -> 134448,135617,134448,Hazel Grove to Manchester,AM peak,E01005766,Stockport College,Grand Central,100,419.10899999999947,17.5,33.0,0.33,0.9404805959999989,33.0,40.0,67.0,135617 -> 134448 | Hazel Grove to Manchester | AM peak
135617 -> 134448,135617,134448,Hazel Grove to Manchester,Evening off-peak,E01005766,Stockport College,Grand Central,127,419.10899999999947,11.0,18.0,0.18,0.5129894159999994,18.0,55.0,82.0,135617 -> 134448 | Hazel Grove to Manchester | Evening off-peak
135617 -> 134448,135617,134448,Hazel Grove to Manchester,Night/Early morning off-peak,E01005766,Stockport College,Grand Central,71,419.10899999999947,16.0,26.0,0.26,0.740984711999999,26.0,47.0,74.0,135617 -> 134448 | Hazel Grove to Manchester | Night/Early morning off-peak
135617 -> 134448,135617,134448,Hazel Grove to Manchester,PM interpeak,E01005766,Stockport College,Grand Central,91,419.1089999999999,12.0,21.0,0.21,0.5984876519999992,21.0,52.0,79.0,135617 -> 134448 | Hazel Grove to Manchester | PM interpeak
135617 -> 134448,135617,134448,Hazel Grove to Manchester,PM peak,E01005766,Stockport College,Grand Central,144,419.1089999999999,13.0,21.0,0.21,0.5984876519999992,21.0,52.0,79.0,135617 -> 134448 | Hazel Grove to Manchester | PM peak
135618 -> 135619,135618,135619,Hazel Grove to Manchester,AM interpeak,E01005917,Belmont Way,Belmont Bridge,192,221.86,10.0,16.0,0.16,0.24138368000000066,16.0,57.0,84.0,135618 -> 135619 | Hazel Grove to Manchester | AM interpeak
135618 -> 135619,135618,135619,Hazel Grove to Manchester,AM peak,E01005917,Belmont Way,Belmont Bridge,129,221.86,13.0,26.0,0.26,0.392248480000001,26.0,47.0,74.0,135618 -> 135619 | Hazel Grove to Manchester | AM peak
135618 -> 135619,135618,135619,Hazel Grove to Manchester,Evening off-peak,E01005917,Belmont Way,Belmont Bridge,116,221.86000000000058,15.0,21.0,0.21,0.31681608000000083,21.0,52.0,79.0,135618 -> 135619 | Hazel Grove to Manchester | Evening off-peak
135618 -> 135619,135618,135619,Hazel Grove to Manchester,Night/Early morning off-peak,E01005917,Belmont Way,Belmont Bridge,84,221.86,15.0,30.0,0.3,0.4525944,30.0,43.0,70.0,135618 -> 135619 | Hazel Grove to Manchester | Night/Early morning off-peak
135618 -> 135619,135618,135619,Hazel Grove to Manchester,PM interpeak,E01005917,Belmont Way,Belmont Bridge,100,221.8599999999999,12.0,20.0,0.2,0.3017296000000008,20.0,53.0,80.0,135618 -> 135619 | Hazel Grove to Manchester | PM interpeak
135618 -> 135619,135618,135619,Hazel Grove to Manchester,PM peak,E01005917,Belmont Way,Belmont Bridge,141,221.8599999999999,14.0,24.0,0.24,0.36207551999999943,24.0,49.0,76.0,135618 -> 135619 | Hazel Grove to Manchester | PM peak
135619 -> 135620,135619,135620,Hazel Grove to Manchester,AM interpeak,E01005917,Belmont Bridge,Heaton Road,192,330.2460000000001,9.0,15.0,0.15,0.3368509200000001,15.0,58.0,85.0,135619 -> 135620 | Hazel Grove to Manchester | AM interpeak
135619 -> 135620,135619,135620,Hazel Grove to Manchester,AM peak,E01005917,Belmont Bridge,Heaton Road,128,330.2460000000001,12.5,25.299999999999997,0.25299999999999995,0.5681552184000002,25.299999999999994,47.7,74.7,135619 -> 135620 | Hazel Grove to Manchester | AM peak
135619 -> 135620,135619,135620,Hazel Grove to Manchester,Evening off-peak,E01005917,Belmont Bridge,Heaton Road,116,330.2460000000001,15.0,22.0,0.22,0.49404801600000015,22.0,51.0,78.0,135619 -> 135620 | Hazel Grove to Manchester | Evening off-peak
135619 -> 135620,135619,135620,Hazel Grove to Manchester,Night/Early morning off-peak,E01005917,Belmont Bridge,Heaton Road,84,330.2460000000001,16.5,31.0,0.31,0.6961585680000002,31.0,42.0,69.0,135619 -> 135620 | Hazel Grove to Manchester | Night/Early morning off-peak
135619 -> 135620,135619,135620,Hazel Grove to Manchester,PM interpeak,E01005917,Belmont Bridge,Heaton Road,100,330.2460000000001,12.0,20.0,0.2,0.4491345600000002,20.0,53.0,80.0,135619 -> 135620 | Hazel Grove to Manchester | PM interpeak
135619 -> 135620,135619,135620,Hazel Grove to Manchester,PM peak,E01005917,Belmont Bridge,Heaton Road,142,330.2460000000001,15.0,24.0,0.24,0.5389614720000001,24.0,49.0,76.0,135619 -> 135620 | Hazel Grove to Manchester | PM peak
135620 -> 134227,135620,134227,Hazel Grove to Manchester,AM interpeak,E01005916,Heaton Road,Warwick Road,192,335.4200000000001,9.0,14.0,0.14,0.31931984,14.000000000000002,59.0,86.0,135620 -> 134227 | Hazel Grove to Manchester | AM interpeak
135620 -> 134227,135620,134227,Hazel Grove to Manchester,AM peak,E01005916,Heaton Road,Warwick Road,128,335.4200000000001,12.5,24.0,0.24,0.54740544,24.0,49.0,76.0,135620 -> 134227 | Hazel Grove to Manchester | AM peak
135620 -> 134227,135620,134227,Hazel Grove to Manchester,Evening off-peak,E01005916,Heaton Road,Warwick Road,116,335.4200000000001,16.0,23.0,0.23,0.5245968800000002,23.0,50.0,77.0,135620 -> 134227 | Hazel Grove to Manchester | Evening off-peak
135620 -> 134227,135620,134227,Hazel Grove to Manchester,Night/Early morning off-peak,E01005916,Heaton Road,Warwick Road,84,335.4200000000001,17.0,31.0,0.31,0.7070653600000001,31.0,42.0,69.0,135620 -> 134227 | Hazel Grove to Manchester | Night/Early morning off-peak
135620 -> 134227,135620,134227,Hazel Grove to Manchester,PM interpeak,E01005916,Heaton Road,Warwick Road,100,335.4200000000001,12.0,19.0,0.19,0.4333626400000001,19.0,54.0,81.0,135620 -> 134227 | Hazel Grove to Manchester | PM interpeak
135620 -> 134227,135620,134227,Hazel Grove to Manchester,PM peak,E01005916,Heaton Road,Warwick Road,142,335.4200000000001,16.0,25.0,0.25,0.5702140000000001,25.0,48.0,75.0,135620 -> 134227 | Hazel Grove to Manchester | PM peak
135623 -> 135624,135623,135624,Hazel Grove to Manchester,AM interpeak,E01005798,Corbar Road,Kennerley Road,145,230.82900000000018,8.0,15.0,0.15,0.23544558000000018,15.0,58.0,85.0,135623 -> 135624 | Hazel Grove to Manchester | AM interpeak
135623 -> 135624,135623,135624,Hazel Grove to Manchester,AM peak,E01005798,Corbar Road,Kennerley Road,91,230.82900000000018,14.0,26.0,0.26,0.4081056720000003,26.0,47.0,74.0,135623 -> 135624 | Hazel Grove to Manchester | AM peak
135623 -> 135624,135623,135624,Hazel Grove to Manchester,Evening off-peak,E01005798,Corbar Road,Kennerley Road,125,230.82900000000018,8.0,12.0,0.12,0.18835646400000014,12.0,61.0,88.0,135623 -> 135624 | Hazel Grove to Manchester | Evening off-peak
135623 -> 135624,135623,135624,Hazel Grove to Manchester,Night/Early morning off-peak,E01005798,Corbar Road,Kennerley Road,72,230.82900000000018,11.5,20.9,0.209,0.3280541748000002,20.9,52.1,79.1,135623 -> 135624 | Hazel Grove to Manchester | Night/Early morning off-peak
135623 -> 135624,135623,135624,Hazel Grove to Manchester,PM interpeak,E01005798,Corbar Road,Kennerley Road,73,230.82899999999995,11.0,18.799999999999997,0.18799999999999997,0.29509179360000015,18.799999999999997,54.2,81.2,135623 -> 135624 | Hazel Grove to Manchester | PM interpeak
135623 -> 135624,135623,135624,Hazel Grove to Manchester,PM peak,E01005798,Corbar Road,Kennerley Road,112,230.82900000000018,10.5,19.0,0.19,0.2982310680000002,19.0,54.0,81.0,135623 -> 135624 | Hazel Grove to Manchester | PM peak
135624 -> 135625,135624,135625,Hazel Grove to Manchester,AM interpeak,E01005798,Kennerley Road,Duke of York,145,216.42999999999984,9.0,16.0,0.16,0.23547583999999985,16.0,57.0,84.0,135624 -> 135625 | Hazel Grove to Manchester | AM interpeak
135624 -> 135625,135624,135625,Hazel Grove to Manchester,AM peak,E01005798,Kennerley Road,Duke of York,91,216.42999999999984,14.0,27.0,0.27,0.3973654799999997,27.0,46.0,73.0,135624 -> 135625 | Hazel Grove to Manchester | AM peak
135624 -> 135625,135624,135625,Hazel Grove to Manchester,Evening off-peak,E01005798,Kennerley Road,Duke of York,124,216.42999999999984,8.0,14.0,0.14,0.20604135999999984,14.000000000000002,59.0,86.0,135624 -> 135625 | Hazel Grove to Manchester | Evening off-peak
135624 -> 135625,135624,135625,Hazel Grove to Manchester,Night/Early morning off-peak,E01005798,Kennerley Road,Duke of York,73,216.42999999999984,12.0,21.0,0.21,0.30906203999999976,21.0,52.0,79.0,135624 -> 135625 | Hazel Grove to Manchester | Night/Early morning off-peak
135624 -> 135625,135624,135625,Hazel Grove to Manchester,PM interpeak,E01005798,Kennerley Road,Duke of York,73,216.43100000000004,11.0,19.799999999999997,0.19799999999999998,0.2914013519999998,19.799999999999997,53.2,80.2,135624 -> 135625 | Hazel Grove to Manchester | PM interpeak
135624 -> 135625,135624,135625,Hazel Grove to Manchester,PM peak,E01005798,Kennerley Road,Duke of York,112,216.42999999999984,11.0,18.0,0.18,0.2649103199999998,18.0,55.0,82.0,135624 -> 135625 | Hazel Grove to Manchester | PM peak
135625 -> 135626,135625,135626,Hazel Grove to Manchester,AM interpeak,E01005797,Duke of York,Nangreave Road,145,188.91700000000037,10.0,16.599999999999994,0.16599999999999995,0.21324950960000033,16.599999999999994,56.400000000000006,83.4,135625 -> 135626 | Hazel Grove to Manchester | AM interpeak
135625 -> 135626,135625,135626,Hazel Grove to Manchester,AM peak,E01005797,Duke of York,Nangreave Road,91,188.91700000000037,15.0,29.0,0.29,0.3725443240000007,28.999999999999996,44.0,71.0,135625 -> 135626 | Hazel Grove to Manchester | AM peak
135625 -> 135626,135625,135626,Hazel Grove to Manchester,Evening off-peak,E01005797,Duke of York,Nangreave Road,125,188.91700000000037,9.0,15.0,0.15,0.19269534000000038,15.0,58.0,85.0,135625 -> 135626 | Hazel Grove to Manchester | Evening off-peak
135625 -> 135626,135625,135626,Hazel Grove to Manchester,Night/Early morning off-peak,E01005797,Duke of York,Nangreave Road,72,188.91700000000037,13.0,22.9,0.22899999999999998,0.29418155240000055,22.9,50.1,77.1,135625 -> 135626 | Hazel Grove to Manchester | Night/Early morning off-peak
135625 -> 135626,135625,135626,Hazel Grove to Manchester,PM interpeak,E01005797,Duke of York,Nangreave Road,73,188.91599999999994,12.0,19.799999999999997,0.19799999999999998,0.25435784880000045,19.799999999999997,53.2,80.2,135625 -> 135626 | Hazel Grove to Manchester | PM interpeak
135625 -> 135626,135625,135626,Hazel Grove to Manchester,PM peak,E01005797,Duke of York,Nangreave Road,112,188.91700000000037,11.5,19.0,0.19,0.24408076400000048,19.0,54.0,81.0,135625 -> 135626 | Hazel Grove to Manchester | PM peak
135626 -> 134130,135626,134130,Hazel Grove to Manchester,AM interpeak,E01005797,Nangreave Road,Bramhall Lane,145,176.04999999999973,11.0,17.0,0.17,0.2035137999999997,17.0,56.0,83.0,135626 -> 134130 | Hazel Grove to Manchester | AM interpeak
135626 -> 134130,135626,134130,Hazel Grove to Manchester,AM peak,E01005797,Nangreave Road,Bramhall Lane,91,176.04999999999973,16.0,30.0,0.3,0.35914199999999946,30.0,43.0,70.0,135626 -> 134130 | Hazel Grove to Manchester | AM peak
135626 -> 134130,135626,134130,Hazel Grove to Manchester,Evening off-peak,E01005797,Nangreave Road,Bramhall Lane,125,176.04999999999973,10.0,15.0,0.15,0.17957099999999973,15.0,58.0,85.0,135626 -> 134130 | Hazel Grove to Manchester | Evening off-peak
135626 -> 134130,135626,134130,Hazel Grove to Manchester,Night/Early morning off-peak,E01005797,Nangreave Road,Bramhall Lane,72,176.04999999999973,13.5,24.9,0.24899999999999997,0.2980878599999995,24.9,48.1,75.1,135626 -> 134130 | Hazel Grove to Manchester | Night/Early morning off-peak
135626 -> 134130,135626,134130,Hazel Grove to Manchester,PM interpeak,E01005797,Nangreave Road,Bramhall Lane,72,176.05049999999983,13.0,20.0,0.2,0.23942799999999967,20.0,53.0,80.0,135626 -> 134130 | Hazel Grove to Manchester | PM interpeak
135626 -> 134130,135626,134130,Hazel Grove to Manchester,PM peak,E01005797,Nangreave Road,Bramhall Lane,113,176.04999999999973,12.0,19.0,0.19,0.22745659999999968,19.0,54.0,81.0,135626 -> 134130 | Hazel Grove to Manchester | PM peak
135627 -> 134150,135627,134150,Hazel Grove to Manchester,AM interpeak,E01005838,Commercial Road,Mill Street,72,175.61300000000006,8.0,13.0,0.13,0.15524189200000005,13.0,60.0,87.0,135627 -> 134150 | Hazel Grove to Manchester | AM interpeak
135627 -> 134150,135627,134150,Hazel Grove to Manchester,AM peak,E01005838,Commercial Road,Mill Street,59,175.61300000000006,12.0,15.0,0.15,0.17912526000000006,15.0,58.0,85.0,135627 -> 134150 | Hazel Grove to Manchester | AM peak
135627 -> 134150,135627,134150,Hazel Grove to Manchester,Evening off-peak,E01005838,Commercial Road,Mill Street,104,175.61300000000006,4.0,9.0,0.09,0.10747515600000003,9.0,64.0,91.0,135627 -> 134150 | Hazel Grove to Manchester | Evening off-peak
135627 -> 134150,135627,134150,Hazel Grove to Manchester,Night/Early morning off-peak,E01005838,Commercial Road,Mill Street,72,175.61300000000006,5.0,11.0,0.11,0.13135852400000003,11.0,62.0,89.0,135627 -> 134150 | Hazel Grove to Manchester | Night/Early morning off-peak
135627 -> 134150,135627,134150,Hazel Grove to Manchester,PM interpeak,E01005838,Commercial Road,Mill Street,36,175.61300000000006,11.0,15.5,0.155,0.18509610200000007,15.5,57.5,84.5,135627 -> 134150 | Hazel Grove to Manchester | PM interpeak
135627 -> 134150,135627,134150,Hazel Grove to Manchester,PM peak,E01005838,Commercial Road,Mill Street,58,175.61300000000006,10.0,14.0,0.14,0.16718357600000003,14.000000000000002,59.0,86.0,135627 -> 134150 | Hazel Grove to Manchester | PM peak
135628 -> 135629,135628,135629,Hazel Grove to Manchester,AM interpeak,E01005801,The Crown,Cherry Tree Lane,144,337.1000000000001,6.0,15.0,0.15,0.34384200000000015,15.0,58.0,85.0,135628 -> 135629 | Hazel Grove to Manchester | AM interpeak
135628 -> 135629,135628,135629,Hazel Grove to Manchester,AM peak,E01005801,The Crown,Cherry Tree Lane,93,337.10000000000014,13.0,22.0,0.22,0.5043016000000001,22.0,51.0,78.0,135628 -> 135629 | Hazel Grove to Manchester | AM peak
135628 -> 135629,135628,135629,Hazel Grove to Manchester,Evening off-peak,E01005801,The Crown,Cherry Tree Lane,124,337.10000000000014,6.0,11.0,0.11,0.25215080000000006,11.0,62.0,89.0,135628 -> 135629 | Hazel Grove to Manchester | Evening off-peak
135628 -> 135629,135628,135629,Hazel Grove to Manchester,Night/Early morning off-peak,E01005801,The Crown,Cherry Tree Lane,73,337.10000000000014,8.0,15.0,0.15,0.34384200000000015,15.0,58.0,85.0,135628 -> 135629 | Hazel Grove to Manchester | Night/Early morning off-peak
135628 -> 135629,135628,135629,Hazel Grove to Manchester,PM interpeak,E01005801,The Crown,Cherry Tree Lane,73,337.10000000000014,8.0,17.799999999999997,0.17799999999999996,0.4080258400000001,17.799999999999997,55.2,82.2,135628 -> 135629 | Hazel Grove to Manchester | PM interpeak
135628 -> 135629,135628,135629,Hazel Grove to Manchester,PM peak,E01005801,The Crown,Cherry Tree Lane,111,337.10000000000014,8.0,17.0,0.17,0.38968760000000013,17.0,56.0,83.0,135628 -> 135629 | Hazel Grove to Manchester | PM peak
135629 -> 135631,135629,135631,Hazel Grove to Manchester,AM interpeak,E01005801,Cherry Tree Lane,Woodsmoor Lane,144,350.40749999999986,7.0,15.0,0.15,0.3574151399999997,15.0,58.0,85.0,135629 -> 135631 | Hazel Grove to Manchester | AM interpeak
135629 -> 135631,135629,135631,Hazel Grove to Manchester,AM peak,E01005801,Cherry Tree Lane,Woodsmoor Lane,93,350.4069999999997,13.0,23.0,0.23,0.5480365479999996,23.0,50.0,77.0,135629 -> 135631 | Hazel Grove to Manchester | AM peak
135629 -> 135631,135629,135631,Hazel Grove to Manchester,Evening off-peak,E01005801,Cherry Tree Lane,Woodsmoor Lane,125,350.4069999999997,6.0,11.0,0.11,0.2621044359999998,11.0,62.0,89.0,135629 -> 135631 | Hazel Grove to Manchester | Evening off-peak
135629 -> 135631,135629,135631,Hazel Grove to Manchester,Night/Early morning off-peak,E01005801,Cherry Tree Lane,Woodsmoor Lane,73,350.4069999999997,8.0,17.0,0.17,0.4050704919999996,17.0,56.0,83.0,135629 -> 135631 | Hazel Grove to Manchester | Night/Early morning off-peak
135629 -> 135631,135629,135631,Hazel Grove to Manchester,PM interpeak,E01005801,Cherry Tree Lane,Woodsmoor Lane,72,350.40749999999986,8.0,18.0,0.18,0.42889816799999964,18.0,55.0,82.0,135629 -> 135631 | Hazel Grove to Manchester | PM interpeak
135629 -> 135631,135629,135631,Hazel Grove to Manchester,PM peak,E01005801,Cherry Tree Lane,Woodsmoor Lane,111,350.4069999999997,9.0,18.0,0.18,0.42889816799999964,18.0,55.0,82.0,135629 -> 135631 | Hazel Grove to Manchester | PM peak
135630 -> 135628,135630,135628,Hazel Grove to Manchester,AM interpeak,E01005801,Sainsbury's,The Crown,72,349.374,11.0,15.899999999999999,0.15899999999999997,0.3777431688,15.899999999999997,57.1,84.1,135630 -> 135628 | Hazel Grove to Manchester | AM interpeak
135630 -> 135628,135630,135628,Hazel Grove to Manchester,AM peak,E01005801,Sainsbury's,The Crown,58,349.374,15.0,22.0,0.22,0.5226635040000001,22.0,51.0,78.0,135630 -> 135628 | Hazel Grove to Manchester | AM peak
135630 -> 135628,135630,135628,Hazel Grove to Manchester,Evening off-peak,E01005801,Sainsbury's,The Crown,105,349.374,6.0,10.0,0.1,0.23757432000000003,10.0,63.0,90.0,135630 -> 135628 | Hazel Grove to Manchester | Evening off-peak
135630 -> 135628,135630,135628,Hazel Grove to Manchester,Night/Early morning off-peak,E01005801,Sainsbury's,The Crown,72,349.374,7.5,13.899999999999999,0.13899999999999998,0.3302283047999999,13.899999999999999,59.1,86.1,135630 -> 135628 | Hazel Grove to Manchester | Night/Early morning off-peak
135630 -> 135628,135630,135628,Hazel Grove to Manchester,PM interpeak,E01005801,Sainsbury's,The Crown,37,349.374,15.0,19.0,0.19,0.45139120800000004,19.0,54.0,81.0,135630 -> 135628 | Hazel Grove to Manchester | PM interpeak
135630 -> 135628,135630,135628,Hazel Grove to Manchester,PM peak,E01005801,Sainsbury's,The Crown,57,349.374,13.0,18.0,0.18,0.427633776,18.0,55.0,82.0,135630 -> 135628 | Hazel Grove to Manchester | PM peak
135631 -> 135623,135631,135623,Hazel Grove to Manchester,AM interpeak,E01005801,Woodsmoor Lane,Corbar Road,145,302.46900000000005,8.0,16.0,0.16,0.32908627200000007,16.0,57.0,84.0,135631 -> 135623 | Hazel Grove to Manchester | AM interpeak
135631 -> 135623,135631,135623,Hazel Grove to Manchester,AM peak,E01005801,Woodsmoor Lane,Corbar Road,92,302.46900000000005,14.0,24.0,0.24,0.49362940800000005,24.0,49.0,76.0,135631 -> 135623 | Hazel Grove to Manchester | AM peak
135631 -> 135623,135631,135623,Hazel Grove to Manchester,Evening off-peak,E01005801,Woodsmoor Lane,Corbar Road,125,302.46900000000005,7.0,12.0,0.12,0.24681470400000002,12.0,61.0,88.0,135631 -> 135623 | Hazel Grove to Manchester | Evening off-peak
135631 -> 135623,135631,135623,Hazel Grove to Manchester,Night/Early morning off-peak,E01005801,Woodsmoor Lane,Corbar Road,72,302.46900000000005,10.5,17.0,0.17,0.34965416400000005,17.0,56.0,83.0,135631 -> 135623 | Hazel Grove to Manchester | Night/Early morning off-peak
135631 -> 135623,135631,135623,Hazel Grove to Manchester,PM interpeak,E01005801,Woodsmoor Lane,Corbar Road,73,302.46799999999996,10.0,19.0,0.19,0.39078994800000005,19.0,54.0,81.0,135631 -> 135623 | Hazel Grove to Manchester | PM interpeak
135631 -> 135623,135631,135623,Hazel Grove to Manchester,PM peak,E01005801,Woodsmoor Lane,Corbar Road,111,302.46900000000005,10.0,18.0,0.18,0.370222056,18.0,55.0,82.0,135631 -> 135623 | Hazel Grove to Manchester | PM peak
135632 -> 135678,135632,135678,Manchester to Hazel Grove,AM interpeak,E01005866,Langdale Road,Manchester Road,193,333.2330000000002,17.0,27.0,0.27,0.6118157880000004,27.0,46.0,73.0,135632 -> 135678 | Manchester to Hazel Grove | AM interpeak
135632 -> 135678,135632,135678,Manchester to Hazel Grove,AM peak,E01005866,Langdale Road,Manchester Road,107,333.2330000000002,27.0,67.80000000000001,0.6780000000000002,1.536337423200001,67.80000000000001,5.199999999999989,32.19999999999999,135632 -> 135678 | Manchester to Hazel Grove | AM peak
135632 -> 135678,135632,135678,Manchester to Hazel Grove,Evening off-peak,E01005866,Langdale Road,Manchester Road,147,333.2330000000002,7.0,15.0,0.15,0.33989766000000016,15.0,58.0,85.0,135632 -> 135678 | Manchester to Hazel Grove | Evening off-peak
135632 -> 135678,135632,135678,Manchester to Hazel Grove,Night/Early morning off-peak,E01005866,Langdale Road,Manchester Road,72,333.2330000000002,13.0,23.799999999999997,0.23799999999999996,0.5393042872000001,23.799999999999997,49.2,76.2,135632 -> 135678 | Manchester to Hazel Grove | Night/Early morning off-peak
135632 -> 135678,135632,135678,Manchester to Hazel Grove,PM interpeak,E01005866,Langdale Road,Manchester Road,96,333.2330000000002,28.0,45.0,0.45,1.0196929800000005,45.0,28.0,55.0,135632 -> 135678 | Manchester to Hazel Grove | PM interpeak
135632 -> 135678,135632,135678,Manchester to Hazel Grove,PM peak,E01005866,Langdale Road,Manchester Road,151,333.2330000000002,27.0,40.0,0.4,0.9063937600000005,40.0,33.0,60.0,135632 -> 135678 | Manchester to Hazel Grove | PM peak
135633 -> 135689,135633,135689,Manchester to Hazel Grove,AM interpeak,E01005836,Torkington Road,Hazel Grove Park & Ride,72,381.52000000000044,9.0,13.899999999999999,0.13899999999999998,0.36061270400000034,13.899999999999999,59.1,86.1,135633 -> 135689 | Manchester to Hazel Grove | AM interpeak
135633 -> 135689,135633,135689,Manchester to Hazel Grove,AM peak,E01005836,Torkington Road,Hazel Grove Park & Ride,60,381.52000000000044,7.0,15.0,0.15,0.38914948199999944,15.0,58.0,85.0,135633 -> 135689 | Manchester to Hazel Grove | AM peak
135633 -> 135689,135633,135689,Manchester to Hazel Grove,Evening off-peak,E01005836,Torkington Road,Hazel Grove Park & Ride,93,381.52000000000044,2.0,4.0,0.04,0.10377344000000012,4.0,69.0,96.0,135633 -> 135689 | Manchester to Hazel Grove | Evening off-peak
135633 -> 135689,135633,135689,Manchester to Hazel Grove,Night/Early morning off-peak,E01005836,Torkington Road,Hazel Grove Park & Ride,84,381.52000000000044,3.0,6.0,0.06,0.15566016000000016,6.0,67.0,94.0,135633 -> 135689 | Manchester to Hazel Grove | Night/Early morning off-peak
135633 -> 135689,135633,135689,Manchester to Hazel Grove,PM interpeak,E01005836,Torkington Road,Hazel Grove Park & Ride,37,381.52000000000044,12.0,17.4,0.174,0.4514144640000004,17.4,55.6,82.6,135633 -> 135689 | Manchester to Hazel Grove | PM interpeak
135633 -> 135689,135633,135689,Manchester to Hazel Grove,PM peak,E01005836,Torkington Road,Hazel Grove Park & Ride,57,381.52000000000044,3.0,6.0,0.06,0.15566016000000016,6.0,67.0,94.0,135633 -> 135689 | Manchester to Hazel Grove | PM peak
135634 -> 135635,135634,135635,Hazel Grove to Manchester,AM interpeak,E01005836,Norbury Church,School Street,72,268.8109999999999,4.0,6.0,0.06,0.10967488799999996,6.0,67.0,94.0,135634 -> 135635 | Hazel Grove to Manchester | AM interpeak
135634 -> 135635,135634,135635,Hazel Grove to Manchester,AM peak,E01005836,Norbury Church,School Street,60,268.8109999999999,5.0,8.0,0.08,0.14623318399999996,8.0,65.0,92.0,135634 -> 135635 | Hazel Grove to Manchester | AM peak
135634 -> 135635,135634,135635,Hazel Grove to Manchester,Evening off-peak,E01005836,Norbury Church,School Street,102,268.8109999999999,2.0,4.0,0.04,0.07311659199999998,4.0,69.0,96.0,135634 -> 135635 | Hazel Grove to Manchester | Evening off-peak
135634 -> 135635,135634,135635,Hazel Grove to Manchester,Night/Early morning off-peak,E01005836,Norbury Church,School Street,72,268.8109999999999,2.0,5.0,0.05,0.09139573999999998,5.0,68.0,95.0,135634 -> 135635 | Hazel Grove to Manchester | Night/Early morning off-peak
135634 -> 135635,135634,135635,Hazel Grove to Manchester,PM interpeak,E01005836,Norbury Church,School Street,36,268.8109999999999,5.0,7.0,0.07,0.12795403599999997,7.000000000000001,66.0,93.0,135634 -> 135635 | Hazel Grove to Manchester | PM interpeak
135634 -> 135635,135634,135635,Hazel Grove to Manchester,PM peak,E01005836,Norbury Church,School Street,59,268.8109999999999,4.0,6.0,0.06,0.10967488799999996,6.0,67.0,94.0,135634 -> 135635 | Hazel Grove to Manchester | PM peak
135635 -> 135637,135635,135637,Hazel Grove to Manchester,AM interpeak,E01005840,School Street,Queens Road,72,203.05500000000006,6.0,8.0,0.08,0.11046192000000005,8.0,65.0,92.0,135635 -> 135637 | Hazel Grove to Manchester | AM interpeak
135635 -> 135637,135635,135637,Hazel Grove to Manchester,AM peak,E01005840,School Street,Queens Road,59,203.05500000000006,7.0,12.200000000000003,0.12200000000000003,0.16845442800000007,12.200000000000003,60.8,87.8,135635 -> 135637 | Hazel Grove to Manchester | AM peak
135635 -> 135637,135635,135637,Hazel Grove to Manchester,Evening off-peak,E01005840,School Street,Queens Road,104,203.05500000000006,3.0,6.0,0.06,0.08284644000000002,6.0,67.0,94.0,135635 -> 135637 | Hazel Grove to Manchester | Evening off-peak
135635 -> 135637,135635,135637,Hazel Grove to Manchester,Night/Early morning off-peak,E01005840,School Street,Queens Road,72,203.05500000000006,3.0,7.0,0.07,0.09665418000000003,7.000000000000001,66.0,93.0,135635 -> 135637 | Hazel Grove to Manchester | Night/Early morning off-peak
135635 -> 135637,135635,135637,Hazel Grove to Manchester,PM interpeak,E01005840,School Street,Queens Road,36,203.05500000000006,7.0,10.0,0.1,0.13807740000000004,10.0,63.0,90.0,135635 -> 135637 | Hazel Grove to Manchester | PM interpeak
135635 -> 135637,135635,135637,Hazel Grove to Manchester,PM peak,E01005840,School Street,Queens Road,58,203.05500000000006,6.0,9.300000000000004,0.09300000000000004,0.1284119820000001,9.300000000000004,63.699999999999996,90.69999999999999,135635 -> 135637 | Hazel Grove to Manchester | PM peak
135636 -> 135628,135636,135628,Hazel Grove to Manchester,AM interpeak,E01005801,Stepping Hill Hospital,The Crown,72,303.274,2.0,3.0,0.03,0.06186789599999999,3.0,70.0,97.0,135636 -> 135628 | Hazel Grove to Manchester | AM interpeak
135636 -> 135628,135636,135628,Hazel Grove to Manchester,AM peak,E01005801,Stepping Hill Hospital,The Crown,34,303.274,2.0,4.0,0.04,0.08249052800000001,4.0,69.0,96.0,135636 -> 135628 | Hazel Grove to Manchester | AM peak
135636 -> 135628,135636,135628,Hazel Grove to Manchester,Evening off-peak,E01005801,Stepping Hill Hospital,The Crown,20,303.274,0.5,2.1000000000000014,0.021000000000000015,0.04330752720000003,2.1000000000000014,70.9,97.9,135636 -> 135628 | Hazel Grove to Manchester | Evening off-peak
135636 -> 135628,135636,135628,Hazel Grove to Manchester,Night/Early morning off-peak,E01005801,Stepping Hill Hospital,The Crown,1,303.274,1.0,1.0,0.01,0.020622632000000002,1.0,72.0,99.0,135636 -> 135628 | Hazel Grove to Manchester | Night/Early morning off-peak
135636 -> 135628,135636,135628,Hazel Grove to Manchester,PM interpeak,E01005801,Stepping Hill Hospital,The Crown,36,303.274,2.5,4.0,0.04,0.08249052800000001,4.0,69.0,96.0,135636 -> 135628 | Hazel Grove to Manchester | PM interpeak
135636 -> 135628,135636,135628,Hazel Grove to Manchester,PM peak,E01005801,Stepping Hill Hospital,The Crown,54,303.274,2.0,4.0,0.04,0.08249052800000001,4.0,69.0,96.0,135636 -> 135628 | Hazel Grove to Manchester | PM peak
135637 -> 135627,135637,135627,Hazel Grove to Manchester,AM interpeak,E01005840,Queens Road,Commercial Road,72,432.606,7.0,10.899999999999999,0.10899999999999999,0.3206475671999999,10.899999999999999,62.1,89.1,135637 -> 135627 | Hazel Grove to Manchester | AM interpeak
135637 -> 135627,135637,135627,Hazel Grove to Manchester,AM peak,E01005840,Queens Road,Commercial Road,59,432.606,9.0,14.0,0.14,0.41184091199999995,14.000000000000002,59.0,86.0,135637 -> 135627 | Hazel Grove to Manchester | AM peak
135637 -> 135627,135637,135627,Hazel Grove to Manchester,Evening off-peak,E01005840,Queens Road,Commercial Road,104,432.606,3.0,8.0,0.08,0.235337664,8.0,65.0,92.0,135637 -> 135627 | Hazel Grove to Manchester | Evening off-peak
135637 -> 135627,135637,135627,Hazel Grove to Manchester,Night/Early morning off-peak,E01005840,Queens Road,Commercial Road,72,432.606,4.0,9.0,0.09,0.264754872,9.0,64.0,91.0,135637 -> 135627 | Hazel Grove to Manchester | Night/Early morning off-peak
135637 -> 135627,135637,135627,Hazel Grove to Manchester,PM interpeak,E01005840,Queens Road,Commercial Road,36,432.606,10.0,12.0,0.12,0.35300649599999995,12.0,61.0,88.0,135637 -> 135627 | Hazel Grove to Manchester | PM interpeak
135637 -> 135627,135637,135627,Hazel Grove to Manchester,PM peak,E01005840,Queens Road,Commercial Road,58,432.606,8.0,12.0,0.12,0.35300649599999995,12.0,61.0,88.0,135637 -> 135627 | Hazel Grove to Manchester | PM peak
135665 -> 135666,135665,135666,Manchester to Hazel Grove,AM interpeak,E01005877,Longshut Lane,Bramhall Lane,145,396.8090000000011,15.0,25.0,0.25,0.6745753000000019,25.0,48.0,75.0,135665 -> 135666 | Manchester to Hazel Grove | AM interpeak
135665 -> 135666,135665,135666,Manchester to Hazel Grove,AM peak,E01005877,Longshut Lane,Bramhall Lane,101,396.8090000000011,13.0,39.0,0.39,1.052337468000003,39.0,34.0,61.0,135665 -> 135666 | Manchester to Hazel Grove | AM peak
135665 -> 135666,135665,135666,Manchester to Hazel Grove,Evening off-peak,E01005877,Longshut Lane,Bramhall Lane,110,396.8090000000011,6.0,11.0,0.11,0.29681313200000087,11.0,62.0,89.0,135665 -> 135666 | Manchester to Hazel Grove | Evening off-peak
135665 -> 135666,135665,135666,Manchester to Hazel Grove,Night/Early morning off-peak,E01005877,Longshut Lane,Bramhall Lane,85,396.8090000000011,8.0,15.0,0.15,0.40474518000000115,15.0,58.0,85.0,135665 -> 135666 | Manchester to Hazel Grove | Night/Early morning off-peak
135665 -> 135666,135665,135666,Manchester to Hazel Grove,PM interpeak,E01005877,Longshut Lane,Bramhall Lane,71,396.8090000000011,16.0,27.0,0.27,0.7285413240000022,27.0,46.0,73.0,135665 -> 135666 | Manchester to Hazel Grove | PM interpeak
135665 -> 135666,135665,135666,Manchester to Hazel Grove,PM peak,E01005877,Longshut Lane,Bramhall Lane,110,396.8090000000011,12.0,23.10000000000001,0.2310000000000001,0.6233075772000021,23.10000000000001,49.89999999999999,76.89999999999999,135665 -> 135666 | Manchester to Hazel Grove | PM peak
135666 -> 135667,135666,135667,Manchester to Hazel Grove,AM interpeak,E01005877,Bramhall Lane,Nangreave Road,144,258.0689999999995,14.0,23.0,0.23,0.40361991599999925,23.0,50.0,77.0,135666 -> 135667 | Manchester to Hazel Grove | AM interpeak
135666 -> 135667,135666,135667,Manchester to Hazel Grove,AM peak,E01005877,Bramhall Lane,Nangreave Road,100,258.0689999999995,11.0,34.10000000000001,0.3410000000000001,0.5984103971999989,34.10000000000001,38.89999999999999,65.89999999999999,135666 -> 135667 | Manchester to Hazel Grove | AM peak
135666 -> 135667,135666,135667,Manchester to Hazel Grove,Evening off-peak,E01005877,Bramhall Lane,Nangreave Road,110,258.0689999999995,4.5,10.0,0.1,0.17548691999999966,10.0,63.0,90.0,135666 -> 135667 | Manchester to Hazel Grove | Evening off-peak
135666 -> 135667,135666,135667,Manchester to Hazel Grove,Night/Early morning off-peak,E01005877,Bramhall Lane,Nangreave Road,85,258.0689999999995,8.0,14.0,0.14,0.2456816879999995,14.000000000000002,59.0,86.0,135666 -> 135667 | Manchester to Hazel Grove | Night/Early morning off-peak
135666 -> 135667,135666,135667,Manchester to Hazel Grove,PM interpeak,E01005877,Bramhall Lane,Nangreave Road,73,258.0689999999995,15.0,25.0,0.25,0.43871729999999914,25.0,48.0,75.0,135666 -> 135667 | Manchester to Hazel Grove | PM interpeak
135666 -> 135667,135666,135667,Manchester to Hazel Grove,PM peak,E01005877,Bramhall Lane,Nangreave Road,110,258.0689999999995,10.0,21.0,0.21,0.36852253199999924,21.0,52.0,79.0,135666 -> 135667 | Manchester to Hazel Grove | PM peak
135667 -> 135668,135667,135668,Manchester to Hazel Grove,AM interpeak,E01005825,Nangreave Road,Kennerley Road,144,227.60499999999956,13.0,21.0,0.21,0.32501993999999934,21.0,52.0,79.0,135667 -> 135668 | Manchester to Hazel Grove | AM interpeak
135667 -> 135668,135667,135668,Manchester to Hazel Grove,AM peak,E01005825,Nangreave Road,Kennerley Road,102,227.60499999999956,10.5,31.900000000000006,0.31900000000000006,0.4937209767999993,31.900000000000006,41.099999999999994,68.1,135667 -> 135668 | Manchester to Hazel Grove | AM peak
135667 -> 135668,135667,135668,Manchester to Hazel Grove,Evening off-peak,E01005825,Nangreave Road,Kennerley Road,111,227.60499999999956,4.0,9.0,0.09,0.13929425999999973,9.0,64.0,91.0,135667 -> 135668 | Manchester to Hazel Grove | Evening off-peak
135667 -> 135668,135667,135668,Manchester to Hazel Grove,Night/Early morning off-peak,E01005825,Nangreave Road,Kennerley Road,83,227.60499999999956,7.0,13.799999999999997,0.13799999999999998,0.21358453199999952,13.799999999999999,59.2,86.2,135667 -> 135668 | Manchester to Hazel Grove | Night/Early morning off-peak
135667 -> 135668,135667,135668,Manchester to Hazel Grove,PM interpeak,E01005825,Nangreave Road,Kennerley Road,72,227.60499999999956,14.0,22.0,0.22,0.34049707999999934,22.0,51.0,78.0,135667 -> 135668 | Manchester to Hazel Grove | PM interpeak
135667 -> 135668,135667,135668,Manchester to Hazel Grove,PM peak,E01005825,Nangreave Road,Kennerley Road,110,227.60499999999956,9.0,18.0,0.18,0.27858851999999945,18.0,55.0,82.0,135667 -> 135668 | Manchester to Hazel Grove | PM peak
135668 -> 135669,135668,135669,Manchester to Hazel Grove,AM interpeak,E01005825,Kennerley Road,Corbar Road,144,284.28399999999965,12.0,18.700000000000017,0.18700000000000017,0.36149553439999993,18.700000000000017,54.29999999999998,81.29999999999998,135668 -> 135669 | Manchester to Hazel Grove | AM interpeak
135668 -> 135669,135668,135669,Manchester to Hazel Grove,AM peak,E01005825,Kennerley Road,Corbar Road,102,284.28399999999965,9.0,27.0,0.27,0.5219454239999993,27.0,46.0,73.0,135668 -> 135669 | Manchester to Hazel Grove | AM peak
135668 -> 135669,135668,135669,Manchester to Hazel Grove,Evening off-peak,E01005825,Kennerley Road,Corbar Road,111,284.28399999999965,4.0,9.0,0.09,0.1739818079999998,9.0,64.0,91.0,135668 -> 135669 | Manchester to Hazel Grove | Evening off-peak
135668 -> 135669,135668,135669,Manchester to Hazel Grove,Night/Early morning off-peak,E01005825,Kennerley Road,Corbar Road,83,284.28399999999965,7.0,12.799999999999997,0.12799999999999997,0.24744079359999965,12.799999999999997,60.2,87.2,135668 -> 135669 | Manchester to Hazel Grove | Night/Early morning off-peak
135668 -> 135669,135668,135669,Manchester to Hazel Grove,PM interpeak,E01005825,Kennerley Road,Corbar Road,72,284.28399999999965,13.0,21.0,0.21,0.4059575519999995,21.0,52.0,79.0,135668 -> 135669 | Manchester to Hazel Grove | PM interpeak
135668 -> 135669,135668,135669,Manchester to Hazel Grove,PM peak,E01005825,Kennerley Road,Corbar Road,110,284.28399999999965,8.0,15.0,0.15,0.2899696799999996,15.0,58.0,85.0,135668 -> 135669 | Manchester to Hazel Grove | PM peak
135669 -> 135670,135669,135670,Manchester to Hazel Grove,AM interpeak,E01005825,Corbar Road,Woodsmoor Lane,144,419.746000000001,11.0,17.0,0.17,0.4852263760000011,17.0,56.0,83.0,135669 -> 135670 | Manchester to Hazel Grove | AM interpeak
135669 -> 135670,135669,135670,Manchester to Hazel Grove,AM peak,E01005825,Corbar Road,Woodsmoor Lane,101,419.746000000001,9.0,26.0,0.26,0.7421109280000018,26.0,47.0,74.0,135669 -> 135670 | Manchester to Hazel Grove | AM peak
135669 -> 135670,135669,135670,Manchester to Hazel Grove,Evening off-peak,E01005825,Corbar Road,Woodsmoor Lane,110,419.746000000001,4.0,8.0,0.08,0.22834182400000055,8.0,65.0,92.0,135669 -> 135670 | Manchester to Hazel Grove | Evening off-peak
135669 -> 135670,135669,135670,Manchester to Hazel Grove,Night/Early morning off-peak,E01005825,Corbar Road,Woodsmoor Lane,85,419.746000000001,6.0,12.0,0.12,0.3425127360000008,12.0,61.0,88.0,135669 -> 135670 | Manchester to Hazel Grove | Night/Early morning off-peak
135669 -> 135670,135669,135670,Manchester to Hazel Grove,PM interpeak,E01005825,Corbar Road,Woodsmoor Lane,72,419.746000000001,12.0,19.9,0.19899999999999998,0.5680002872000014,19.9,53.1,80.1,135669 -> 135670 | Manchester to Hazel Grove | PM interpeak
135669 -> 135670,135669,135670,Manchester to Hazel Grove,PM peak,E01005825,Corbar Road,Woodsmoor Lane,110,419.746000000001,7.0,13.0,0.13,0.3710554640000009,13.0,60.0,87.0,135669 -> 135670 | Manchester to Hazel Grove | PM peak
135670 -> 135671,135670,135671,Manchester to Hazel Grove,AM interpeak,E01005830,Woodsmoor Lane,Cherry Tree Lane,144,332.5100000000002,10.0,17.0,0.17,0.3843815600000002,17.0,56.0,83.0,135670 -> 135671 | Manchester to Hazel Grove | AM interpeak
135670 -> 135671,135670,135671,Manchester to Hazel Grove,AM peak,E01005830,Woodsmoor Lane,Cherry Tree Lane,100,332.5100000000002,8.0,24.10000000000001,0.24100000000000008,0.5449173880000004,24.10000000000001,48.89999999999999,75.89999999999999,135670 -> 135671 | Manchester to Hazel Grove | AM peak
135670 -> 135671,135670,135671,Manchester to Hazel Grove,Evening off-peak,E01005830,Woodsmoor Lane,Cherry Tree Lane,110,332.5100000000002,3.0,7.0,0.07,0.1582747600000001,7.000000000000001,66.0,93.0,135670 -> 135671 | Manchester to Hazel Grove | Evening off-peak
135670 -> 135671,135670,135671,Manchester to Hazel Grove,Night/Early morning off-peak,E01005830,Woodsmoor Lane,Cherry Tree Lane,85,332.5100000000002,5.0,11.0,0.11,0.24871748000000016,11.0,62.0,89.0,135670 -> 135671 | Manchester to Hazel Grove | Night/Early morning off-peak
135670 -> 135671,135670,135671,Manchester to Hazel Grove,PM interpeak,E01005830,Woodsmoor Lane,Cherry Tree Lane,72,332.5100000000002,11.0,18.0,0.18,0.4069922400000002,18.0,55.0,82.0,135670 -> 135671 | Manchester to Hazel Grove | PM interpeak
135670 -> 135671,135670,135671,Manchester to Hazel Grove,PM peak,E01005830,Woodsmoor Lane,Cherry Tree Lane,111,332.5100000000002,6.0,11.0,0.11,0.24871748000000016,11.0,62.0,89.0,135670 -> 135671 | Manchester to Hazel Grove | PM peak
135671 -> 135672,135671,135672,Manchester to Hazel Grove,AM interpeak,E01005831,Cherry Tree Lane,The Crown,144,245.95999999999913,10.0,15.0,0.15,0.25087919999999914,15.0,58.0,85.0,135671 -> 135672 | Manchester to Hazel Grove | AM interpeak
135671 -> 135672,135671,135672,Manchester to Hazel Grove,AM peak,E01005831,Cherry Tree Lane,The Crown,100,245.95999999999913,8.0,22.10000000000001,0.22100000000000009,0.3696286879999988,22.10000000000001,50.89999999999999,77.89999999999999,135671 -> 135672 | Manchester to Hazel Grove | AM peak
135671 -> 135672,135671,135672,Manchester to Hazel Grove,Evening off-peak,E01005831,Cherry Tree Lane,The Crown,112,245.95999999999913,3.0,7.0,0.07,0.11707695999999958,7.000000000000001,66.0,93.0,135671 -> 135672 | Manchester to Hazel Grove | Evening off-peak
135671 -> 135672,135671,135672,Manchester to Hazel Grove,Night/Early morning off-peak,E01005831,Cherry Tree Lane,The Crown,84,245.95999999999913,5.0,11.0,0.11,0.18397807999999935,11.0,62.0,89.0,135671 -> 135672 | Manchester to Hazel Grove | Night/Early morning off-peak
135671 -> 135672,135671,135672,Manchester to Hazel Grove,PM interpeak,E01005831,Cherry Tree Lane,The Crown,72,245.95999999999913,11.0,16.9,0.16899999999999998,0.282657231999999,16.9,56.1,83.1,135671 -> 135672 | Manchester to Hazel Grove | PM interpeak
135671 -> 135672,135671,135672,Manchester to Hazel Grove,PM peak,E01005831,Cherry Tree Lane,The Crown,110,245.95999999999913,5.0,10.0,0.1,0.16725279999999942,10.0,63.0,90.0,135671 -> 135672 | Manchester to Hazel Grove | PM peak
135672 -> 135636,135672,135636,Manchester to Hazel Grove,AM interpeak,E01005831,The Crown,Stepping Hill Hospital,72,401.02400000000125,8.0,12.0,0.12,0.327235584000001,12.0,61.0,88.0,135672 -> 135636 | Manchester to Hazel Grove | AM interpeak
135672 -> 135636,135672,135636,Manchester to Hazel Grove,AM peak,E01005831,The Crown,Stepping Hill Hospital,37,401.02400000000125,4.0,8.0,0.08,0.2181570560000007,8.0,65.0,92.0,135672 -> 135636 | Manchester to Hazel Grove | AM peak
135672 -> 135636,135672,135636,Manchester to Hazel Grove,Evening off-peak,E01005831,The Crown,Stepping Hill Hospital,20,401.02400000000125,2.0,4.100000000000001,0.041000000000000016,0.1118054912000004,4.100000000000001,68.9,95.9,135672 -> 135636 | Manchester to Hazel Grove | Evening off-peak
135672 -> 135636,135672,135636,Manchester to Hazel Grove,Night/Early morning off-peak,E01005831,The Crown,Stepping Hill Hospital,1,401.02400000000125,0.0,0.0,0.0,0.0,0.0,73.0,100.0,135672 -> 135636 | Manchester to Hazel Grove | Night/Early morning off-peak
135672 -> 135636,135672,135636,Manchester to Hazel Grove,PM interpeak,E01005831,The Crown,Stepping Hill Hospital,36,401.02400000000125,11.0,16.0,0.16,0.4363141120000014,16.0,57.0,84.0,135672 -> 135636 | Manchester to Hazel Grove | PM interpeak
135672 -> 135636,135672,135636,Manchester to Hazel Grove,PM peak,E01005831,The Crown,Stepping Hill Hospital,53,401.02400000000125,3.0,6.0,0.06,0.1636177920000005,6.0,67.0,94.0,135672 -> 135636 | Manchester to Hazel Grove | PM peak
135672 -> 135673,135672,135673,Manchester to Hazel Grove,AM interpeak,E01005831,The Crown,Sainsbury's,72,513.9050000000007,11.0,16.0,0.16,0.5591286400000007,16.0,57.0,84.0,135672 -> 135673 | Manchester to Hazel Grove | AM interpeak
135672 -> 135673,135672,135673,Manchester to Hazel Grove,AM peak,E01005831,The Crown,Sainsbury's,63,513.9050000000007,9.0,22.800000000000004,0.22800000000000006,0.7967583120000011,22.800000000000008,50.199999999999996,77.19999999999999,135672 -> 135673 | Manchester to Hazel Grove | AM peak
135672 -> 135673,135672,135673,Manchester to Hazel Grove,Evening off-peak,E01005831,The Crown,Sainsbury's,92,513.9050000000007,3.0,6.0,0.06,0.20967324000000023,6.0,67.0,94.0,135672 -> 135673 | Manchester to Hazel Grove | Evening off-peak
135672 -> 135673,135672,135673,Manchester to Hazel Grove,Night/Early morning off-peak,E01005831,The Crown,Sainsbury's,83,513.9050000000007,5.0,10.0,0.1,0.3494554000000004,10.0,63.0,90.0,135672 -> 135673 | Manchester to Hazel Grove | Night/Early morning off-peak
135672 -> 135673,135672,135673,Manchester to Hazel Grove,PM interpeak,E01005831,The Crown,Sainsbury's,36,513.9050000000007,11.5,15.5,0.155,0.5416558700000007,15.5,57.5,84.5,135672 -> 135673 | Manchester to Hazel Grove | PM interpeak
135672 -> 135673,135672,135673,Manchester to Hazel Grove,PM peak,E01005831,The Crown,Sainsbury's,57,513.9050000000007,6.0,10.799999999999997,0.10799999999999997,0.37741183200000034,10.799999999999997,62.2,89.2,135672 -> 135673 | Manchester to Hazel Grove | PM peak
135673 -> 135674,135673,135674,Manchester to Hazel Grove,AM interpeak,E01005831,Sainsbury's,Brewers Green,72,161.0660000000007,10.0,14.899999999999999,0.149,0.1631920712000007,14.899999999999999,58.1,85.1,135673 -> 135674 | Manchester to Hazel Grove | AM interpeak
135673 -> 135674,135673,135674,Manchester to Hazel Grove,AM peak,E01005831,Sainsbury's,Brewers Green,62,161.0660000000007,9.0,21.0,0.21,0.230002248000001,21.0,52.0,79.0,135673 -> 135674 | Manchester to Hazel Grove | AM peak
135673 -> 135674,135673,135674,Manchester to Hazel Grove,Evening off-peak,E01005831,Sainsbury's,Brewers Green,93,161.0660000000007,3.0,6.0,0.06,0.06571492800000028,6.0,67.0,94.0,135673 -> 135674 | Manchester to Hazel Grove | Evening off-peak
135673 -> 135674,135673,135674,Manchester to Hazel Grove,Night/Early morning off-peak,E01005831,Sainsbury's,Brewers Green,83,161.0660000000007,4.0,9.799999999999997,0.09799999999999998,0.10733438240000044,9.799999999999997,63.2,90.2,135673 -> 135674 | Manchester to Hazel Grove | Night/Early morning off-peak
135673 -> 135674,135673,135674,Manchester to Hazel Grove,PM interpeak,E01005831,Sainsbury's,Brewers Green,37,161.0660000000007,11.0,17.0,0.17,0.1861927584000005,17.0,56.0,83.0,135673 -> 135674 | Manchester to Hazel Grove | PM interpeak
135673 -> 135674,135673,135674,Manchester to Hazel Grove,PM peak,E01005831,Sainsbury's,Brewers Green,56,161.0660000000007,5.0,9.0,0.09,0.09857239200000043,9.0,64.0,91.0,135673 -> 135674 | Manchester to Hazel Grove | PM peak
135674 -> 135675,135674,135675,Manchester to Hazel Grove,AM interpeak,E01005838,Brewers Green,Commercial Road,72,228.27799999999843,10.0,14.0,0.14,0.2173206559999985,14.000000000000002,59.0,86.0,135674 -> 135675 | Manchester to Hazel Grove | AM interpeak
135674 -> 135675,135674,135675,Manchester to Hazel Grove,AM peak,E01005838,Brewers Green,Commercial Road,62,228.27799999999843,9.0,21.0,0.21,0.32598098399999775,21.0,52.0,79.0,135674 -> 135675 | Manchester to Hazel Grove | AM peak
135674 -> 135675,135674,135675,Manchester to Hazel Grove,Evening off-peak,E01005838,Brewers Green,Commercial Road,94,228.27799999999843,3.0,5.0,0.05,0.07761451999999947,5.0,68.0,95.0,135674 -> 135675 | Manchester to Hazel Grove | Evening off-peak
135674 -> 135675,135674,135675,Manchester to Hazel Grove,Night/Early morning off-peak,E01005838,Brewers Green,Commercial Road,83,228.27799999999843,4.0,9.0,0.09,0.13970613599999904,9.0,64.0,91.0,135674 -> 135675 | Manchester to Hazel Grove | Night/Early morning off-peak
135674 -> 135675,135674,135675,Manchester to Hazel Grove,PM interpeak,E01005838,Brewers Green,Commercial Road,37,228.27799999999843,12.0,18.0,0.18,0.2794122719999981,18.0,55.0,82.0,135674 -> 135675 | Manchester to Hazel Grove | PM interpeak
135674 -> 135675,135674,135675,Manchester to Hazel Grove,PM peak,E01005838,Brewers Green,Commercial Road,55,228.27799999999843,5.0,9.0,0.09,0.13970613599999904,9.0,64.0,91.0,135674 -> 135675 | Manchester to Hazel Grove | PM peak
135675 -> 135676,135675,135676,Manchester to Hazel Grove,AM interpeak,E01005838,Commercial Road,Queens Road,72,331.5750000000007,9.0,14.899999999999999,0.149,0.3359517900000007,14.899999999999999,58.1,85.1,135675 -> 135676 | Manchester to Hazel Grove | AM interpeak
135675 -> 135676,135675,135676,Manchester to Hazel Grove,AM peak,E01005838,Commercial Road,Queens Road,62,331.5750000000007,8.5,18.0,0.18,0.40584902400000006,18.0,55.0,82.0,135675 -> 135676 | Manchester to Hazel Grove | AM peak
135675 -> 135676,135675,135676,Manchester to Hazel Grove,Evening off-peak,E01005838,Commercial Road,Queens Road,93,331.5750000000007,3.0,5.0,0.05,0.11273550000000025,5.0,68.0,95.0,135675 -> 135676 | Manchester to Hazel Grove | Evening off-peak
135675 -> 135676,135675,135676,Manchester to Hazel Grove,Night/Early morning off-peak,E01005838,Commercial Road,Queens Road,84,331.5750000000007,3.0,8.0,0.08,0.18037680000000042,8.0,65.0,92.0,135675 -> 135676 | Manchester to Hazel Grove | Night/Early morning off-peak
135675 -> 135676,135675,135676,Manchester to Hazel Grove,PM interpeak,E01005838,Commercial Road,Queens Road,36,331.5750000000007,12.0,17.0,0.17,0.3833007000000008,17.0,56.0,83.0,135675 -> 135676 | Manchester to Hazel Grove | PM interpeak
135675 -> 135676,135675,135676,Manchester to Hazel Grove,PM peak,E01005838,Commercial Road,Queens Road,56,331.5750000000007,4.0,8.0,0.08,0.18037680000000042,8.0,65.0,92.0,135675 -> 135676 | Manchester to Hazel Grove | PM peak
135676 -> 134165,135676,134165,Manchester to Hazel Grove,AM interpeak,E01005840,Queens Road,School Street,71,161.51900000000023,10.0,15.0,0.15,0.16474938000000025,15.0,58.0,85.0,135676 -> 134165 | Manchester to Hazel Grove | AM interpeak
135676 -> 134165,135676,134165,Manchester to Hazel Grove,AM peak,E01005840,Queens Road,School Street,61,161.51900000000023,9.0,17.0,0.17,0.186714808,17.0,56.0,83.0,135676 -> 134165 | Manchester to Hazel Grove | AM peak
135676 -> 134165,135676,134165,Manchester to Hazel Grove,Evening off-peak,E01005840,Queens Road,School Street,93,161.51900000000023,2.0,5.0,0.05,0.05491646000000009,5.0,68.0,95.0,135676 -> 134165 | Manchester to Hazel Grove | Evening off-peak
135676 -> 134165,135676,134165,Manchester to Hazel Grove,Night/Early morning off-peak,E01005840,Queens Road,School Street,84,161.51900000000023,3.0,7.700000000000003,0.07700000000000003,0.08457134840000016,7.700000000000003,65.3,92.3,135676 -> 134165 | Manchester to Hazel Grove | Night/Early morning off-peak
135676 -> 134165,135676,134165,Manchester to Hazel Grove,PM interpeak,E01005840,Queens Road,School Street,37,161.51900000000023,12.0,17.0,0.17,0.18671596400000026,17.0,56.0,83.0,135676 -> 134165 | Manchester to Hazel Grove | PM interpeak
135676 -> 134165,135676,134165,Manchester to Hazel Grove,PM peak,E01005840,Queens Road,School Street,57,161.51900000000023,4.0,7.0,0.07,0.07688304400000011,7.000000000000001,66.0,93.0,135676 -> 134165 | Manchester to Hazel Grove | PM peak
135678 -> 135681,135678,135681,Manchester to Hazel Grove,AM interpeak,E01005866,Manchester Road,Heaton Moor Road,192,313.3019999999997,17.0,27.0,0.27,0.5752224719999994,27.0,46.0,73.0,135678 -> 135681 | Manchester to Hazel Grove | AM interpeak
135678 -> 135681,135678,135681,Manchester to Hazel Grove,AM peak,E01005866,Manchester Road,Heaton Moor Road,107,313.3019999999997,26.0,66.4,0.6640000000000001,1.4146211903999988,66.40000000000002,6.599999999999994,33.599999999999994,135678 -> 135681 | Manchester to Hazel Grove | AM peak
135678 -> 135681,135678,135681,Manchester to Hazel Grove,Evening off-peak,E01005866,Manchester Road,Heaton Moor Road,146,313.3019999999997,7.0,14.0,0.14,0.2982635039999997,14.000000000000002,59.0,86.0,135678 -> 135681 | Manchester to Hazel Grove | Evening off-peak
135678 -> 135681,135678,135681,Manchester to Hazel Grove,Night/Early morning off-peak,E01005866,Manchester Road,Heaton Moor Road,73,313.3019999999997,13.0,22.0,0.22,0.46869979199999956,22.0,51.0,78.0,135678 -> 135681 | Manchester to Hazel Grove | Night/Early morning off-peak
135678 -> 135681,135678,135681,Manchester to Hazel Grove,PM interpeak,E01005866,Manchester Road,Heaton Moor Road,96,313.3019999999997,28.0,44.5,0.445,0.9480518519999991,44.5,28.5,55.5,135678 -> 135681 | Manchester to Hazel Grove | PM interpeak
135678 -> 135681,135678,135681,Manchester to Hazel Grove,PM peak,E01005866,Manchester Road,Heaton Moor Road,152,313.3019999999997,25.5,38.0,0.38,0.8095723679999992,38.0,35.0,62.0,135678 -> 135681 | Manchester to Hazel Grove | PM peak
135679 -> 135682,135679,135682,Manchester to Hazel Grove,AM interpeak,E01005863,Brackley Road,Warwick Road,192,331.53299999999945,18.0,30.900000000000006,0.30900000000000005,0.696617139599999,30.900000000000006,42.099999999999994,69.1,135679 -> 135682 | Manchester to Hazel Grove | AM interpeak
135679 -> 135682,135679,135682,Manchester to Hazel Grove,AM peak,E01005863,Brackley Road,Warwick Road,107,331.53299999999945,25.0,64.0,0.64,1.4428316159999979,64.0,9.0,36.0,135679 -> 135682 | Manchester to Hazel Grove | AM peak
135679 -> 135682,135679,135682,Manchester to Hazel Grove,Evening off-peak,E01005863,Brackley Road,Warwick Road,146,331.53299999999945,6.0,14.0,0.14,0.3156194159999995,14.000000000000002,59.0,86.0,135679 -> 135682 | Manchester to Hazel Grove | Evening off-peak
135679 -> 135682,135679,135682,Manchester to Hazel Grove,Night/Early morning off-peak,E01005863,Brackley Road,Warwick Road,73,331.53299999999945,13.0,23.0,0.23,0.5185176119999992,23.0,50.0,77.0,135679 -> 135682 | Manchester to Hazel Grove | Night/Early morning off-peak
135679 -> 135682,135679,135682,Manchester to Hazel Grove,PM interpeak,E01005863,Brackley Road,Warwick Road,95,331.53299999999945,26.0,44.0,0.44,0.9919467359999984,44.0,29.0,56.0,135679 -> 135682 | Manchester to Hazel Grove | PM interpeak
135679 -> 135682,135679,135682,Manchester to Hazel Grove,PM peak,E01005863,Brackley Road,Warwick Road,153,331.53299999999945,25.0,37.0,0.37,0.8341370279999987,37.0,36.0,63.0,135679 -> 135682 | Manchester to Hazel Grove | PM peak
135680 -> 135683,135680,135683,Manchester to Hazel Grove,AM interpeak,E01005917,Heaton Road,Belmont Bridge,192,186.32200000000012,20.0,33.0,0.33,0.41810656800000034,33.0,40.0,67.0,135680 -> 135683 | Manchester to Hazel Grove | AM interpeak
135680 -> 135683,135680,135683,Manchester to Hazel Grove,AM peak,E01005917,Heaton Road,Belmont Bridge,105,186.32200000000012,24.0,61.20000000000002,0.6120000000000002,0.7753976352000007,61.200000000000024,11.799999999999983,38.79999999999998,135680 -> 135683 | Manchester to Hazel Grove | AM peak
135680 -> 135683,135680,135683,Manchester to Hazel Grove,Evening off-peak,E01005917,Heaton Road,Belmont Bridge,149,186.32200000000012,6.0,14.0,0.14,0.1773785440000001,14.000000000000002,59.0,86.0,135680 -> 135683 | Manchester to Hazel Grove | Evening off-peak
135680 -> 135683,135680,135683,Manchester to Hazel Grove,Night/Early morning off-peak,E01005917,Heaton Road,Belmont Bridge,72,186.32200000000012,13.0,22.0,0.22,0.2787377120000002,22.0,51.0,78.0,135680 -> 135683 | Manchester to Hazel Grove | Night/Early morning off-peak
135680 -> 135683,135680,135683,Manchester to Hazel Grove,PM interpeak,E01005917,Heaton Road,Belmont Bridge,95,186.32200000000012,26.0,41.20000000000002,0.41200000000000014,0.5219997152000005,41.20000000000002,31.799999999999983,58.79999999999998,135680 -> 135683 | Manchester to Hazel Grove | PM interpeak
135680 -> 135683,135680,135683,Manchester to Hazel Grove,PM peak,E01005917,Heaton Road,Belmont Bridge,153,186.32200000000012,23.0,35.80000000000001,0.3580000000000001,0.4535822768000004,35.80000000000001,37.19999999999999,64.19999999999999,135680 -> 135683 | Manchester to Hazel Grove | PM peak
135681 -> 135679,135681,135679,Manchester to Hazel Grove,AM interpeak,E01005866,Heaton Moor Road,Brackley Road,192,272.9940000000006,17.5,29.0,0.29,0.5383441680000011,28.999999999999996,44.0,71.0,135681 -> 135679 | Manchester to Hazel Grove | AM interpeak
135681 -> 135679,135681,135679,Manchester to Hazel Grove,AM peak,E01005866,Heaton Moor Road,Brackley Road,107,272.9940000000006,26.0,64.60000000000002,0.6460000000000002,1.199208043200003,64.60000000000002,8.399999999999977,35.39999999999998,135681 -> 135679 | Manchester to Hazel Grove | AM peak
135681 -> 135679,135681,135679,Manchester to Hazel Grove,Evening off-peak,E01005866,Heaton Moor Road,Brackley Road,146,272.9940000000006,6.0,14.0,0.14,0.2598902880000005,14.000000000000002,59.0,86.0,135681 -> 135679 | Manchester to Hazel Grove | Evening off-peak
135681 -> 135679,135681,135679,Manchester to Hazel Grove,Night/Early morning off-peak,E01005866,Heaton Moor Road,Brackley Road,73,272.9940000000006,13.0,23.0,0.23,0.4269626160000009,23.0,50.0,77.0,135681 -> 135679 | Manchester to Hazel Grove | Night/Early morning off-peak
135681 -> 135679,135681,135679,Manchester to Hazel Grove,PM interpeak,E01005866,Heaton Moor Road,Brackley Road,95,272.9940000000006,27.0,44.20000000000002,0.44200000000000017,0.8205107664000021,44.20000000000002,28.799999999999983,55.79999999999998,135681 -> 135679 | Manchester to Hazel Grove | PM interpeak
135681 -> 135679,135681,135679,Manchester to Hazel Grove,PM peak,E01005866,Heaton Moor Road,Brackley Road,153,272.9940000000006,25.0,38.0,0.38,0.7054164960000014,38.0,35.0,62.0,135681 -> 135679 | Manchester to Hazel Grove | PM peak
135682 -> 135680,135682,135680,Manchester to Hazel Grove,AM interpeak,E01005916,Warwick Road,Heaton Road,193,377.97300000000087,19.0,32.0,0.32,0.822469248000002,32.0,41.0,68.0,135682 -> 135680 | Manchester to Hazel Grove | AM interpeak
135682 -> 135680,135682,135680,Manchester to Hazel Grove,AM peak,E01005916,Warwick Road,Heaton Road,107,377.97300000000087,24.0,62.400000000000006,0.6240000000000001,1.603815033600004,62.40000000000001,10.599999999999994,37.599999999999994,135682 -> 135680 | Manchester to Hazel Grove | AM peak
135682 -> 135680,135682,135680,Manchester to Hazel Grove,Evening off-peak,E01005916,Warwick Road,Heaton Road,149,377.97300000000087,6.0,14.0,0.14,0.3598302960000008,14.000000000000002,59.0,86.0,135682 -> 135680 | Manchester to Hazel Grove | Evening off-peak
135682 -> 135680,135682,135680,Manchester to Hazel Grove,Night/Early morning off-peak,E01005916,Warwick Road,Heaton Road,72,377.97300000000087,13.0,23.0,0.23,0.5911497720000014,23.0,50.0,77.0,135682 -> 135680 | Manchester to Hazel Grove | Night/Early morning off-peak
135682 -> 135680,135682,135680,Manchester to Hazel Grove,PM interpeak,E01005916,Warwick Road,Heaton Road,94,377.97300000000087,26.0,43.400000000000006,0.43400000000000005,1.1154739176000028,43.400000000000006,29.599999999999994,56.599999999999994,135682 -> 135680 | Manchester to Hazel Grove | PM interpeak
135682 -> 135680,135682,135680,Manchester to Hazel Grove,PM peak,E01005916,Warwick Road,Heaton Road,151,377.97300000000087,25.0,37.0,0.37,0.9509800680000022,37.0,36.0,63.0,135682 -> 135680 | Manchester to Hazel Grove | PM peak
135683 -> 135684,135683,135684,Manchester to Hazel Grove,AM interpeak,E01005917,Belmont Bridge,Belmont Way,192,267.6149999999998,20.0,35.0,0.35,0.6369236999999994,35.0,38.0,65.0,135683 -> 135684 | Manchester to Hazel Grove | AM interpeak
135683 -> 135684,135683,135684,Manchester to Hazel Grove,AM peak,E01005917,Belmont Bridge,Belmont Way,105,267.6149999999998,24.0,59.60000000000001,0.5960000000000001,1.0845900719999992,59.60000000000001,13.399999999999991,40.39999999999999,135683 -> 135684 | Manchester to Hazel Grove | AM peak
135683 -> 135684,135683,135684,Manchester to Hazel Grove,Evening off-peak,E01005917,Belmont Bridge,Belmont Way,148,267.6149999999998,6.0,13.0,0.13,0.2365716599999998,13.0,60.0,87.0,135683 -> 135684 | Manchester to Hazel Grove | Evening off-peak
135683 -> 135684,135683,135684,Manchester to Hazel Grove,Night/Early morning off-peak,E01005917,Belmont Bridge,Belmont Way,73,267.6149999999998,12.0,22.0,0.22,0.40035203999999963,22.0,51.0,78.0,135683 -> 135684 | Manchester to Hazel Grove | Night/Early morning off-peak
135683 -> 135684,135683,135684,Manchester to Hazel Grove,PM interpeak,E01005917,Belmont Bridge,Belmont Way,95,267.6149999999998,25.0,40.60000000000001,0.4060000000000001,0.7388314919999995,40.60000000000001,32.39999999999999,59.39999999999999,135683 -> 135684 | Manchester to Hazel Grove | PM interpeak
135683 -> 135684,135683,135684,Manchester to Hazel Grove,PM peak,E01005917,Belmont Bridge,Belmont Way,153,267.6149999999998,23.0,34.80000000000001,0.3480000000000001,0.6332841359999997,34.80000000000001,38.19999999999999,65.19999999999999,135683 -> 135684 | Manchester to Hazel Grove | PM peak
135684 -> 135685,135684,135685,Manchester to Hazel Grove,AM interpeak,E01005917,Belmont Way,Kingsgate,192,305.7340000000004,21.0,33.0,0.33,0.6860670960000009,33.0,40.0,67.0,135684 -> 135685 | Manchester to Hazel Grove | AM interpeak
135684 -> 135685,135684,135685,Manchester to Hazel Grove,AM peak,E01005917,Belmont Way,Kingsgate,106,305.7340000000004,22.0,60.0,0.6,1.2473947200000015,60.0,13.0,40.0,135684 -> 135685 | Manchester to Hazel Grove | AM peak
135684 -> 135685,135684,135685,Manchester to Hazel Grove,Evening off-peak,E01005917,Belmont Way,Kingsgate,149,305.7340000000004,6.0,13.200000000000017,0.13200000000000017,0.2744268384000007,13.200000000000017,59.79999999999998,86.79999999999998,135684 -> 135685 | Manchester to Hazel Grove | Evening off-peak
135684 -> 135685,135684,135685,Manchester to Hazel Grove,Night/Early morning off-peak,E01005917,Belmont Way,Kingsgate,73,305.7340000000004,12.0,22.0,0.22,0.4573780640000006,22.0,51.0,78.0,135684 -> 135685 | Manchester to Hazel Grove | Night/Early morning off-peak
135684 -> 135685,135684,135685,Manchester to Hazel Grove,PM interpeak,E01005917,Belmont Way,Kingsgate,95,305.7340000000004,24.0,38.0,0.38,0.790016656000001,38.0,35.0,62.0,135684 -> 135685 | Manchester to Hazel Grove | PM interpeak
135684 -> 135685,135684,135685,Manchester to Hazel Grove,PM peak,E01005917,Belmont Way,Kingsgate,151,305.7340000000004,21.0,31.0,0.31,0.6444872720000009,31.0,42.0,69.0,135684 -> 135685 | Manchester to Hazel Grove | PM peak
135685 -> 134397,135685,134397,Manchester to Hazel Grove,AM interpeak,E01005917,Kingsgate,Mersey Square,144,332.8119999999999,22.0,34.70000000000002,0.34700000000000014,0.7853031952000001,34.70000000000002,38.29999999999998,65.29999999999998,135685 -> 134397 | Manchester to Hazel Grove | AM interpeak
135685 -> 134397,135685,134397,Manchester to Hazel Grove,AM peak,E01005917,Kingsgate,Mersey Square,102,332.8119999999999,21.0,58.70000000000002,0.5870000000000002,1.3284523791999996,58.70000000000002,14.299999999999983,41.29999999999998,135685 -> 134397 | Manchester to Hazel Grove | AM peak
135685 -> 134397,135685,134397,Manchester to Hazel Grove,Evening off-peak,E01005917,Kingsgate,Mersey Square,107,332.8119999999999,7.0,15.0,0.15,0.33946823999999987,15.0,58.0,85.0,135685 -> 134397 | Manchester to Hazel Grove | Evening off-peak
135685 -> 134397,135685,134397,Manchester to Hazel Grove,Night/Early morning off-peak,E01005917,Kingsgate,Mersey Square,72,332.8119999999999,12.0,20.9,0.209,0.4729924143999998,20.9,52.1,79.1,135685 -> 134397 | Manchester to Hazel Grove | Night/Early morning off-peak
135685 -> 134397,135685,134397,Manchester to Hazel Grove,PM interpeak,E01005917,Kingsgate,Mersey Square,93,332.8119999999999,22.0,36.599999999999994,0.36599999999999994,0.8283025055999996,36.599999999999994,36.400000000000006,63.400000000000006,135685 -> 134397 | Manchester to Hazel Grove | PM interpeak
135685 -> 134397,135685,134397,Manchester to Hazel Grove,PM peak,E01005917,Kingsgate,Mersey Square,136,332.8119999999999,21.0,30.5,0.305,0.6902520879999998,30.5,42.5,69.5,135685 -> 134397 | Manchester to Hazel Grove | PM peak
135685 -> 135792,135685,135792,Manchester to Hazel Grove,AM interpeak,E01005917,Kingsgate,Mersey Square,48,317.27499999999964,6.0,11.0,0.11,0.23732169999999972,11.0,62.0,89.0,135685 -> 135792 | Manchester to Hazel Grove | AM interpeak
135685 -> 135792,135685,135792,Manchester to Hazel Grove,AM peak,E01005917,Kingsgate,Mersey Square,3,317.27499999999964,4.0,4.0,0.04,0.08629879999999991,4.0,69.0,96.0,135685 -> 135792 | Manchester to Hazel Grove | AM peak
135685 -> 135792,135685,135792,Manchester to Hazel Grove,Evening off-peak,E01005917,Kingsgate,Mersey Square,42,317.27499999999964,2.0,5.0,0.05,0.10787349999999989,5.0,68.0,95.0,135685 -> 135792 | Manchester to Hazel Grove | Evening off-peak
135685 -> 135792,135685,135792,Manchester to Hazel Grove,Night/Early morning off-peak,E01005917,Kingsgate,Mersey Square,1,317.27499999999964,1.0,1.0,0.01,0.021574699999999978,1.0,72.0,99.0,135685 -> 135792 | Manchester to Hazel Grove | Night/Early morning off-peak
135685 -> 135792,135685,135792,Manchester to Hazel Grove,PM interpeak,E01005917,Kingsgate,Mersey Square,2,317.27499999999964,7.5,9.5,0.095,0.2049596499999998,9.5,63.5,90.5,135685 -> 135792 | Manchester to Hazel Grove | PM interpeak
135685 -> 135792,135685,135792,Manchester to Hazel Grove,PM peak,E01005917,Kingsgate,Mersey Square,16,317.27499999999964,4.5,11.0,0.11,0.23732169999999972,11.0,62.0,89.0,135685 -> 135792 | Manchester to Hazel Grove | PM peak
135687 -> 133049,135687,133049,Manchester to Hazel Grove,AM interpeak,E01033948,Stockport College,Brentnall Street,145,299.02000000000044,18.0,31.0,0.31,0.630334160000001,31.0,42.0,69.0,135687 -> 133049 | Manchester to Hazel Grove | AM interpeak
135687 -> 133049,135687,133049,Manchester to Hazel Grove,AM peak,E01033948,Stockport College,Brentnall Street,101,299.02000000000044,16.0,50.0,0.5,1.0166680000000015,50.0,23.0,50.0,135687 -> 133049 | Manchester to Hazel Grove | AM peak
135687 -> 133049,135687,133049,Manchester to Hazel Grove,Evening off-peak,E01033948,Stockport College,Brentnall Street,109,299.02000000000044,7.0,13.0,0.13,0.2643336800000004,13.0,60.0,87.0,135687 -> 133049 | Manchester to Hazel Grove | Evening off-peak
135687 -> 133049,135687,133049,Manchester to Hazel Grove,Night/Early morning off-peak,E01033948,Stockport College,Brentnall Street,86,299.02000000000044,10.0,17.5,0.175,0.35583380000000053,17.5,55.5,82.5,135687 -> 133049 | Manchester to Hazel Grove | Night/Early morning off-peak
135687 -> 133049,135687,133049,Manchester to Hazel Grove,PM interpeak,E01033948,Stockport College,Brentnall Street,72,299.02000000000044,18.5,34.8,0.348,0.707600928000001,34.8,38.2,65.2,135687 -> 133049 | Manchester to Hazel Grove | PM interpeak
135687 -> 133049,135687,133049,Manchester to Hazel Grove,PM peak,E01033948,Stockport College,Brentnall Street,109,299.02000000000044,16.0,28.200000000000003,0.28200000000000003,0.573400752000001,28.200000000000003,44.8,71.8,135687 -> 133049 | Manchester to Hazel Grove | PM peak
135687 -> 134517,135687,134517,Manchester to Hazel Grove,AM peak,E01033948,Stockport College,Wellington Road South,9,635.4079999999994,4.0,9.0,0.09,0.38886969599999965,9.0,64.0,91.0,135687 -> 134517 | Manchester to Hazel Grove | AM peak
135687 -> 134517,135687,134517,Manchester to Hazel Grove,PM interpeak,E01033948,Stockport College,Wellington Road South,20,635.4079999999994,8.0,12.200000000000003,0.12200000000000003,0.5271344767999996,12.200000000000003,60.8,87.8,135687 -> 134517 | Manchester to Hazel Grove | PM interpeak
135687 -> 134517,135687,134517,Manchester to Hazel Grove,PM peak,E01033948,Stockport College,Wellington Road South,30,635.4079999999994,3.0,7.100000000000001,0.07100000000000002,0.3067749823999998,7.100000000000002,65.9,92.9,135687 -> 134517 | Manchester to Hazel Grove | PM peak
135689 -> 135634,135689,135634,Hazel Grove to Manchester,AM interpeak,E01005841,Hazel Grove Park & Ride,Norbury Church,72,331.047,2.0,3.0,0.03,0.067533588,3.0,70.0,97.0,135689 -> 135634 | Hazel Grove to Manchester | AM interpeak
135689 -> 135634,135689,135634,Hazel Grove to Manchester,AM peak,E01005841,Hazel Grove Park & Ride,Norbury Church,60,331.047,3.0,5.0,0.05,0.11255598000000001,5.0,68.0,95.0,135689 -> 135634 | Hazel Grove to Manchester | AM peak
135689 -> 135634,135689,135634,Hazel Grove to Manchester,Evening off-peak,E01005841,Hazel Grove Park & Ride,Norbury Church,102,331.047,1.0,2.0,0.02,0.04502239200000001,2.0,71.0,98.0,135689 -> 135634 | Hazel Grove to Manchester | Evening off-peak
135689 -> 135634,135689,135634,Hazel Grove to Manchester,Night/Early morning off-peak,E01005841,Hazel Grove Park & Ride,Norbury Church,72,331.047,1.0,2.8999999999999986,0.028999999999999984,0.06528246839999997,2.8999999999999986,70.1,97.1,135689 -> 135634 | Hazel Grove to Manchester | Night/Early morning off-peak
135689 -> 135634,135689,135634,Hazel Grove to Manchester,PM interpeak,E01005841,Hazel Grove Park & Ride,Norbury Church,36,331.047,2.0,5.0,0.05,0.11255598000000001,5.0,68.0,95.0,135689 -> 135634 | Hazel Grove to Manchester | PM interpeak
135689 -> 135634,135689,135634,Hazel Grove to Manchester,PM peak,E01005841,Hazel Grove Park & Ride,Norbury Church,59,331.047,2.0,4.0,0.04,0.09004478400000002,4.0,69.0,96.0,135689 -> 135634 | Hazel Grove to Manchester | PM peak
48350 -> 48535,48350,48535,Hazel Grove to Manchester,AM interpeak,E01033654,Travis Street,Minshull Street South,193,259.9989999999998,3.0,6.0,0.06,0.10608,6.0,67.0,94.0,48350 -> 48535 | Hazel Grove to Manchester | AM interpeak
48350 -> 48535,48350,48535,Hazel Grove to Manchester,AM peak,E01033654,Travis Street,Minshull Street South,114,259.9989999999998,9.0,19.0,0.19,0.3359187079999998,19.0,54.0,81.0,48350 -> 48535 | Hazel Grove to Manchester | AM peak
48350 -> 48535,48350,48535,Hazel Grove to Manchester,Evening off-peak,E01033654,Travis Street,Minshull Street South,124,259.9989999999998,15.0,21.0,0.21,0.3712785719999997,21.0,52.0,79.0,48350 -> 48535 | Hazel Grove to Manchester | Evening off-peak
48350 -> 48535,48350,48535,Hazel Grove to Manchester,Night/Early morning off-peak,E01033654,Travis Street,Minshull Street South,81,259.9989999999998,22.0,34.0,0.34,0.6011176879999995,34.0,39.0,66.0,48350 -> 48535 | Hazel Grove to Manchester | Night/Early morning off-peak
48350 -> 48535,48350,48535,Hazel Grove to Manchester,PM interpeak,E01033654,Travis Street,Minshull Street South,100,259.9989999999998,14.5,22.0,0.22,0.38895865359999976,22.0,51.0,78.0,48350 -> 48535 | Hazel Grove to Manchester | PM interpeak
48350 -> 48535,48350,48535,Hazel Grove to Manchester,PM peak,E01033654,Travis Street,Minshull Street South,150,260.0,13.0,20.0,0.2,0.3536,20.0,53.0,80.0,48350 -> 48535 | Hazel Grove to Manchester | PM peak
48356 -> 54154,48356,54154,Manchester to Hazel Grove,AM interpeak,E01033654,Travis Street,Ardwick Green Park,195,528.2570000000001,2.0,4.0,0.04,0.14368590400000003,4.0,69.0,96.0,48356 -> 54154 | Manchester to Hazel Grove | AM interpeak
48356 -> 54154,48356,54154,Manchester to Hazel Grove,AM peak,E01033654,Travis Street,Ardwick Green Park,115,528.2570000000001,8.0,15.0,0.15,0.5388221400000001,15.0,58.0,85.0,48356 -> 54154 | Manchester to Hazel Grove | AM peak
48356 -> 54154,48356,54154,Manchester to Hazel Grove,Evening off-peak,E01033654,Travis Street,Ardwick Green Park,132,528.2570000000001,2.5,6.0,0.06,0.21552885600000002,6.0,67.0,94.0,48356 -> 54154 | Manchester to Hazel Grove | Evening off-peak
48356 -> 54154,48356,54154,Manchester to Hazel Grove,Night/Early morning off-peak,E01033654,Travis Street,Ardwick Green Park,75,528.2570000000001,4.0,10.600000000000009,0.1060000000000001,0.38076764560000037,10.600000000000009,62.39999999999999,89.39999999999999,48356 -> 54154 | Manchester to Hazel Grove | Night/Early morning off-peak
48356 -> 54154,48356,54154,Manchester to Hazel Grove,PM interpeak,E01033654,Travis Street,Ardwick Green Park,97,528.2570000000001,9.0,16.0,0.16,0.5747436160000001,16.0,57.0,84.0,48356 -> 54154 | Manchester to Hazel Grove | PM interpeak
48356 -> 54154,48356,54154,Manchester to Hazel Grove,PM peak,E01033654,Travis Street,Ardwick Green Park,152,528.2570000000001,9.0,15.0,0.15,0.5388221400000001,15.0,58.0,85.0,48356 -> 54154 | Manchester to Hazel Grove | PM peak
48363 -> 48356,48363,48356,Manchester to Hazel Grove,AM interpeak,E01033661,Manchester Piccadilly Rail Station,Travis Street,195,168.13199999999995,1.0,3.0,0.03,0.034298927999999985,3.0,70.0,97.0,48363 -> 48356 | Manchester to Hazel Grove | AM interpeak
48363 -> 48356,48363,48356,Manchester to Hazel Grove,AM peak,E01033661,Manchester Piccadilly Rail Station,Travis Street,115,168.13199999999995,5.0,10.0,0.1,0.11432975999999997,10.0,63.0,90.0,48363 -> 48356 | Manchester to Hazel Grove | AM peak
48363 -> 48356,48363,48356,Manchester to Hazel Grove,Evening off-peak,E01033661,Manchester Piccadilly Rail Station,Travis Street,132,168.13199999999995,2.0,4.0,0.04,0.04573190399999999,4.0,69.0,96.0,48363 -> 48356 | Manchester to Hazel Grove | Evening off-peak
48363 -> 48356,48363,48356,Manchester to Hazel Grove,Night/Early morning off-peak,E01033661,Manchester Piccadilly Rail Station,Travis Street,75,168.13199999999995,3.0,7.0,0.07,0.08003083199999997,7.000000000000001,66.0,93.0,48363 -> 48356 | Manchester to Hazel Grove | Night/Early morning off-peak
48363 -> 48356,48363,48356,Manchester to Hazel Grove,PM interpeak,E01033661,Manchester Piccadilly Rail Station,Travis Street,98,168.13199999999995,6.0,11.0,0.11,0.12576273599999996,11.0,62.0,89.0,48363 -> 48356 | Manchester to Hazel Grove | PM interpeak
48363 -> 48356,48363,48356,Manchester to Hazel Grove,PM peak,E01033661,Manchester Piccadilly Rail Station,Travis Street,151,168.13199999999995,6.0,10.0,0.1,0.11432975999999997,10.0,63.0,90.0,48363 -> 48356 | Manchester to Hazel Grove | PM peak
48378 -> 48363,48378,48363,Manchester to Hazel Grove,AM interpeak,E01033653,Piccadilly,Manchester Piccadilly Rail Station,195,392.812,1.0,2.0,0.02,0.053422432000000006,2.0,71.0,98.0,48378 -> 48363 | Manchester to Hazel Grove | AM interpeak
48378 -> 48363,48378,48363,Manchester to Hazel Grove,AM peak,E01033653,Piccadilly,Manchester Piccadilly Rail Station,115,392.812,3.0,6.0,0.06,0.16026729599999998,6.0,67.0,94.0,48378 -> 48363 | Manchester to Hazel Grove | AM peak
48378 -> 48363,48378,48363,Manchester to Hazel Grove,Evening off-peak,E01033653,Piccadilly,Manchester Piccadilly Rail Station,132,392.812,1.0,3.0,0.03,0.08013364799999999,3.0,70.0,97.0,48378 -> 48363 | Manchester to Hazel Grove | Evening off-peak
48378 -> 48363,48378,48363,Manchester to Hazel Grove,Night/Early morning off-peak,E01033653,Piccadilly,Manchester Piccadilly Rail Station,75,392.812,1.0,4.0,0.04,0.10684486400000001,4.0,69.0,96.0,48378 -> 48363 | Manchester to Hazel Grove | Night/Early morning off-peak
48378 -> 48363,48378,48363,Manchester to Hazel Grove,PM interpeak,E01033653,Piccadilly,Manchester Piccadilly Rail Station,98,392.812,3.0,6.0,0.06,0.16026729599999998,6.0,67.0,94.0,48378 -> 48363 | Manchester to Hazel Grove | PM interpeak
48378 -> 48363,48378,48363,Manchester to Hazel Grove,PM peak,E01033653,Piccadilly,Manchester Piccadilly Rail Station,151,392.812,3.0,6.0,0.06,0.16026729599999998,6.0,67.0,94.0,48378 -> 48363 | Manchester to Hazel Grove | PM peak
48535 -> 50826,48535,50826,Hazel Grove to Manchester,AM interpeak,E01033654,Minshull Street South,Minshull Street,193,168.6790000000001,3.0,6.0,0.06,0.06882095040000001,6.0,67.0,94.0,48535 -> 50826 | Hazel Grove to Manchester | AM interpeak
48535 -> 50826,48535,50826,Hazel Grove to Manchester,AM peak,E01033654,Minshull Street South,Minshull Street,113,168.6790000000001,10.0,19.599999999999994,0.19599999999999995,0.22481537120000006,19.599999999999994,53.400000000000006,80.4,48535 -> 50826 | Hazel Grove to Manchester | AM peak
48535 -> 50826,48535,50826,Hazel Grove to Manchester,Evening off-peak,E01033654,Minshull Street South,Minshull Street,124,168.6790000000001,15.0,21.0,0.21,0.2408736120000001,21.0,52.0,79.0,48535 -> 50826 | Hazel Grove to Manchester | Evening off-peak
48535 -> 50826,48535,50826,Hazel Grove to Manchester,Night/Early morning off-peak,E01033654,Minshull Street South,Minshull Street,81,168.6790000000001,21.0,32.0,0.32,0.3670455040000002,32.0,41.0,68.0,48535 -> 50826 | Hazel Grove to Manchester | Night/Early morning off-peak
48535 -> 50826,48535,50826,Hazel Grove to Manchester,PM interpeak,E01033654,Minshull Street South,Minshull Street,99,168.6790000000001,14.0,21.200000000000003,0.21200000000000002,0.24316764640000013,21.200000000000003,51.8,78.8,48535 -> 50826 | Hazel Grove to Manchester | PM interpeak
48535 -> 50826,48535,50826,Hazel Grove to Manchester,PM peak,E01033654,Minshull Street South,Minshull Street,152,168.67799999999988,13.0,19.0,0.19,0.21793197599999986,19.0,54.0,81.0,48535 -> 50826 | Hazel Grove to Manchester | PM peak
48642 -> 48669,48642,48669,Manchester to Hazel Grove,AM interpeak,E01005221,Carrill Grove,Albert Road,193,204.14199999999983,10.0,16.0,0.16,0.22210649599999982,16.0,57.0,84.0,48642 -> 48669 | Manchester to Hazel Grove | AM interpeak
48642 -> 48669,48642,48669,Manchester to Hazel Grove,AM peak,E01005221,Carrill Grove,Albert Road,109,204.14199999999983,31.0,72.0,0.72,0.9994792319999991,72.0,1.0,28.0,48642 -> 48669 | Manchester to Hazel Grove | AM peak
48642 -> 48669,48642,48669,Manchester to Hazel Grove,Evening off-peak,E01005221,Carrill Grove,Albert Road,141,204.14199999999983,8.0,16.0,0.16,0.22210649599999982,16.0,57.0,84.0,48642 -> 48669 | Manchester to Hazel Grove | Evening off-peak
48642 -> 48669,48642,48669,Manchester to Hazel Grove,Night/Early morning off-peak,E01005221,Carrill Grove,Albert Road,74,204.14199999999983,17.5,27.700000000000003,0.2770000000000001,0.3845218711999997,27.700000000000006,45.3,72.3,48642 -> 48669 | Manchester to Hazel Grove | Night/Early morning off-peak
48642 -> 48669,48642,48669,Manchester to Hazel Grove,PM interpeak,E01005221,Carrill Grove,Albert Road,96,204.14199999999983,32.5,51.0,0.51,0.7079644559999994,51.0,22.0,49.0,48642 -> 48669 | Manchester to Hazel Grove | PM interpeak
48642 -> 48669,48642,48669,Manchester to Hazel Grove,PM peak,E01005221,Carrill Grove,Albert Road,153,204.14199999999983,32.0,46.0,0.46,0.6385561759999995,46.0,27.0,54.0,48642 -> 48669 | Manchester to Hazel Grove | PM peak
48651 -> 48677,48651,48677,Manchester to Hazel Grove,AM interpeak,E01005221,Delamere Road,Crayfield Road,193,191.53700000000026,12.0,18.80000000000001,0.1880000000000001,0.2448609008000005,18.80000000000001,54.19999999999999,81.19999999999999,48651 -> 48677 | Manchester to Hazel Grove | AM interpeak
48651 -> 48677,48651,48677,Manchester to Hazel Grove,AM peak,E01005221,Delamere Road,Crayfield Road,110,191.53700000000026,30.0,76.10000000000001,0.7610000000000001,0.9911656676000015,76.10000000000001,-3.1000000000000085,23.89999999999999,48651 -> 48677 | Manchester to Hazel Grove | AM peak
48651 -> 48677,48651,48677,Manchester to Hazel Grove,Evening off-peak,E01005221,Delamere Road,Crayfield Road,142,191.53700000000026,8.0,17.0,0.17,0.2214167720000003,17.0,56.0,83.0,48651 -> 48677 | Manchester to Hazel Grove | Evening off-peak
48651 -> 48677,48651,48677,Manchester to Hazel Grove,Night/Early morning off-peak,E01005221,Delamere Road,Crayfield Road,73,191.53700000000026,16.0,27.799999999999997,0.27799999999999997,0.3620815448000005,27.799999999999997,45.2,72.2,48651 -> 48677 | Manchester to Hazel Grove | Night/Early morning off-peak
48651 -> 48677,48651,48677,Manchester to Hazel Grove,PM interpeak,E01005221,Delamere Road,Crayfield Road,95,191.53700000000026,32.0,49.60000000000001,0.4960000000000001,0.646015993600001,49.60000000000001,23.39999999999999,50.39999999999999,48651 -> 48677 | Manchester to Hazel Grove | PM interpeak
48651 -> 48677,48651,48677,Manchester to Hazel Grove,PM peak,E01005221,Delamere Road,Crayfield Road,153,191.53700000000026,32.0,45.0,0.45,0.5861032200000008,45.0,28.0,55.0,48651 -> 48677 | Manchester to Hazel Grove | PM peak
48654 -> 48835,48654,48835,Hazel Grove to Manchester,AM interpeak,E01005238,Longden Road,East Road,193,387.6270000000004,6.0,10.0,0.1,0.2635863600000003,10.0,63.0,90.0,48654 -> 48835 | Hazel Grove to Manchester | AM interpeak
48654 -> 48835,48654,48835,Hazel Grove to Manchester,AM peak,E01005238,Longden Road,East Road,123,387.6270000000004,9.0,17.0,0.17,0.4480968120000004,17.0,56.0,83.0,48654 -> 48835 | Hazel Grove to Manchester | AM peak
48654 -> 48835,48654,48835,Hazel Grove to Manchester,Evening off-peak,E01005238,Longden Road,East Road,120,387.6270000000004,19.0,28.10000000000001,0.2810000000000001,0.740677671600001,28.10000000000001,44.89999999999999,71.89999999999999,48654 -> 48835 | Hazel Grove to Manchester | Evening off-peak
48654 -> 48835,48654,48835,Hazel Grove to Manchester,Night/Early morning off-peak,E01005238,Longden Road,East Road,79,387.6270000000004,26.0,42.0,0.42,1.107062712000001,42.0,31.0,58.0,48654 -> 48835 | Hazel Grove to Manchester | Night/Early morning off-peak
48654 -> 48835,48654,48835,Hazel Grove to Manchester,PM interpeak,E01005238,Longden Road,East Road,100,387.6270000000004,12.0,20.0,0.2,0.5271727200000006,20.0,53.0,80.0,48654 -> 48835 | Hazel Grove to Manchester | PM interpeak
48654 -> 48835,48654,48835,Hazel Grove to Manchester,PM peak,E01005238,Longden Road,East Road,147,387.6270000000004,20.0,28.0,0.28,0.7380418080000007,28.000000000000004,45.0,72.0,48654 -> 48835 | Hazel Grove to Manchester | PM peak
48657 -> 48663,48657,48663,Manchester to Hazel Grove,AM interpeak,E01034137,Longden Road,Portville Road,194,305.85000000000036,8.0,13.0,0.13,0.2703714000000003,13.0,60.0,87.0,48657 -> 48663 | Manchester to Hazel Grove | AM interpeak
48657 -> 48663,48657,48663,Manchester to Hazel Grove,AM peak,E01034137,Longden Road,Portville Road,110,305.85000000000036,30.5,63.20000000000002,0.6320000000000002,1.3144209600000019,63.200000000000024,9.799999999999983,36.79999999999998,48657 -> 48663 | Manchester to Hazel Grove | AM peak
48657 -> 48663,48657,48663,Manchester to Hazel Grove,Evening off-peak,E01034137,Longden Road,Portville Road,141,305.85000000000036,8.0,15.0,0.15,0.3119670000000004,15.0,58.0,85.0,48657 -> 48663 | Manchester to Hazel Grove | Evening off-peak
48657 -> 48663,48657,48663,Manchester to Hazel Grove,Night/Early morning off-peak,E01034137,Longden Road,Portville Road,73,305.85000000000036,16.0,25.0,0.25,0.5199450000000005,25.0,48.0,75.0,48657 -> 48663 | Manchester to Hazel Grove | Night/Early morning off-peak
48657 -> 48663,48657,48663,Manchester to Hazel Grove,PM interpeak,E01034137,Longden Road,Portville Road,96,305.85000000000036,33.0,48.5,0.485,1.0086933000000011,48.5,24.5,51.5,48657 -> 48663 | Manchester to Hazel Grove | PM interpeak
48657 -> 48663,48657,48663,Manchester to Hazel Grove,PM peak,E01034137,Longden Road,Portville Road,152,305.85000000000036,30.5,44.0,0.44,0.915103200000001,44.0,29.0,56.0,48657 -> 48663 | Manchester to Hazel Grove | PM peak
48660 -> 48654,48660,48654,Hazel Grove to Manchester,AM interpeak,E01005219,Woodfold Avenue,Longden Road,192,287.02299999999923,6.0,10.0,0.1,0.1951756399999995,10.0,63.0,90.0,48660 -> 48654 | Hazel Grove to Manchester | AM interpeak
48660 -> 48654,48660,48654,Hazel Grove to Manchester,AM peak,E01005219,Woodfold Avenue,Longden Road,123,287.02299999999923,10.0,16.0,0.16,0.3122810239999992,16.0,57.0,84.0,48660 -> 48654 | Hazel Grove to Manchester | AM peak
48660 -> 48654,48660,48654,Hazel Grove to Manchester,Evening off-peak,E01005219,Woodfold Avenue,Longden Road,120,287.02299999999923,19.0,30.0,0.3,0.5855269199999985,30.0,43.0,70.0,48660 -> 48654 | Hazel Grove to Manchester | Evening off-peak
48660 -> 48654,48660,48654,Hazel Grove to Manchester,Night/Early morning off-peak,E01005219,Woodfold Avenue,Longden Road,81,287.02299999999923,27.0,42.0,0.42,0.8197376879999978,42.0,31.0,58.0,48660 -> 48654 | Hazel Grove to Manchester | Night/Early morning off-peak
48660 -> 48654,48660,48654,Hazel Grove to Manchester,PM interpeak,E01005219,Woodfold Avenue,Longden Road,99,287.02299999999923,12.0,19.200000000000003,0.19200000000000003,0.3747372287999991,19.200000000000003,53.8,80.8,48660 -> 48654 | Hazel Grove to Manchester | PM interpeak
48660 -> 48654,48660,48654,Hazel Grove to Manchester,PM peak,E01005219,Woodfold Avenue,Longden Road,147,287.02299999999923,20.0,28.0,0.28,0.5464917919999985,28.000000000000004,45.0,72.0,48660 -> 48654 | Hazel Grove to Manchester | PM peak
48663 -> 48642,48663,48642,Manchester to Hazel Grove,AM interpeak,E01034138,Portville Road,Carrill Grove,193,184.83399999999983,9.0,14.0,0.14,0.17596196799999983,14.000000000000002,59.0,86.0,48663 -> 48642 | Manchester to Hazel Grove | AM interpeak
48663 -> 48642,48663,48642,Manchester to Hazel Grove,AM peak,E01034138,Portville Road,Carrill Grove,110,184.83399999999983,30.5,68.10000000000001,0.6810000000000002,0.8559292871999993,68.10000000000002,4.8999999999999915,31.89999999999999,48663 -> 48642 | Manchester to Hazel Grove | AM peak
48663 -> 48642,48663,48642,Manchester to Hazel Grove,Evening off-peak,E01034138,Portville Road,Carrill Grove,142,184.83399999999983,8.0,17.0,0.17,0.2136681039999998,17.0,56.0,83.0,48663 -> 48642 | Manchester to Hazel Grove | Evening off-peak
48663 -> 48642,48663,48642,Manchester to Hazel Grove,Night/Early morning off-peak,E01034138,Portville Road,Carrill Grove,73,184.83399999999983,16.0,26.799999999999997,0.26799999999999996,0.33684148159999966,26.799999999999997,46.2,73.2,48663 -> 48642 | Manchester to Hazel Grove | Night/Early morning off-peak
48663 -> 48642,48663,48642,Manchester to Hazel Grove,PM interpeak,E01034138,Portville Road,Carrill Grove,96,184.83399999999983,33.5,50.5,0.505,0.6347199559999994,50.5,22.5,49.5,48663 -> 48642 | Manchester to Hazel Grove | PM interpeak
48663 -> 48642,48663,48642,Manchester to Hazel Grove,PM peak,E01034138,Portville Road,Carrill Grove,152,184.83399999999983,31.5,46.0,0.46,0.5781607519999995,46.0,27.0,54.0,48663 -> 48642 | Manchester to Hazel Grove | PM peak
48666 -> 48660,48666,48660,Hazel Grove to Manchester,AM interpeak,E01005219,Carrill Grove,Woodfold Avenue,192,257.0030000000006,7.0,10.0,0.1,0.17476204000000042,10.0,63.0,90.0,48666 -> 48660 | Hazel Grove to Manchester | AM interpeak
48666 -> 48660,48666,48660,Hazel Grove to Manchester,AM peak,E01005219,Carrill Grove,Woodfold Avenue,123,257.0030000000006,10.0,15.0,0.15,0.2621430600000006,15.0,58.0,85.0,48666 -> 48660 | Hazel Grove to Manchester | AM peak
48666 -> 48660,48666,48660,Hazel Grove to Manchester,Evening off-peak,E01005219,Carrill Grove,Woodfold Avenue,120,257.0030000000006,21.0,31.0,0.31,0.5417623240000012,31.0,42.0,69.0,48666 -> 48660 | Hazel Grove to Manchester | Evening off-peak
48666 -> 48660,48666,48660,Hazel Grove to Manchester,Night/Early morning off-peak,E01005219,Carrill Grove,Woodfold Avenue,81,257.0030000000006,29.0,41.0,0.41,0.7165243640000016,41.0,32.0,59.0,48666 -> 48660 | Hazel Grove to Manchester | Night/Early morning off-peak
48666 -> 48660,48666,48660,Hazel Grove to Manchester,PM interpeak,E01005219,Carrill Grove,Woodfold Avenue,100,257.0030000000006,12.0,19.10000000000001,0.1910000000000001,0.33379549640000095,19.10000000000001,53.89999999999999,80.89999999999999,48666 -> 48660 | Hazel Grove to Manchester | PM interpeak
48666 -> 48660,48666,48660,Hazel Grove to Manchester,PM peak,E01005219,Carrill Grove,Woodfold Avenue,146,257.0030000000006,20.0,29.0,0.29,0.5068099160000011,28.999999999999996,44.0,71.0,48666 -> 48660 | Hazel Grove to Manchester | PM peak
48669 -> 48651,48669,48651,Manchester to Hazel Grove,AM interpeak,E01005221,Albert Road,Delamere Road,193,202.44700000000012,11.0,17.0,0.17,0.23402873200000013,17.0,56.0,83.0,48669 -> 48651 | Manchester to Hazel Grove | AM interpeak
48669 -> 48651,48669,48651,Manchester to Hazel Grove,AM peak,E01005221,Albert Road,Delamere Road,110,202.44700000000012,31.0,76.0,0.76,1.0462460960000006,76.0,-3.0,24.0,48669 -> 48651 | Manchester to Hazel Grove | AM peak
48669 -> 48651,48669,48651,Manchester to Hazel Grove,Evening off-peak,E01005221,Albert Road,Delamere Road,141,202.44700000000012,8.0,17.0,0.17,0.23402873200000013,17.0,56.0,83.0,48669 -> 48651 | Manchester to Hazel Grove | Evening off-peak
48669 -> 48651,48669,48651,Manchester to Hazel Grove,Night/Early morning off-peak,E01005221,Albert Road,Delamere Road,73,202.44700000000012,17.0,28.0,0.28,0.3854590880000002,28.000000000000004,45.0,72.0,48669 -> 48651 | Manchester to Hazel Grove | Night/Early morning off-peak
48669 -> 48651,48669,48651,Manchester to Hazel Grove,PM interpeak,E01005221,Albert Road,Delamere Road,96,202.44700000000012,33.0,52.0,0.52,0.7158525920000005,52.0,21.0,48.0,48669 -> 48651 | Manchester to Hazel Grove | PM interpeak
48669 -> 48651,48669,48651,Manchester to Hazel Grove,PM peak,E01005221,Albert Road,Delamere Road,153,202.44700000000012,32.0,47.80000000000001,0.4780000000000001,0.6580337288000006,47.80000000000001,25.19999999999999,52.19999999999999,48669 -> 48651 | Manchester to Hazel Grove | PM peak
48672 -> 48666,48672,48666,Hazel Grove to Manchester,AM interpeak,E01005221,Elbow Street,Carrill Grove,193,311.46299999999974,7.0,10.0,0.1,0.21179483999999982,10.0,63.0,90.0,48672 -> 48666 | Hazel Grove to Manchester | AM interpeak
48672 -> 48666,48672,48666,Hazel Grove to Manchester,AM peak,E01005221,Elbow Street,Carrill Grove,123,311.46299999999974,10.0,17.0,0.17,0.36005122799999967,17.0,56.0,83.0,48672 -> 48666 | Hazel Grove to Manchester | AM peak
48672 -> 48666,48672,48666,Hazel Grove to Manchester,Evening off-peak,E01005221,Elbow Street,Carrill Grove,119,311.46299999999974,19.0,31.0,0.31,0.6565640039999994,31.0,42.0,69.0,48672 -> 48666 | Hazel Grove to Manchester | Evening off-peak
48672 -> 48666,48672,48666,Hazel Grove to Manchester,Night/Early morning off-peak,E01005221,Elbow Street,Carrill Grove,81,311.46299999999974,29.0,41.0,0.41,0.8683588439999992,41.0,32.0,59.0,48672 -> 48666 | Hazel Grove to Manchester | Night/Early morning off-peak
48672 -> 48666,48672,48666,Hazel Grove to Manchester,PM interpeak,E01005221,Elbow Street,Carrill Grove,100,311.46299999999974,11.0,19.0,0.19,0.40241019599999966,19.0,54.0,81.0,48672 -> 48666 | Hazel Grove to Manchester | PM interpeak
48672 -> 48666,48672,48666,Hazel Grove to Manchester,PM peak,E01005221,Elbow Street,Carrill Grove,146,311.46299999999974,19.0,28.5,0.28500000000000003,0.6036152939999995,28.500000000000004,44.5,71.5,48672 -> 48666 | Hazel Grove to Manchester | PM peak
48675 -> 48672,48675,48672,Hazel Grove to Manchester,AM interpeak,E01005221,Crayfield Road,Elbow Street,192,221.54100000000017,6.0,10.900000000000006,0.10900000000000006,0.16420618920000027,10.900000000000006,62.099999999999994,89.1,48675 -> 48672 | Hazel Grove to Manchester | AM interpeak
48675 -> 48672,48675,48672,Hazel Grove to Manchester,AM peak,E01005221,Crayfield Road,Elbow Street,125,221.54100000000017,10.0,17.0,0.17,0.2561013960000012,17.0,56.0,83.0,48675 -> 48672 | Hazel Grove to Manchester | AM peak
48675 -> 48672,48675,48672,Hazel Grove to Manchester,Evening off-peak,E01005221,Crayfield Road,Elbow Street,118,221.54100000000108,20.0,29.0,0.29,0.4368788520000021,28.999999999999996,44.0,71.0,48675 -> 48672 | Hazel Grove to Manchester | Evening off-peak
48675 -> 48672,48675,48672,Hazel Grove to Manchester,Night/Early morning off-peak,E01005221,Crayfield Road,Elbow Street,81,221.54100000000017,27.0,42.0,0.42,0.6327210960000004,42.0,31.0,58.0,48675 -> 48672 | Hazel Grove to Manchester | Night/Early morning off-peak
48675 -> 48672,48675,48672,Hazel Grove to Manchester,PM interpeak,E01005221,Crayfield Road,Elbow Street,99,221.54100000000017,11.0,19.200000000000003,0.19200000000000003,0.28924392960000145,19.200000000000003,53.8,80.8,48675 -> 48672 | Hazel Grove to Manchester | PM interpeak
48675 -> 48672,48675,48672,Hazel Grove to Manchester,PM peak,E01005221,Crayfield Road,Elbow Street,147,221.54100000000017,19.0,29.0,0.29,0.43687885200000104,28.999999999999996,44.0,71.0,48675 -> 48672 | Hazel Grove to Manchester | PM peak
48677 -> 48680,48677,48680,Manchester to Hazel Grove,AM interpeak,E01005222,Crayfield Road,Broom Lane,192,199.52700000000004,13.0,20.0,0.2,0.27135672000000005,20.0,53.0,80.0,48677 -> 48680 | Manchester to Hazel Grove | AM interpeak
48677 -> 48680,48677,48680,Manchester to Hazel Grove,AM peak,E01005222,Crayfield Road,Broom Lane,110,199.52700000000004,30.0,74.10000000000001,0.7410000000000001,1.0053766476000003,74.10000000000001,-1.1000000000000085,25.89999999999999,48677 -> 48680 | Manchester to Hazel Grove | AM peak
48677 -> 48680,48677,48680,Manchester to Hazel Grove,Evening off-peak,E01005222,Crayfield Road,Broom Lane,144,199.52700000000004,8.0,16.0,0.16,0.21708537600000005,16.0,57.0,84.0,48677 -> 48680 | Manchester to Hazel Grove | Evening off-peak
48677 -> 48680,48677,48680,Manchester to Hazel Grove,Night/Early morning off-peak,E01005222,Crayfield Road,Broom Lane,73,199.52700000000004,16.0,25.799999999999997,0.25799999999999995,0.3500501688,25.799999999999994,47.2,74.2,48677 -> 48680 | Manchester to Hazel Grove | Night/Early morning off-peak
48677 -> 48680,48677,48680,Manchester to Hazel Grove,PM interpeak,E01005222,Crayfield Road,Broom Lane,96,199.52700000000004,32.0,49.0,0.49,0.6648239640000001,49.0,24.0,51.0,48677 -> 48680 | Manchester to Hazel Grove | PM interpeak
48677 -> 48680,48677,48680,Manchester to Hazel Grove,PM peak,E01005222,Crayfield Road,Broom Lane,151,199.52700000000004,30.0,43.0,0.43,0.5834169480000001,43.0,30.0,57.0,48677 -> 48680 | Manchester to Hazel Grove | PM peak
48680 -> 134267,48680,134267,Manchester to Hazel Grove,AM interpeak,E01005222,Broom Lane,Crossley Road,193,522.777,15.0,22.0,0.22,0.7820743920000001,22.0,51.0,78.0,48680 -> 134267 | Manchester to Hazel Grove | AM interpeak
48680 -> 134267,48680,134267,Manchester to Hazel Grove,AM peak,E01005222,Broom Lane,Crossley Road,109,522.777,29.0,72.4,0.7240000000000001,2.5737357264000003,72.4,0.5999999999999943,27.599999999999994,48680 -> 134267 | Manchester to Hazel Grove | AM peak
48680 -> 134267,48680,134267,Manchester to Hazel Grove,Evening off-peak,E01005222,Broom Lane,Crossley Road,144,522.777,8.0,16.0,0.16,0.5687813760000001,16.0,57.0,84.0,48680 -> 134267 | Manchester to Hazel Grove | Evening off-peak
48680 -> 134267,48680,134267,Manchester to Hazel Grove,Night/Early morning off-peak,E01005222,Broom Lane,Crossley Road,73,522.777,15.0,25.799999999999997,0.25799999999999995,0.9171599688,25.799999999999994,47.2,74.2,48680 -> 134267 | Manchester to Hazel Grove | Night/Early morning off-peak
48680 -> 134267,48680,134267,Manchester to Hazel Grove,PM interpeak,E01005222,Broom Lane,Crossley Road,96,522.777,31.0,48.5,0.485,1.7241185460000001,48.5,24.5,51.5,48680 -> 134267 | Manchester to Hazel Grove | PM interpeak
48680 -> 134267,48680,134267,Manchester to Hazel Grove,PM peak,E01005222,Broom Lane,Crossley Road,151,522.777,30.0,41.0,0.41,1.457502276,41.0,32.0,59.0,48680 -> 134267 | Manchester to Hazel Grove | PM peak
48683 -> 48675,48683,48675,Hazel Grove to Manchester,AM interpeak,E01005216,Broom Lane,Crayfield Road,192,224.1299999999992,7.0,11.0,0.11,0.1676492400000001,11.0,62.0,89.0,48683 -> 48675 | Hazel Grove to Manchester | AM interpeak
48683 -> 48675,48683,48675,Hazel Grove to Manchester,AM peak,E01005216,Broom Lane,Crayfield Road,125,224.1299999999992,10.0,18.0,0.18,0.274335119999999,18.0,55.0,82.0,48683 -> 48675 | Hazel Grove to Manchester | AM peak
48683 -> 48675,48683,48675,Hazel Grove to Manchester,Evening off-peak,E01005216,Broom Lane,Crayfield Road,118,224.1299999999992,19.0,29.0,0.29,0.4419843599999984,28.999999999999996,44.0,71.0,48683 -> 48675 | Hazel Grove to Manchester | Evening off-peak
48683 -> 48675,48683,48675,Hazel Grove to Manchester,Night/Early morning off-peak,E01005216,Broom Lane,Crayfield Road,81,224.1299999999992,25.0,41.0,0.41,0.6248744399999977,41.0,32.0,59.0,48683 -> 48675 | Hazel Grove to Manchester | Night/Early morning off-peak
48683 -> 48675,48683,48675,Hazel Grove to Manchester,PM interpeak,E01005216,Broom Lane,Crayfield Road,100,224.1300000000001,11.0,20.0,0.2,0.30481679999999894,20.0,53.0,80.0,48683 -> 48675 | Hazel Grove to Manchester | PM interpeak
48683 -> 48675,48683,48675,Hazel Grove to Manchester,PM peak,E01005216,Broom Lane,Crayfield Road,146,224.1300000000001,19.0,28.0,0.28,0.4267435200000002,28.000000000000004,45.0,72.0,48683 -> 48675 | Hazel Grove to Manchester | PM peak
48686 -> 48683,48686,48683,Hazel Grove to Manchester,AM interpeak,E01005215,Lloyd Road,Broom Lane,192,381.47699999999986,7.0,11.0,0.11,0.2853447959999999,11.0,62.0,89.0,48686 -> 48683 | Hazel Grove to Manchester | AM interpeak
48686 -> 48683,48686,48683,Hazel Grove to Manchester,AM peak,E01005215,Lloyd Road,Broom Lane,126,381.47699999999986,10.5,18.5,0.185,0.4798980660000004,18.5,54.5,81.5,48686 -> 48683 | Hazel Grove to Manchester | AM peak
48686 -> 48683,48686,48683,Hazel Grove to Manchester,Evening off-peak,E01005215,Lloyd Road,Broom Lane,118,381.47700000000077,19.0,28.0,0.28,0.7263322080000014,28.000000000000004,45.0,72.0,48686 -> 48683 | Hazel Grove to Manchester | Evening off-peak
48686 -> 48683,48686,48683,Hazel Grove to Manchester,Night/Early morning off-peak,E01005215,Lloyd Road,Broom Lane,82,381.47699999999986,24.0,38.900000000000006,0.38900000000000007,1.0090829603999998,38.900000000000006,34.099999999999994,61.099999999999994,48686 -> 48683 | Hazel Grove to Manchester | Night/Early morning off-peak
48686 -> 48683,48686,48683,Hazel Grove to Manchester,PM interpeak,E01005215,Lloyd Road,Broom Lane,100,381.47600000000057,12.0,20.10000000000001,0.2010000000000001,0.5214026208000012,20.10000000000001,52.89999999999999,79.89999999999999,48686 -> 48683 | Hazel Grove to Manchester | PM interpeak
48686 -> 48683,48686,48683,Hazel Grove to Manchester,PM peak,E01005215,Lloyd Road,Broom Lane,144,381.47600000000057,19.0,29.0,0.29,0.7522720524000008,28.999999999999996,44.0,71.0,48686 -> 48683 | Hazel Grove to Manchester | PM peak
48831 -> 50410,48831,50410,Hazel Grove to Manchester,AM interpeak,E01005234,Slade Lane,Longsight Library & Learning Centre,192,496.5589999999993,6.0,9.0,0.09,0.3038941080000001,9.0,64.0,91.0,48831 -> 50410 | Hazel Grove to Manchester | AM interpeak
48831 -> 50410,48831,50410,Hazel Grove to Manchester,AM peak,E01005234,Slade Lane,Longsight Library & Learning Centre,122,496.5589999999993,9.0,16.0,0.16,0.5402561919999993,16.0,57.0,84.0,48831 -> 50410 | Hazel Grove to Manchester | AM peak
48831 -> 50410,48831,50410,Hazel Grove to Manchester,Evening off-peak,E01005234,Slade Lane,Longsight Library & Learning Centre,121,496.5589999999993,18.0,27.0,0.27,0.9116823239999987,27.0,46.0,73.0,48831 -> 50410 | Hazel Grove to Manchester | Evening off-peak
48831 -> 50410,48831,50410,Hazel Grove to Manchester,Night/Early morning off-peak,E01005234,Slade Lane,Longsight Library & Learning Centre,79,496.5589999999993,25.0,38.2,0.38200000000000006,1.2898616583999984,38.2,34.8,61.8,48831 -> 50410 | Hazel Grove to Manchester | Night/Early morning off-peak
48831 -> 50410,48831,50410,Hazel Grove to Manchester,PM interpeak,E01005234,Slade Lane,Longsight Library & Learning Centre,99,496.5589999999993,12.0,20.200000000000003,0.20200000000000004,0.6820734423999992,20.200000000000003,52.8,79.8,48831 -> 50410 | Hazel Grove to Manchester | PM interpeak
48831 -> 50410,48831,50410,Hazel Grove to Manchester,PM peak,E01005234,Slade Lane,Longsight Library & Learning Centre,149,496.5589999999993,19.0,27.200000000000017,0.2720000000000002,0.9184355263999993,27.200000000000017,45.79999999999998,72.79999999999998,48831 -> 50410 | Hazel Grove to Manchester | PM peak
48833 -> 48837,48833,48837,Manchester to Hazel Grove,AM interpeak,E01005234,Slade Lane,East Road,192,222.3729999999996,7.0,11.0,0.11,0.1663350039999997,11.0,62.0,89.0,48833 -> 48837 | Manchester to Hazel Grove | AM interpeak
48833 -> 48837,48833,48837,Manchester to Hazel Grove,AM peak,E01005234,Slade Lane,East Road,112,222.3729999999996,26.0,56.900000000000006,0.5690000000000001,0.8604056115999985,56.900000000000006,16.099999999999994,43.099999999999994,48833 -> 48837 | Manchester to Hazel Grove | AM peak
48833 -> 48837,48833,48837,Manchester to Hazel Grove,Evening off-peak,E01005234,Slade Lane,East Road,141,222.3729999999996,8.0,15.0,0.15,0.22682045999999959,15.0,58.0,85.0,48833 -> 48837 | Manchester to Hazel Grove | Evening off-peak
48833 -> 48837,48833,48837,Manchester to Hazel Grove,Night/Early morning off-peak,E01005234,Slade Lane,East Road,73,222.3729999999996,15.0,24.0,0.24,0.36291273599999935,24.0,49.0,76.0,48833 -> 48837 | Manchester to Hazel Grove | Night/Early morning off-peak
48833 -> 48837,48833,48837,Manchester to Hazel Grove,PM interpeak,E01005234,Slade Lane,East Road,96,222.3729999999996,29.0,43.0,0.43,0.6502186519999988,43.0,30.0,57.0,48833 -> 48837 | Manchester to Hazel Grove | PM interpeak
48833 -> 48837,48833,48837,Manchester to Hazel Grove,PM peak,E01005234,Slade Lane,East Road,152,222.3729999999996,29.5,42.80000000000001,0.4280000000000001,0.647194379199999,42.80000000000001,30.19999999999999,57.19999999999999,48833 -> 48837 | Manchester to Hazel Grove | PM peak
48835 -> 48831,48835,48831,Hazel Grove to Manchester,AM interpeak,E01005234,East Road,Slade Lane,192,185.8130000000001,6.0,9.0,0.09,0.11371755600000005,9.0,64.0,91.0,48835 -> 48831 | Hazel Grove to Manchester | AM interpeak
48835 -> 48831,48835,48831,Hazel Grove to Manchester,AM peak,E01005234,East Road,Slade Lane,122,185.8130000000001,9.0,16.0,0.16,0.2021645440000001,16.0,57.0,84.0,48835 -> 48831 | Hazel Grove to Manchester | AM peak
48835 -> 48831,48835,48831,Hazel Grove to Manchester,Evening off-peak,E01005234,East Road,Slade Lane,120,185.8130000000001,18.5,27.10000000000001,0.27100000000000013,0.34241619640000026,27.100000000000012,45.89999999999999,72.89999999999999,48835 -> 48831 | Hazel Grove to Manchester | Evening off-peak
48835 -> 48831,48835,48831,Hazel Grove to Manchester,Night/Early morning off-peak,E01005234,East Road,Slade Lane,79,185.8130000000001,27.0,41.0,0.41,0.5180466440000002,41.0,32.0,59.0,48835 -> 48831 | Hazel Grove to Manchester | Night/Early morning off-peak
48835 -> 48831,48835,48831,Hazel Grove to Manchester,PM interpeak,E01005234,East Road,Slade Lane,99,185.8130000000001,12.0,20.0,0.2,0.25270568000000015,20.0,53.0,80.0,48835 -> 48831 | Hazel Grove to Manchester | PM interpeak
48835 -> 48831,48835,48831,Hazel Grove to Manchester,PM peak,E01005234,East Road,Slade Lane,150,185.8130000000001,19.0,27.0,0.27,0.34115266800000016,27.0,46.0,73.0,48835 -> 48831 | Hazel Grove to Manchester | PM peak
48837 -> 48657,48837,48657,Manchester to Hazel Grove,AM interpeak,E01034137,East Road,Longden Road,192,377.8609999999999,8.0,12.0,0.12,0.3083345759999999,12.0,61.0,88.0,48837 -> 48657 | Manchester to Hazel Grove | AM interpeak
48837 -> 48657,48837,48657,Manchester to Hazel Grove,AM peak,E01034137,East Road,Longden Road,112,377.8609999999999,28.5,58.900000000000006,0.5890000000000001,1.5134088771999994,58.900000000000006,14.099999999999994,41.099999999999994,48837 -> 48657 | Manchester to Hazel Grove | AM peak
48837 -> 48657,48837,48657,Manchester to Hazel Grove,Evening off-peak,E01034137,East Road,Longden Road,141,377.8609999999999,7.0,15.0,0.15,0.3854182199999999,15.0,58.0,85.0,48837 -> 48657 | Manchester to Hazel Grove | Evening off-peak
48837 -> 48657,48837,48657,Manchester to Hazel Grove,Night/Early morning off-peak,E01034137,East Road,Longden Road,73,377.8609999999999,16.0,23.799999999999997,0.23799999999999996,0.6115302423999998,23.799999999999997,49.2,76.2,48837 -> 48657 | Manchester to Hazel Grove | Night/Early morning off-peak
48837 -> 48657,48837,48657,Manchester to Hazel Grove,PM interpeak,E01034137,East Road,Longden Road,96,377.8609999999999,30.5,46.5,0.46499999999999997,1.1947964819999997,46.5,26.5,53.5,48837 -> 48657 | Manchester to Hazel Grove | PM interpeak
48837 -> 48657,48837,48657,Manchester to Hazel Grove,PM peak,E01034137,East Road,Longden Road,152,377.8609999999999,29.0,44.0,0.44,1.1305601119999997,44.0,29.0,56.0,48837 -> 48657 | Manchester to Hazel Grove | PM peak
50410 -> 50414,50410,50414,Hazel Grove to Manchester,AM interpeak,E01005232,Longsight Library & Learning Centre,Plymouth Grove,194,331.66799999999967,6.0,9.0,0.09,0.20298081599999981,9.0,64.0,91.0,50410 -> 50414 | Hazel Grove to Manchester | AM interpeak
50410 -> 50414,50410,50414,Hazel Grove to Manchester,AM peak,E01005232,Longsight Library & Learning Centre,Plymouth Grove,119,331.66799999999967,9.0,17.0,0.17,0.3834082079999996,17.0,56.0,83.0,50410 -> 50414 | Hazel Grove to Manchester | AM peak
50410 -> 50414,50410,50414,Hazel Grove to Manchester,Evening off-peak,E01005232,Longsight Library & Learning Centre,Plymouth Grove,122,331.66799999999967,18.0,26.900000000000006,0.2690000000000001,0.6066871055999995,26.900000000000006,46.099999999999994,73.1,50410 -> 50414 | Hazel Grove to Manchester | Evening off-peak
50410 -> 50414,50410,50414,Hazel Grove to Manchester,Night/Early morning off-peak,E01005232,Longsight Library & Learning Centre,Plymouth Grove,80,331.66799999999967,25.0,38.10000000000001,0.3810000000000001,0.8592854543999994,38.10000000000001,34.89999999999999,61.89999999999999,50410 -> 50414 | Hazel Grove to Manchester | Night/Early morning off-peak
50410 -> 50414,50410,50414,Hazel Grove to Manchester,PM interpeak,E01005232,Longsight Library & Learning Centre,Plymouth Grove,100,331.6680000000001,12.0,20.0,0.2,0.45106848000000205,20.0,53.0,80.0,50410 -> 50414 | Hazel Grove to Manchester | PM interpeak
50410 -> 50414,50410,50414,Hazel Grove to Manchester,PM peak,E01005232,Longsight Library & Learning Centre,Plymouth Grove,147,331.6680000000006,18.0,25.0,0.25,0.5638356000000007,25.0,48.0,75.0,50410 -> 50414 | Hazel Grove to Manchester | PM peak
50414 -> 50416,50414,50416,Hazel Grove to Manchester,AM interpeak,E01034119,Plymouth Grove,Longsight Police Station,193,189.02399999999943,6.0,9.0,0.09,0.11568207600000008,9.0,64.0,91.0,50414 -> 50416 | Hazel Grove to Manchester | AM interpeak
50414 -> 50416,50414,50416,Hazel Grove to Manchester,AM peak,E01034119,Plymouth Grove,Longsight Police Station,121,189.02399999999943,9.0,17.0,0.17,0.21851174400000142,17.0,56.0,83.0,50414 -> 50416 | Hazel Grove to Manchester | AM peak
50414 -> 50416,50414,50416,Hazel Grove to Manchester,Evening off-peak,E01034119,Plymouth Grove,Longsight Police Station,122,189.02400000000125,18.0,26.0,0.26,0.3341944320000022,26.0,47.0,74.0,50414 -> 50416 | Hazel Grove to Manchester | Evening off-peak
50414 -> 50416,50414,50416,Hazel Grove to Manchester,Night/Early morning off-peak,E01034119,Plymouth Grove,Longsight Police Station,78,189.02399999999943,23.5,37.599999999999994,0.37599999999999995,0.48329656319999853,37.599999999999994,35.400000000000006,62.400000000000006,50414 -> 50416 | Hazel Grove to Manchester | Night/Early morning off-peak
50414 -> 50416,50414,50416,Hazel Grove to Manchester,PM interpeak,E01034119,Plymouth Grove,Longsight Police Station,99,189.02399999999943,12.0,20.200000000000003,0.20200000000000004,0.2596433664000018,20.200000000000003,52.8,79.8,50414 -> 50416 | Hazel Grove to Manchester | PM interpeak
50414 -> 50416,50414,50416,Hazel Grove to Manchester,PM peak,E01034119,Plymouth Grove,Longsight Police Station,149,189.02399999999943,18.0,25.200000000000017,0.25200000000000017,0.3239115264000017,25.200000000000017,47.79999999999998,74.79999999999998,50414 -> 50416 | Hazel Grove to Manchester | PM peak
50416 -> 50418,50416,50418,Hazel Grove to Manchester,AM interpeak,E01034119,Longsight Police Station,Plymouth Grove West,193,196.97199999999975,5.0,8.0,0.08,0.10715331199999999,8.0,65.0,92.0,50416 -> 50418 | Hazel Grove to Manchester | AM interpeak
50416 -> 50418,50416,50418,Hazel Grove to Manchester,AM peak,E01034119,Longsight Police Station,Plymouth Grove West,119,196.97199999999975,9.0,17.200000000000003,0.17200000000000004,0.23037845119999975,17.200000000000003,55.8,82.8,50416 -> 50418 | Hazel Grove to Manchester | AM peak
50416 -> 50418,50416,50418,Hazel Grove to Manchester,Evening off-peak,E01034119,Longsight Police Station,Plymouth Grove West,122,196.97199999999975,17.0,26.0,0.26,0.3482464959999996,26.0,47.0,74.0,50416 -> 50418 | Hazel Grove to Manchester | Evening off-peak
50416 -> 50418,50416,50418,Hazel Grove to Manchester,Night/Early morning off-peak,E01034119,Longsight Police Station,Plymouth Grove West,78,196.97199999999975,23.5,36.0,0.36,0.4821874559999994,36.0,37.0,64.0,50416 -> 50418 | Hazel Grove to Manchester | Night/Early morning off-peak
50416 -> 50418,50416,50418,Hazel Grove to Manchester,PM interpeak,E01034119,Longsight Police Station,Plymouth Grove West,100,196.97199999999975,12.0,22.0,0.22,0.29467011199999965,22.0,51.0,78.0,50416 -> 50418 | Hazel Grove to Manchester | PM interpeak
50416 -> 50418,50416,50418,Hazel Grove to Manchester,PM peak,E01034119,Longsight Police Station,Plymouth Grove West,150,196.97199999999975,16.5,24.099999999999994,0.24099999999999994,0.32279771359999954,24.099999999999994,48.900000000000006,75.9,50416 -> 50418 | Hazel Grove to Manchester | PM peak
50418 -> 50420,50418,50420,Hazel Grove to Manchester,AM interpeak,E01005063,Plymouth Grove West,Winterford Avenue,194,305.6999999999989,5.0,8.0,0.08,0.1663002559999998,8.0,65.0,92.0,50418 -> 50420 | Hazel Grove to Manchester | AM interpeak
50418 -> 50420,50418,50420,Hazel Grove to Manchester,AM peak,E01005063,Plymouth Grove West,Winterford Avenue,118,305.6999999999989,9.0,17.0,0.17,0.35338919999999874,17.0,56.0,83.0,50418 -> 50420 | Hazel Grove to Manchester | AM peak
50418 -> 50420,50418,50420,Hazel Grove to Manchester,Evening off-peak,E01005063,Plymouth Grove West,Winterford Avenue,122,305.6999999999989,17.0,25.900000000000006,0.25900000000000006,0.5383988399999983,25.900000000000006,47.099999999999994,74.1,50418 -> 50420 | Hazel Grove to Manchester | Evening off-peak
50418 -> 50420,50418,50420,Hazel Grove to Manchester,Night/Early morning off-peak,E01005063,Plymouth Grove West,Winterford Avenue,79,305.6999999999989,23.0,34.2,0.342,0.7109359199999975,34.2,38.8,65.8,50418 -> 50420 | Hazel Grove to Manchester | Night/Early morning off-peak
50418 -> 50420,50418,50420,Hazel Grove to Manchester,PM interpeak,E01005063,Plymouth Grove West,Winterford Avenue,100,305.6999999999998,13.0,21.0,0.21,0.4365395999999987,21.0,52.0,79.0,50418 -> 50420 | Hazel Grove to Manchester | PM interpeak
50418 -> 50420,50418,50420,Hazel Grove to Manchester,PM peak,E01005063,Plymouth Grove West,Winterford Avenue,149,305.7000000000007,16.0,23.200000000000017,0.23200000000000018,0.48227232000000153,23.200000000000017,49.79999999999998,76.79999999999998,50418 -> 50420 | Hazel Grove to Manchester | PM peak
50420 -> 50422,50420,50422,Hazel Grove to Manchester,AM interpeak,E01005063,Winterford Avenue,Devonshire Street,193,250.82600000000093,5.0,7.800000000000011,0.07800000000000011,0.13303820559999985,7.800000000000011,65.19999999999999,92.19999999999999,50420 -> 50422 | Hazel Grove to Manchester | AM interpeak
50420 -> 50422,50420,50422,Hazel Grove to Manchester,AM peak,E01005063,Winterford Avenue,Devonshire Street,118,250.82600000000093,9.0,17.0,0.17,0.28995485599999954,17.0,56.0,83.0,50420 -> 50422 | Hazel Grove to Manchester | AM peak
50420 -> 50422,50420,50422,Hazel Grove to Manchester,Evening off-peak,E01005063,Winterford Avenue,Devonshire Street,119,250.82600000000093,16.0,24.200000000000003,0.24200000000000002,0.4127592656000016,24.200000000000003,48.8,75.8,50420 -> 50422 | Hazel Grove to Manchester | Evening off-peak
50420 -> 50422,50420,50422,Hazel Grove to Manchester,Night/Early morning off-peak,E01005063,Winterford Avenue,Devonshire Street,83,250.82600000000093,24.0,33.599999999999994,0.33599999999999997,0.573087244800002,33.599999999999994,39.400000000000006,66.4,50420 -> 50422 | Hazel Grove to Manchester | Night/Early morning off-peak
50420 -> 50422,50420,50422,Hazel Grove to Manchester,PM interpeak,E01005063,Winterford Avenue,Devonshire Street,99,250.82600000000093,13.0,22.0,0.22,0.37523569599999923,22.0,51.0,78.0,50420 -> 50422 | Hazel Grove to Manchester | PM interpeak
50420 -> 50422,50420,50422,Hazel Grove to Manchester,PM peak,E01005063,Winterford Avenue,Devonshire Street,150,250.82600000000002,16.0,23.0,0.23,0.3922918639999986,23.0,50.0,77.0,50420 -> 50422 | Hazel Grove to Manchester | PM peak
50422 -> 50428,50422,50428,Hazel Grove to Manchester,AM interpeak,E01005063,Devonshire Street,Cavanagh Close,192,302.8600000000006,4.0,7.0,0.07,0.14416136000000027,7.000000000000001,66.0,93.0,50422 -> 50428 | Hazel Grove to Manchester | AM interpeak
50422 -> 50428,50422,50428,Hazel Grove to Manchester,AM peak,E01005063,Devonshire Street,Cavanagh Close,118,302.8600000000006,9.0,17.599999999999994,0.17599999999999996,0.36246284800000056,17.599999999999998,55.400000000000006,82.4,50422 -> 50428 | Hazel Grove to Manchester | AM peak
50422 -> 50428,50422,50428,Hazel Grove to Manchester,Evening off-peak,E01005063,Devonshire Street,Cavanagh Close,119,302.8600000000006,15.0,24.200000000000003,0.24200000000000002,0.49838641600000094,24.200000000000003,48.8,75.8,50422 -> 50428 | Hazel Grove to Manchester | Evening off-peak
50422 -> 50428,50422,50428,Hazel Grove to Manchester,Night/Early morning off-peak,E01005063,Devonshire Street,Cavanagh Close,83,302.8600000000006,23.0,35.8,0.35799999999999993,0.7372823840000013,35.79999999999999,37.2,64.2,50422 -> 50428 | Hazel Grove to Manchester | Night/Early morning off-peak
50422 -> 50428,50422,50428,Hazel Grove to Manchester,PM interpeak,E01005063,Devonshire Street,Cavanagh Close,100,302.8600000000006,14.0,23.0,0.23,0.47367304000000093,23.0,50.0,77.0,50422 -> 50428 | Hazel Grove to Manchester | PM interpeak
50422 -> 50428,50422,50428,Hazel Grove to Manchester,PM peak,E01005063,Devonshire Street,Cavanagh Close,150,302.8600000000006,15.0,23.0,0.23,0.47367304000000093,23.0,50.0,77.0,50422 -> 50428 | Hazel Grove to Manchester | PM peak
50424 -> 50430,50424,50430,Manchester to Hazel Grove,AM interpeak,E01005065,Apollo Theatre,Cavanagh Close,194,302.961,3.0,6.0,0.06,0.123608088,6.0,67.0,94.0,50424 -> 50430 | Manchester to Hazel Grove | AM interpeak
50424 -> 50430,50424,50430,Manchester to Hazel Grove,AM peak,E01005065,Apollo Theatre,Cavanagh Close,115,302.961,12.0,27.0,0.27,0.5562363960000001,27.0,46.0,73.0,50424 -> 50430 | Manchester to Hazel Grove | AM peak
50424 -> 50430,50424,50430,Manchester to Hazel Grove,Evening off-peak,E01005065,Apollo Theatre,Cavanagh Close,133,302.961,4.0,8.0,0.08,0.16481078400000004,8.0,65.0,92.0,50424 -> 50430 | Manchester to Hazel Grove | Evening off-peak
50424 -> 50430,50424,50430,Manchester to Hazel Grove,Night/Early morning off-peak,E01005065,Apollo Theatre,Cavanagh Close,75,302.961,7.0,14.0,0.14,0.28841887200000005,14.000000000000002,59.0,86.0,50424 -> 50430 | Manchester to Hazel Grove | Night/Early morning off-peak
50424 -> 50430,50424,50430,Manchester to Hazel Grove,PM interpeak,E01005065,Apollo Theatre,Cavanagh Close,97,302.961,14.0,23.400000000000006,0.23400000000000007,0.4820715432000002,23.400000000000006,49.599999999999994,76.6,50424 -> 50430 | Manchester to Hazel Grove | PM interpeak
50424 -> 50430,50424,50430,Manchester to Hazel Grove,PM peak,E01005065,Apollo Theatre,Cavanagh Close,152,302.961,14.0,23.0,0.23,0.47383100400000006,23.0,50.0,77.0,50424 -> 50430 | Manchester to Hazel Grove | PM peak
50426 -> 54156,50426,54156,Hazel Grove to Manchester,AM interpeak,E01005065,Apollo Theatre,Ardwick Green Park,194,273.14600000000064,4.0,7.0,0.07,0.1300170200000002,7.000000000000001,66.0,93.0,50426 -> 54156 | Hazel Grove to Manchester | AM interpeak
50426 -> 54156,50426,54156,Hazel Grove to Manchester,AM peak,E01005065,Apollo Theatre,Ardwick Green Park,115,273.14600000000064,9.0,19.0,0.19,0.3529046320000009,19.0,54.0,81.0,50426 -> 54156 | Hazel Grove to Manchester | AM peak
50426 -> 54156,50426,54156,Hazel Grove to Manchester,Evening off-peak,E01005065,Apollo Theatre,Ardwick Green Park,120,273.14600000000064,14.0,22.0,0.22,0.408626416000001,22.0,51.0,78.0,50426 -> 54156 | Hazel Grove to Manchester | Evening off-peak
50426 -> 54156,50426,54156,Hazel Grove to Manchester,Night/Early morning off-peak,E01005065,Apollo Theatre,Ardwick Green Park,82,273.14600000000064,22.0,33.900000000000006,0.3390000000000001,0.6296561592000016,33.900000000000006,39.099999999999994,66.1,50426 -> 54156 | Hazel Grove to Manchester | Night/Early morning off-peak
50426 -> 54156,50426,54156,Hazel Grove to Manchester,PM interpeak,E01005065,Apollo Theatre,Ardwick Green Park,99,273.14600000000064,14.0,22.200000000000003,0.22200000000000003,0.41234120160000104,22.200000000000003,50.8,77.8,50426 -> 54156 | Hazel Grove to Manchester | PM interpeak
50426 -> 54156,50426,54156,Hazel Grove to Manchester,PM peak,E01005065,Apollo Theatre,Ardwick Green Park,152,273.14600000000064,14.0,22.0,0.22,0.408626416000001,22.0,51.0,78.0,50426 -> 54156 | Hazel Grove to Manchester | PM peak
50428 -> 50426,50428,50426,Hazel Grove to Manchester,AM interpeak,E01005065,Cavanagh Close,Apollo Theatre,193,292.6129999999994,4.0,7.0,0.07,0.13928378799999971,7.000000000000001,66.0,93.0,50428 -> 50426 | Hazel Grove to Manchester | AM interpeak
50428 -> 50426,50428,50426,Hazel Grove to Manchester,AM peak,E01005065,Cavanagh Close,Apollo Theatre,116,292.6129999999994,9.0,19.5,0.195,0.3880048379999992,19.5,53.5,80.5,50428 -> 50426 | Hazel Grove to Manchester | AM peak
50428 -> 50426,50428,50426,Hazel Grove to Manchester,Evening off-peak,E01005065,Cavanagh Close,Apollo Theatre,120,292.6129999999994,15.0,24.0,0.24,0.477544415999999,24.0,49.0,76.0,50428 -> 50426 | Hazel Grove to Manchester | Evening off-peak
50428 -> 50426,50428,50426,Hazel Grove to Manchester,Night/Early morning off-peak,E01005065,Cavanagh Close,Apollo Theatre,82,292.6129999999994,22.5,32.900000000000006,0.32900000000000007,0.6546338035999989,32.900000000000006,40.099999999999994,67.1,50428 -> 50426 | Hazel Grove to Manchester | Night/Early morning off-peak
50428 -> 50426,50428,50426,Hazel Grove to Manchester,PM interpeak,E01005065,Cavanagh Close,Apollo Theatre,99,292.6129999999994,15.0,23.0,0.23,0.45764673199999906,23.0,50.0,77.0,50428 -> 50426 | Hazel Grove to Manchester | PM interpeak
50428 -> 50426,50428,50426,Hazel Grove to Manchester,PM peak,E01005065,Cavanagh Close,Apollo Theatre,152,292.6129999999994,15.0,22.0,0.22,0.4377490479999991,22.0,51.0,78.0,50428 -> 50426 | Hazel Grove to Manchester | PM peak
50430 -> 50432,50430,50432,Manchester to Hazel Grove,AM interpeak,E01005063,Cavanagh Close,Devonshire Street,194,297.3700000000001,4.0,7.0,0.07,0.14154812000000006,7.000000000000001,66.0,93.0,50430 -> 50432 | Manchester to Hazel Grove | AM interpeak
50430 -> 50432,50430,50432,Manchester to Hazel Grove,AM peak,E01005063,Cavanagh Close,Devonshire Street,115,297.3700000000001,15.0,30.200000000000017,0.30200000000000016,0.6106790320000006,30.200000000000017,42.79999999999998,69.79999999999998,50430 -> 50432 | Manchester to Hazel Grove | AM peak
50430 -> 50432,50430,50432,Manchester to Hazel Grove,Evening off-peak,E01005063,Cavanagh Close,Devonshire Street,133,297.3700000000001,4.0,9.0,0.09,0.1819904400000001,9.0,64.0,91.0,50430 -> 50432 | Manchester to Hazel Grove | Evening off-peak
50430 -> 50432,50430,50432,Manchester to Hazel Grove,Night/Early morning off-peak,E01005063,Cavanagh Close,Devonshire Street,75,297.3700000000001,8.0,16.60000000000001,0.1660000000000001,0.3356712560000003,16.60000000000001,56.39999999999999,83.39999999999999,50430 -> 50432 | Manchester to Hazel Grove | Night/Early morning off-peak
50430 -> 50432,50430,50432,Manchester to Hazel Grove,PM interpeak,E01005063,Cavanagh Close,Devonshire Street,97,297.3700000000001,16.0,27.0,0.27,0.5459713200000003,27.0,46.0,73.0,50430 -> 50432 | Manchester to Hazel Grove | PM interpeak
50430 -> 50432,50430,50432,Manchester to Hazel Grove,PM peak,E01005063,Cavanagh Close,Devonshire Street,152,297.3700000000001,17.0,25.900000000000006,0.25900000000000006,0.5237280440000003,25.900000000000006,47.099999999999994,74.1,50430 -> 50432 | Manchester to Hazel Grove | PM peak
50432 -> 50434,50432,50434,Manchester to Hazel Grove,AM interpeak,E01005063,Devonshire Street,Winterford Avenue,194,239.0590000000002,4.0,8.0,0.08,0.1300480960000001,8.0,65.0,92.0,50432 -> 50434 | Manchester to Hazel Grove | AM interpeak
50432 -> 50434,50432,50434,Manchester to Hazel Grove,AM peak,E01005063,Devonshire Street,Winterford Avenue,113,239.0590000000002,16.0,34.599999999999994,0.3459999999999999,0.5624580152000004,34.599999999999994,38.400000000000006,65.4,50432 -> 50434 | Manchester to Hazel Grove | AM peak
50432 -> 50434,50432,50434,Manchester to Hazel Grove,Evening off-peak,E01005063,Devonshire Street,Winterford Avenue,135,239.0590000000002,5.0,9.600000000000009,0.09600000000000009,0.15605771520000025,9.600000000000009,63.39999999999999,90.39999999999999,50432 -> 50434 | Manchester to Hazel Grove | Evening off-peak
50432 -> 50434,50432,50434,Manchester to Hazel Grove,Night/Early morning off-peak,E01005063,Devonshire Street,Winterford Avenue,75,239.0590000000002,10.0,18.0,0.18,0.2926082160000002,18.0,55.0,82.0,50432 -> 50434 | Manchester to Hazel Grove | Night/Early morning off-peak
50432 -> 50434,50432,50434,Manchester to Hazel Grove,PM interpeak,E01005063,Devonshire Street,Winterford Avenue,97,239.0590000000002,18.0,29.400000000000006,0.29400000000000004,0.47792675280000047,29.400000000000006,43.599999999999994,70.6,50432 -> 50434 | Manchester to Hazel Grove | PM interpeak
50432 -> 50434,50432,50434,Manchester to Hazel Grove,PM peak,E01005063,Devonshire Street,Winterford Avenue,152,239.0590000000002,20.0,29.0,0.29,0.4714243480000004,28.999999999999996,44.0,71.0,50432 -> 50434 | Manchester to Hazel Grove | PM peak
50434 -> 50436,50434,50436,Manchester to Hazel Grove,AM interpeak,E01005239,Winterford Avenue,Plymouth Grove West,193,283.06899999999996,5.0,9.0,0.09,0.17323822799999997,9.0,64.0,91.0,50434 -> 50436 | Manchester to Hazel Grove | AM interpeak
50434 -> 50436,50434,50436,Manchester to Hazel Grove,AM peak,E01005239,Winterford Avenue,Plymouth Grove West,113,283.06899999999996,19.0,40.599999999999994,0.4059999999999999,0.7814968951999998,40.599999999999994,32.400000000000006,59.400000000000006,50434 -> 50436 | Manchester to Hazel Grove | AM peak
50434 -> 50436,50434,50436,Manchester to Hazel Grove,Evening off-peak,E01005239,Winterford Avenue,Plymouth Grove West,135,283.06899999999996,5.0,10.600000000000009,0.1060000000000001,0.20403613520000013,10.600000000000009,62.39999999999999,89.39999999999999,50434 -> 50436 | Manchester to Hazel Grove | Evening off-peak
50434 -> 50436,50434,50436,Manchester to Hazel Grove,Night/Early morning off-peak,E01005239,Winterford Avenue,Plymouth Grove West,75,283.06899999999996,11.0,20.60000000000001,0.20600000000000007,0.3965230552000001,20.60000000000001,52.39999999999999,79.39999999999999,50434 -> 50436 | Manchester to Hazel Grove | Night/Early morning off-peak
50434 -> 50436,50434,50436,Manchester to Hazel Grove,PM interpeak,E01005239,Winterford Avenue,Plymouth Grove West,97,283.06899999999996,20.0,32.0,0.32,0.6159581439999999,32.0,41.0,68.0,50434 -> 50436 | Manchester to Hazel Grove | PM interpeak
50434 -> 50436,50434,50436,Manchester to Hazel Grove,PM peak,E01005239,Winterford Avenue,Plymouth Grove West,153,283.06899999999996,22.0,32.80000000000001,0.3280000000000001,0.6313570976000001,32.80000000000001,40.19999999999999,67.19999999999999,50434 -> 50436 | Manchester to Hazel Grove | PM peak
50436 -> 50438,50436,50438,Manchester to Hazel Grove,AM interpeak,E01005239,Plymouth Grove West,Plymouth Grove,193,309.6189999999997,5.0,10.0,0.1,0.2105409199999998,10.0,63.0,90.0,50436 -> 50438 | Manchester to Hazel Grove | AM interpeak
50436 -> 50438,50436,50438,Manchester to Hazel Grove,AM peak,E01005239,Plymouth Grove West,Plymouth Grove,114,309.6189999999997,21.0,45.0,0.45,0.9474341399999991,45.0,28.0,55.0,50436 -> 50438 | Manchester to Hazel Grove | AM peak
50436 -> 50438,50436,50438,Manchester to Hazel Grove,Evening off-peak,E01005239,Plymouth Grove West,Plymouth Grove,136,309.6189999999997,6.0,11.0,0.11,0.23159501199999977,11.0,62.0,89.0,50436 -> 50438 | Manchester to Hazel Grove | Evening off-peak
50436 -> 50438,50436,50438,Manchester to Hazel Grove,Night/Early morning off-peak,E01005239,Plymouth Grove West,Plymouth Grove,74,309.6189999999997,12.0,20.0,0.2,0.4210818399999996,20.0,53.0,80.0,50436 -> 50438 | Manchester to Hazel Grove | Night/Early morning off-peak
50436 -> 50438,50436,50438,Manchester to Hazel Grove,PM interpeak,E01005239,Plymouth Grove West,Plymouth Grove,96,309.6189999999997,23.0,34.0,0.34,0.7158391279999993,34.0,39.0,66.0,50436 -> 50438 | Manchester to Hazel Grove | PM interpeak
50436 -> 50438,50436,50438,Manchester to Hazel Grove,PM peak,E01005239,Plymouth Grove West,Plymouth Grove,153,309.6189999999997,24.0,35.80000000000001,0.3580000000000001,0.7537364935999995,35.80000000000001,37.19999999999999,64.19999999999999,50436 -> 50438 | Manchester to Hazel Grove | PM peak
50438 -> 50442,50438,50442,Manchester to Hazel Grove,AM interpeak,E01005239,Plymouth Grove,Longsight Library & Learning Centre,194,407.18499999999995,6.0,10.0,0.1,0.2768858,10.0,63.0,90.0,50438 -> 50442 | Manchester to Hazel Grove | AM interpeak
50438 -> 50442,50438,50442,Manchester to Hazel Grove,AM peak,E01005239,Plymouth Grove,Longsight Library & Learning Centre,112,407.18499999999995,23.0,47.900000000000006,0.47900000000000004,1.326282982,47.900000000000006,25.099999999999994,52.099999999999994,50438 -> 50442 | Manchester to Hazel Grove | AM peak
50438 -> 50442,50438,50442,Manchester to Hazel Grove,Evening off-peak,E01005239,Plymouth Grove,Longsight Library & Learning Centre,138,407.18499999999995,7.0,13.0,0.13,0.35995153999999996,13.0,60.0,87.0,50438 -> 50442 | Manchester to Hazel Grove | Evening off-peak
50438 -> 50442,50438,50442,Manchester to Hazel Grove,Night/Early morning off-peak,E01005239,Plymouth Grove,Longsight Library & Learning Centre,74,407.18499999999995,12.0,22.0,0.22,0.60914876,22.0,51.0,78.0,50438 -> 50442 | Manchester to Hazel Grove | Night/Early morning off-peak
50438 -> 50442,50438,50442,Manchester to Hazel Grove,PM interpeak,E01005239,Plymouth Grove,Longsight Library & Learning Centre,97,407.18499999999995,26.0,37.80000000000001,0.3780000000000001,1.0466283240000003,37.80000000000001,35.19999999999999,62.19999999999999,50438 -> 50442 | Manchester to Hazel Grove | PM interpeak
50438 -> 50442,50438,50442,Manchester to Hazel Grove,PM peak,E01005239,Plymouth Grove,Longsight Library & Learning Centre,151,407.18499999999995,26.0,39.0,0.39,1.0798546199999999,39.0,34.0,61.0,50438 -> 50442 | Manchester to Hazel Grove | PM peak
50442 -> 48833,50442,48833,Manchester to Hazel Grove,AM interpeak,E01005232,Longsight Library & Learning Centre,Slade Lane,193,504.5060000000003,6.0,11.0,0.11,0.3773704880000003,11.0,62.0,89.0,50442 -> 48833 | Manchester to Hazel Grove | AM interpeak
50442 -> 48833,50442,48833,Manchester to Hazel Grove,AM peak,E01005232,Longsight Library & Learning Centre,Slade Lane,111,504.5060000000003,25.0,56.0,0.56,1.9211588480000013,56.00000000000001,17.0,44.0,50442 -> 48833 | Manchester to Hazel Grove | AM peak
50442 -> 48833,50442,48833,Manchester to Hazel Grove,Evening off-peak,E01005232,Longsight Library & Learning Centre,Slade Lane,139,504.5060000000003,7.0,14.0,0.14,0.4802897120000003,14.000000000000002,59.0,86.0,50442 -> 48833 | Manchester to Hazel Grove | Evening off-peak
50442 -> 48833,50442,48833,Manchester to Hazel Grove,Night/Early morning off-peak,E01005232,Longsight Library & Learning Centre,Slade Lane,74,504.5060000000003,13.5,23.0,0.23,0.7890473840000005,23.0,50.0,77.0,50442 -> 48833 | Manchester to Hazel Grove | Night/Early morning off-peak
50442 -> 48833,50442,48833,Manchester to Hazel Grove,PM interpeak,E01005232,Longsight Library & Learning Centre,Slade Lane,96,504.5060000000003,28.0,41.0,0.41,1.4065627280000008,41.0,32.0,59.0,50442 -> 48833 | Manchester to Hazel Grove | PM interpeak
50442 -> 48833,50442,48833,Manchester to Hazel Grove,PM peak,E01005232,Longsight Library & Learning Centre,Slade Lane,153,504.5060000000003,27.0,40.80000000000001,0.4080000000000001,1.3997014464000013,40.80000000000001,32.19999999999999,59.19999999999999,50442 -> 48833 | Manchester to Hazel Grove | PM peak
50826 -> 129934,50826,129934,Hazel Grove to Manchester,AM interpeak,E01033654,Minshull Street,Piccadilly Gardens,194,371.98199999999997,3.0,6.0,0.06,0.15176865599999997,6.0,67.0,94.0,50826 -> 129934 | Hazel Grove to Manchester | AM interpeak
50826 -> 129934,50826,129934,Hazel Grove to Manchester,AM peak,E01033654,Minshull Street,Piccadilly Gardens,113,371.98199999999997,9.0,19.799999999999997,0.19799999999999998,0.5008365647999999,19.799999999999997,53.2,80.2,50826 -> 129934 | Hazel Grove to Manchester | AM peak
50826 -> 129934,50826,129934,Hazel Grove to Manchester,Evening off-peak,E01033654,Minshull Street,Piccadilly Gardens,125,371.98199999999997,14.0,20.60000000000001,0.20600000000000007,0.5210723856000001,20.60000000000001,52.39999999999999,79.39999999999999,50826 -> 129934 | Hazel Grove to Manchester | Evening off-peak
50826 -> 129934,50826,129934,Hazel Grove to Manchester,Night/Early morning off-peak,E01033654,Minshull Street,Piccadilly Gardens,80,371.98199999999997,22.0,32.0,0.32,0.809432832,32.0,41.0,68.0,50826 -> 129934 | Hazel Grove to Manchester | Night/Early morning off-peak
50826 -> 129934,50826,129934,Hazel Grove to Manchester,PM interpeak,E01033654,Minshull Street,Piccadilly Gardens,99,371.98199999999997,15.0,23.200000000000003,0.23200000000000004,0.5868388032,23.200000000000003,49.8,76.8,50826 -> 129934 | Hazel Grove to Manchester | PM interpeak
50826 -> 129934,50826,129934,Hazel Grove to Manchester,PM peak,E01033654,Minshull Street,Piccadilly Gardens,151,371.98199999999997,12.0,19.0,0.19,0.48060074399999997,19.0,54.0,81.0,50826 -> 129934 | Hazel Grove to Manchester | PM peak
54150 -> 48350,54150,48350,Hazel Grove to Manchester,AM interpeak,E01005065,Grosvenor Street,Travis Street,194,430.6170000000002,3.0,6.0,0.06,0.17569173600000007,6.0,67.0,94.0,54150 -> 48350 | Hazel Grove to Manchester | AM interpeak
54150 -> 48350,54150,48350,Hazel Grove to Manchester,AM peak,E01005065,Grosvenor Street,Travis Street,115,430.6170000000002,9.0,19.60000000000001,0.1960000000000001,0.5739263376000006,19.60000000000001,53.39999999999999,80.39999999999999,54150 -> 48350 | Hazel Grove to Manchester | AM peak
54150 -> 48350,54150,48350,Hazel Grove to Manchester,Evening off-peak,E01005065,Grosvenor Street,Travis Street,123,430.6170000000002,15.0,21.0,0.21,0.6149210760000002,21.0,52.0,79.0,54150 -> 48350 | Hazel Grove to Manchester | Evening off-peak
54150 -> 48350,54150,48350,Hazel Grove to Manchester,Night/Early morning off-peak,E01005065,Grosvenor Street,Travis Street,80,430.6170000000002,22.0,33.20000000000002,0.3320000000000002,0.972160939200001,33.20000000000002,39.79999999999998,66.79999999999998,54150 -> 48350 | Hazel Grove to Manchester | Night/Early morning off-peak
54150 -> 48350,54150,48350,Hazel Grove to Manchester,PM interpeak,E01005065,Grosvenor Street,Travis Street,99,430.6170000000002,14.0,22.0,0.22,0.6442030320000003,22.0,51.0,78.0,54150 -> 48350 | Hazel Grove to Manchester | PM interpeak
54150 -> 48350,54150,48350,Hazel Grove to Manchester,PM peak,E01005065,Grosvenor Street,Travis Street,151,430.6170000000002,14.0,20.0,0.2,0.5856391200000003,20.0,53.0,80.0,54150 -> 48350 | Hazel Grove to Manchester | PM peak
54154 -> 50424,54154,50424,Manchester to Hazel Grove,AM interpeak,E01005065,Ardwick Green Park,Apollo Theatre,194,472.6109999999999,3.0,5.0,0.05,0.16068773999999997,5.0,68.0,95.0,54154 -> 50424 | Manchester to Hazel Grove | AM interpeak
54154 -> 50424,54154,50424,Manchester to Hazel Grove,AM peak,E01005065,Ardwick Green Park,Apollo Theatre,114,472.6109999999999,10.5,21.400000000000006,0.21400000000000005,0.6877435272,21.400000000000006,51.599999999999994,78.6,54154 -> 50424 | Manchester to Hazel Grove | AM peak
54154 -> 50424,54154,50424,Manchester to Hazel Grove,Evening off-peak,E01005065,Ardwick Green Park,Apollo Theatre,133,472.6109999999999,3.0,7.0,0.07,0.22496283599999994,7.000000000000001,66.0,93.0,54154 -> 50424 | Manchester to Hazel Grove | Evening off-peak
54154 -> 50424,54154,50424,Manchester to Hazel Grove,Night/Early morning off-peak,E01005065,Ardwick Green Park,Apollo Theatre,74,472.6109999999999,6.0,12.700000000000003,0.12700000000000003,0.4081468596,12.700000000000003,60.3,87.3,54154 -> 50424 | Manchester to Hazel Grove | Night/Early morning off-peak
54154 -> 50424,54154,50424,Manchester to Hazel Grove,PM interpeak,E01005065,Ardwick Green Park,Apollo Theatre,98,472.6109999999999,11.0,19.0,0.19,0.6106134119999999,19.0,54.0,81.0,54154 -> 50424 | Manchester to Hazel Grove | PM interpeak
54154 -> 50424,54154,50424,Manchester to Hazel Grove,PM peak,E01005065,Ardwick Green Park,Apollo Theatre,153,472.6109999999999,12.0,18.80000000000001,0.1880000000000001,0.6041859024000003,18.80000000000001,54.19999999999999,81.19999999999999,54154 -> 50424 | Manchester to Hazel Grove | PM peak
54156 -> 54150,54156,54150,Hazel Grove to Manchester,AM interpeak,E01005065,Ardwick Green Park,Grosvenor Street,193,251.012999999999,3.0,7.0,0.07,0.11948218799999952,7.000000000000001,66.0,93.0,54156 -> 54150 | Hazel Grove to Manchester | AM interpeak
54156 -> 54150,54156,54150,Hazel Grove to Manchester,AM peak,E01005065,Ardwick Green Park,Grosvenor Street,116,251.012999999999,9.0,20.0,0.2,0.34137767999999863,20.0,53.0,80.0,54156 -> 54150 | Hazel Grove to Manchester | AM peak
54156 -> 54150,54156,54150,Hazel Grove to Manchester,Evening off-peak,E01005065,Ardwick Green Park,Grosvenor Street,123,251.012999999999,15.0,21.0,0.21,0.3584465639999985,21.0,52.0,79.0,54156 -> 54150 | Hazel Grove to Manchester | Evening off-peak
54156 -> 54150,54156,54150,Hazel Grove to Manchester,Night/Early morning off-peak,E01005065,Ardwick Green Park,Grosvenor Street,81,251.012999999999,22.0,35.0,0.35,0.5974109399999976,35.0,38.0,65.0,54156 -> 54150 | Hazel Grove to Manchester | Night/Early morning off-peak
54156 -> 54150,54156,54150,Hazel Grove to Manchester,PM interpeak,E01005065,Ardwick Green Park,Grosvenor Street,100,251.012999999999,14.5,22.0,0.22,0.3755154479999985,22.0,51.0,78.0,54156 -> 54150 | Hazel Grove to Manchester | PM interpeak
54156 -> 54150,54156,54150,Hazel Grove to Manchester,PM peak,E01005065,Ardwick Green Park,Grosvenor Street,149,251.012999999999,14.0,20.200000000000017,0.20200000000000018,0.3447914567999989,20.200000000000017,52.79999999999998,79.79999999999998,54156 -> 54150 | Hazel Grove to Manchester | PM peak
