hotspot_key,segment_id,stop_id,next_stop_id,Direction,detailed_time_period,LSOA21CD,p90_passengers,median_distance_m,assumed_passenger_mass_kg,p90_pmd_tkm_scenario,pmd_rank
133001 -> 135632 | Manchester to Hazel Grove | AM interpeak,133001 -> 135632,133001,135632,Manchester to Hazel Grove,AM interpeak,E01005869,25.0,252.27700000000004,68,0.42887090000000005,273.0
133001 -> 135632 | Manchester to Hazel Grove | AM peak,133001 -> 135632,133001,135632,Manchester to Hazel Grove,AM peak,E01005869,69.3,252.27700000000004,68,1.1888301348000003,20.0
133001 -> 135632 | Manchester to Hazel Grove | Evening off-peak,133001 -> 135632,133001,135632,Manchester to Hazel Grove,Evening off-peak,E01005869,14.0,252.27700000000004,68,0.24016770400000004,472.0
133001 -> 135632 | Manchester to Hazel Grove | Night/Early morning off-peak,133001 -> 135632,133001,135632,Manchester to Hazel Grove,Night/Early morning off-peak,E01005869,26.0,252.27700000000004,68,0.4460257360000001,257.0
133001 -> 135632 | Manchester to Hazel Grove | PM interpeak,133001 -> 135632,133001,135632,Manchester to Hazel Grove,PM interpeak,E01005869,46.60000000000001,252.27700000000004,68,0.7994153576000003,63.0
133001 -> 135632 | Manchester to Hazel Grove | PM peak,133001 -> 135632,133001,135632,Manchester to Hazel Grove,PM peak,E01005869,40.0,252.27700000000004,68,0.6861934400000002,101.0
133049 -> 135665 | Manchester to Hazel Grove | AM interpeak,133049 -> 135665,133049,135665,Manchester to Hazel Grove,AM interpeak,E01005874,27.0,214.71799999999894,68,0.39422224799999805,304.0
133049 -> 135665 | Manchester to Hazel Grove | AM peak,133049 -> 135665,133049,135665,Manchester to Hazel Grove,AM peak,E01005874,41.900000000000006,214.71799999999894,68,0.611774525599997,133.0
133049 -> 135665 | Manchester to Hazel Grove | Evening off-peak,133049 -> 135665,133049,135665,Manchester to Hazel Grove,Evening off-peak,E01005874,11.0,214.71799999999894,68,0.1606090639999992,555.0
133049 -> 135665 | Manchester to Hazel Grove | Night/Early morning off-peak,133049 -> 135665,133049,135665,Manchester to Hazel Grove,Night/Early morning off-peak,E01005874,15.600000000000009,214.71799999999894,68,0.227772854399999,488.0
133049 -> 135665 | Manchester to Hazel Grove | PM interpeak,133049 -> 135665,133049,135665,Manchester to Hazel Grove,PM interpeak,E01005874,30.0,214.71799999999894,68,0.43802471999999787,262.0
133049 -> 135665 | Manchester to Hazel Grove | PM peak,133049 -> 135665,133049,135665,Manchester to Hazel Grove,PM peak,E01005874,24.400000000000006,214.71799999999894,68,0.35626010559999827,350.0
133230 -> 133232 | Hazel Grove to Manchester | AM interpeak,133230 -> 133232,133230,133232,Hazel Grove to Manchester,AM interpeak,E01005866,12.0,308.5690000000004,68,0.2517923040000003,458.0
133230 -> 133232 | Hazel Grove to Manchester | AM peak,133230 -> 133232,133230,133232,Hazel Grove to Manchester,AM peak,E01005866,21.0,308.5699999999997,68,0.44063795999999955,260.0
133230 -> 133232 | Hazel Grove to Manchester | Evening off-peak,133230 -> 133232,133230,133232,Hazel Grove to Manchester,Evening off-peak,E01005866,27.0,308.5699999999997,68,0.5665345199999995,170.0
133230 -> 133232 | Hazel Grove to Manchester | Night/Early morning off-peak,133230 -> 133232,133230,133232,Hazel Grove to Manchester,Night/Early morning off-peak,E01005866,36.900000000000006,308.5699999999997,68,0.7742638439999994,73.0
133230 -> 133232 | Hazel Grove to Manchester | PM interpeak,133230 -> 133232,133230,133232,Hazel Grove to Manchester,PM interpeak,E01005866,19.10000000000001,308.5699999999997,68,0.4007707159999998,298.0
133230 -> 133232 | Hazel Grove to Manchester | PM peak,133230 -> 133232,133230,133232,Hazel Grove to Manchester,PM peak,E01005866,28.0,308.5699999999997,68,0.5875172799999995,149.0
133232 -> 133234 | Hazel Grove to Manchester | AM interpeak,133232 -> 133234,133232,133234,Hazel Grove to Manchester,AM interpeak,E01005869,12.0,236.08100000000013,68,0.1926420960000001,522.0
133232 -> 133234 | Hazel Grove to Manchester | AM peak,133232 -> 133234,133232,133234,Hazel Grove to Manchester,AM peak,E01005869,19.400000000000006,236.08100000000013,68,0.31143805520000023,403.0
133232 -> 133234 | Hazel Grove to Manchester | Evening off-peak,133232 -> 133234,133232,133234,Hazel Grove to Manchester,Evening off-peak,E01005869,27.0,236.08100000000013,68,0.43344471600000023,268.0
133232 -> 133234 | Hazel Grove to Manchester | Night/Early morning off-peak,133232 -> 133234,133232,133234,Hazel Grove to Manchester,Night/Early morning off-peak,E01005869,36.900000000000006,236.08100000000013,68,0.5923744452000004,147.0
133232 -> 133234 | Hazel Grove to Manchester | PM interpeak,133232 -> 133234,133232,133234,Hazel Grove to Manchester,PM interpeak,E01005869,20.0,236.08100000000013,68,0.3210701600000002,395.0
133232 -> 133234 | Hazel Grove to Manchester | PM peak,133232 -> 133234,133232,133234,Hazel Grove to Manchester,PM peak,E01005869,27.799999999999997,236.08100000000013,68,0.44628752240000025,256.0
133234 -> 48686 | Hazel Grove to Manchester | AM interpeak,133234 -> 48686,133234,48686,Hazel Grove to Manchester,AM interpeak,E01005869,12.0,275.3989999999999,68,0.2247255839999999,493.0
133234 -> 48686 | Hazel Grove to Manchester | AM peak,133234 -> 48686,133234,48686,Hazel Grove to Manchester,AM peak,E01005869,19.0,275.39899999999943,68,0.3558155079999993,352.0
133234 -> 48686 | Hazel Grove to Manchester | Evening off-peak,133234 -> 48686,133234,48686,Hazel Grove to Manchester,Evening off-peak,E01005869,27.299999999999997,275.39799999999923,68,0.5112488471999985,212.0
133234 -> 48686 | Hazel Grove to Manchester | Night/Early morning off-peak,133234 -> 48686,133234,48686,Hazel Grove to Manchester,Night/Early morning off-peak,E01005869,38.80000000000001,275.39899999999943,68,0.7266127215999988,84.0
133234 -> 48686 | Hazel Grove to Manchester | PM interpeak,133234 -> 48686,133234,48686,Hazel Grove to Manchester,PM interpeak,E01005869,20.0,275.39899999999943,68,0.37454263999999926,326.0
133234 -> 48686 | Hazel Grove to Manchester | PM peak,133234 -> 48686,133234,48686,Hazel Grove to Manchester,PM peak,E01005869,27.700000000000017,275.39899999999943,68,0.5187415563999992,207.0
133236 -> 133230 | Hazel Grove to Manchester | AM interpeak,133236 -> 133230,133236,133230,Hazel Grove to Manchester,AM interpeak,E01005866,12.0,271.4540000000002,68,0.22150646400000013,496.0
133236 -> 133230 | Hazel Grove to Manchester | AM peak,133236 -> 133230,133236,133230,Hazel Grove to Manchester,AM peak,E01005866,22.400000000000006,271.4539999999997,68,0.41347873279999964,280.0
133236 -> 133230 | Hazel Grove to Manchester | Evening off-peak,133236 -> 133230,133236,133230,Hazel Grove to Manchester,Evening off-peak,E01005866,26.0,271.4539999999997,68,0.4799306719999995,230.0
133236 -> 133230 | Hazel Grove to Manchester | Night/Early morning off-peak,133236 -> 133230,133236,133230,Hazel Grove to Manchester,Night/Early morning off-peak,E01005866,35.80000000000001,271.4539999999997,68,0.6608276175999995,108.0
133236 -> 133230 | Hazel Grove to Manchester | PM interpeak,133236 -> 133230,133236,133230,Hazel Grove to Manchester,PM interpeak,E01005866,19.10000000000001,271.4539999999997,68,0.35256445519999985,358.0
133236 -> 133230 | Hazel Grove to Manchester | PM peak,133236 -> 133230,133236,133230,Hazel Grove to Manchester,PM peak,E01005866,27.0,271.4539999999997,68,0.49838954399999946,217.0
134130 -> 135615 | Hazel Grove to Manchester | AM interpeak,134130 -> 135615,134130,135615,Hazel Grove to Manchester,AM interpeak,E01005797,17.0,237.61000000000013,68,0.27467716000000014,436.0
134130 -> 135615 | Hazel Grove to Manchester | AM peak,134130 -> 135615,134130,135615,Hazel Grove to Manchester,AM peak,E01005797,32.0,237.61000000000013,68,0.5170393600000003,210.0
134130 -> 135615 | Hazel Grove to Manchester | Evening off-peak,134130 -> 135615,134130,135615,Hazel Grove to Manchester,Evening off-peak,E01005797,15.0,237.61000000000013,68,0.24236220000000014,468.0
134130 -> 135615 | Hazel Grove to Manchester | Night/Early morning off-peak,134130 -> 135615,134130,135615,Hazel Grove to Manchester,Night/Early morning off-peak,E01005797,25.799999999999997,237.61000000000013,68,0.4168629840000002,279.0
134130 -> 135615 | Hazel Grove to Manchester | PM interpeak,134130 -> 135615,134130,135615,Hazel Grove to Manchester,PM interpeak,E01005797,21.0,237.60950000000003,68,0.339306366,374.0
134130 -> 135615 | Hazel Grove to Manchester | PM peak,134130 -> 135615,134130,135615,Hazel Grove to Manchester,PM peak,E01005797,20.799999999999997,237.61000000000013,68,0.33607558400000015,378.0
134150 -> 135630 | Hazel Grove to Manchester | AM interpeak,134150 -> 135630,134150,135630,Hazel Grove to Manchester,AM interpeak,E01005838,14.899999999999999,237.07299999999987,68,0.24020236359999983,471.0
134150 -> 135630 | Hazel Grove to Manchester | AM peak,134150 -> 135630,134150,135630,Hazel Grove to Manchester,AM peak,E01005838,18.300000000000004,237.07299999999987,68,0.29501364119999995,417.0
134150 -> 135630 | Hazel Grove to Manchester | Evening off-peak,134150 -> 135630,134150,135630,Hazel Grove to Manchester,Evening off-peak,E01005838,9.600000000000009,237.07299999999987,68,0.15476125440000005,565.0
134150 -> 135630 | Hazel Grove to Manchester | Night/Early morning off-peak,134150 -> 135630,134150,135630,Hazel Grove to Manchester,Night/Early morning off-peak,E01005838,12.0,237.07299999999987,68,0.19345156799999988,520.0
134150 -> 135630 | Hazel Grove to Manchester | PM interpeak,134150 -> 135630,134150,135630,Hazel Grove to Manchester,PM interpeak,E01005838,16.4,237.07299999999987,68,0.2643838095999998,445.0
134150 -> 135630 | Hazel Grove to Manchester | PM peak,134150 -> 135630,134150,135630,Hazel Grove to Manchester,PM peak,E01005838,16.199999999999996,237.07299999999987,68,0.26115961679999977,450.0
134160 -> 134461 | Hazel Grove to Manchester | AM interpeak,134160 -> 134461,134160,134461,Hazel Grove to Manchester,AM interpeak,E01005917,17.0,236.89900000000034,68,0.2738552440000004,439.0
134160 -> 134461 | Hazel Grove to Manchester | AM peak,134160 -> 134461,134160,134461,Hazel Grove to Manchester,AM peak,E01005917,29.0,236.89900000000034,68,0.4671648280000007,244.0
134160 -> 134461 | Hazel Grove to Manchester | Evening off-peak,134160 -> 134461,134160,134461,Hazel Grove to Manchester,Evening off-peak,E01005917,19.0,236.89900000000034,68,0.30607350800000044,407.0
134160 -> 134461 | Hazel Grove to Manchester | Night/Early morning off-peak,134160 -> 134461,134160,134461,Hazel Grove to Manchester,Night/Early morning off-peak,E01005917,27.60000000000001,236.89900000000034,68,0.4446120432000008,258.0
134160 -> 134461 | Hazel Grove to Manchester | PM interpeak,134160 -> 134461,134160,134461,Hazel Grove to Manchester,PM interpeak,E01005917,21.0,236.89900000000034,68,0.3382917720000005,375.0
134160 -> 134461 | Hazel Grove to Manchester | PM peak,134160 -> 134461,134160,134461,Hazel Grove to Manchester,PM peak,E01005917,23.0,236.89900000000034,68,0.37051003600000054,330.0
134165 -> 135633 | Manchester to Hazel Grove | AM interpeak,134165 -> 135633,134165,135633,Manchester to Hazel Grove,AM interpeak,E01005836,14.899999999999999,209.45899999999892,68,0.2122238587999989,509.0
134165 -> 135633 | Manchester to Hazel Grove | AM peak,134165 -> 135633,134165,135633,Manchester to Hazel Grove,AM peak,E01005836,15.200000000000003,209.45899999999892,68,0.2164968223999989,504.0
134165 -> 135633 | Manchester to Hazel Grove | Evening off-peak,134165 -> 135633,134165,135633,Manchester to Hazel Grove,Evening off-peak,E01005836,5.0,209.45899999999892,68,0.07121605999999964,625.0
134165 -> 135633 | Manchester to Hazel Grove | Night/Early morning off-peak,134165 -> 135633,134165,135633,Manchester to Hazel Grove,Night/Early morning off-peak,E01005836,7.0,209.45899999999892,68,0.09970248399999948,606.0
134165 -> 135633 | Manchester to Hazel Grove | PM interpeak,134165 -> 135633,134165,135633,Manchester to Hazel Grove,PM interpeak,E01005836,16.0,209.45899999999892,68,0.22789139199999883,487.0
134165 -> 135633 | Manchester to Hazel Grove | PM peak,134165 -> 135633,134165,135633,Manchester to Hazel Grove,PM peak,E01005836,7.399999999999999,209.45899999999892,68,0.10539976879999945,604.0
134227 -> 134266 | Hazel Grove to Manchester | AM interpeak,134227 -> 134266,134227,134266,Hazel Grove to Manchester,AM interpeak,E01005863,13.0,326.58399999999983,68,0.2887002559999999,426.0
134227 -> 134266 | Hazel Grove to Manchester | AM peak,134227 -> 134266,134227,134266,Hazel Grove to Manchester,AM peak,E01005863,22.0,326.58399999999983,68,0.48856966399999974,222.0
134227 -> 134266 | Hazel Grove to Manchester | Evening off-peak,134227 -> 134266,134227,134266,Hazel Grove to Manchester,Evening off-peak,E01005863,23.5,326.58399999999983,68,0.5218812319999997,202.0
134227 -> 134266 | Hazel Grove to Manchester | Night/Early morning off-peak,134227 -> 134266,134227,134266,Hazel Grove to Manchester,Night/Early morning off-peak,E01005863,31.799999999999997,326.58399999999983,68,0.7062052415999994,93.0
134227 -> 134266 | Hazel Grove to Manchester | PM interpeak,134227 -> 134266,134227,134266,Hazel Grove to Manchester,PM interpeak,E01005863,18.0,326.58399999999983,68,0.39973881599999983,300.0
134227 -> 134266 | Hazel Grove to Manchester | PM peak,134227 -> 134266,134227,134266,Hazel Grove to Manchester,PM peak,E01005863,25.799999999999997,326.58399999999983,68,0.5729589695999997,165.0
134266 -> 133236 | Hazel Grove to Manchester | AM interpeak,134266 -> 133236,134266,133236,Hazel Grove to Manchester,AM interpeak,E01005866,13.0,353.0010000000002,68,0.3120528840000002,401.0
134266 -> 133236 | Hazel Grove to Manchester | AM peak,134266 -> 133236,134266,133236,Hazel Grove to Manchester,AM peak,E01005866,22.0,353.0010000000002,68,0.5280894960000003,194.0
134266 -> 133236 | Hazel Grove to Manchester | Evening off-peak,134266 -> 133236,134266,133236,Hazel Grove to Manchester,Evening off-peak,E01005866,25.0,353.0010000000002,68,0.6001017000000003,142.0
134266 -> 133236 | Hazel Grove to Manchester | Night/Early morning off-peak,134266 -> 133236,134266,133236,Hazel Grove to Manchester,Night/Early morning off-peak,E01005866,33.0,353.0010000000002,68,0.7921342440000005,65.0
134266 -> 133236 | Hazel Grove to Manchester | PM interpeak,134266 -> 133236,134266,133236,Hazel Grove to Manchester,PM interpeak,E01005866,19.0,353.0010000000002,68,0.4560772920000003,247.0
134266 -> 133236 | Hazel Grove to Manchester | PM peak,134266 -> 133236,134266,133236,Hazel Grove to Manchester,PM peak,E01005866,26.0,353.0010000000002,68,0.6241057680000004,126.0
134267 -> 133001 | Manchester to Hazel Grove | AM interpeak,134267 -> 133001,134267,133001,Manchester to Hazel Grove,AM interpeak,E01005869,24.0,166.1189999999997,68,0.27110620799999946,441.0
134267 -> 133001 | Manchester to Hazel Grove | AM peak,134267 -> 133001,134267,133001,Manchester to Hazel Grove,AM peak,E01005869,69.0,166.1189999999997,68,0.7794303479999987,71.0
134267 -> 133001 | Manchester to Hazel Grove | Evening off-peak,134267 -> 133001,134267,133001,Manchester to Hazel Grove,Evening off-peak,E01005869,15.599999999999994,166.1189999999997,68,0.17621903519999965,535.0
134267 -> 133001 | Manchester to Hazel Grove | Night/Early morning off-peak,134267 -> 133001,134267,133001,Manchester to Hazel Grove,Night/Early morning off-peak,E01005869,26.0,166.1189999999997,68,0.2936983919999994,420.0
134267 -> 133001 | Manchester to Hazel Grove | PM interpeak,134267 -> 133001,134267,133001,Manchester to Hazel Grove,PM interpeak,E01005869,46.0,166.1189999999997,68,0.5196202319999991,206.0
134267 -> 133001 | Manchester to Hazel Grove | PM peak,134267 -> 133001,134267,133001,Manchester to Hazel Grove,PM peak,E01005869,41.80000000000001,166.1189999999997,68,0.47217664559999917,241.0
134281 -> 135790 | Hazel Grove to Manchester | AM interpeak,134281 -> 135790,134281,135790,Hazel Grove to Manchester,AM interpeak,E01005822,12.0,268.66699999999946,68,0.21923227199999953,498.0
134281 -> 135790 | Hazel Grove to Manchester | AM peak,134281 -> 135790,134281,135790,Hazel Grove to Manchester,AM peak,E01005822,8.5,268.66700000000037,68,0.1552895260000002,563.0
134281 -> 135790 | Hazel Grove to Manchester | Evening off-peak,134281 -> 135790,134281,135790,Hazel Grove to Manchester,Evening off-peak,E01005822,32.0,268.66699999999946,68,0.5846193919999989,156.0
134281 -> 135790 | Hazel Grove to Manchester | Night/Early morning off-peak,134281 -> 135790,134281,135790,Hazel Grove to Manchester,Night/Early morning off-peak,E01005822,29.20000000000003,268.66699999999946,68,0.5334651951999996,193.0
134281 -> 135790 | Hazel Grove to Manchester | PM peak,134281 -> 135790,134281,135790,Hazel Grove to Manchester,PM peak,E01005822,19.6,268.66699999999946,68,0.35807937759999936,348.0
134378 -> 135687 | Manchester to Hazel Grove | AM interpeak,134378 -> 135687,134378,135687,Manchester to Hazel Grove,AM interpeak,E01033948,35.0,292.1190000000006,68,0.6952432200000014,98.0
134378 -> 135687 | Manchester to Hazel Grove | AM peak,134378 -> 135687,134378,135687,Manchester to Hazel Grove,AM peak,E01033948,56.0,292.1190000000006,68,1.1123891520000022,23.0
134378 -> 135687 | Manchester to Hazel Grove | Evening off-peak,134378 -> 135687,134378,135687,Manchester to Hazel Grove,Evening off-peak,E01033948,15.0,292.1190000000006,68,0.2979613800000006,414.0
134378 -> 135687 | Manchester to Hazel Grove | Night/Early morning off-peak,134378 -> 135687,134378,135687,Manchester to Hazel Grove,Night/Early morning off-peak,E01033948,20.0,292.1190000000006,68,0.39728184000000083,302.0
134378 -> 135687 | Manchester to Hazel Grove | PM interpeak,134378 -> 135687,134378,135687,Manchester to Hazel Grove,PM interpeak,E01033948,34.400000000000006,292.1190000000006,68,0.6833247648000015,103.0
134378 -> 135687 | Manchester to Hazel Grove | PM peak,134378 -> 135687,134378,135687,Manchester to Hazel Grove,PM peak,E01033948,31.0,292.1190000000006,68,0.6157868520000013,130.0
134397 -> 134378 | Manchester to Hazel Grove | AM interpeak,134397 -> 134378,134397,134378,Manchester to Hazel Grove,AM interpeak,E01033947,34.0,367.15399999999863,68,0.8488600479999968,54.0
134397 -> 134378 | Manchester to Hazel Grove | AM peak,134397 -> 134378,134397,134378,Manchester to Hazel Grove,AM peak,E01033947,56.70000000000002,367.15399999999863,68,1.4155989623999952,9.0
134397 -> 134378 | Manchester to Hazel Grove | Evening off-peak,134397 -> 134378,134397,134378,Manchester to Hazel Grove,Evening off-peak,E01033947,13.400000000000006,367.15399999999863,68,0.33455072479999887,382.0
134397 -> 134378 | Manchester to Hazel Grove | Night/Early morning off-peak,134397 -> 134378,134397,134378,Manchester to Hazel Grove,Night/Early morning off-peak,E01033947,20.0,367.15399999999863,68,0.4993294399999982,216.0
134397 -> 134378 | Manchester to Hazel Grove | PM interpeak,134397 -> 134378,134397,134378,Manchester to Hazel Grove,PM interpeak,E01033947,35.0,367.15399999999863,68,0.8738265199999966,49.0
134397 -> 134378 | Manchester to Hazel Grove | PM peak,134397 -> 134378,134397,134378,Manchester to Hazel Grove,PM peak,E01033947,31.0,367.15399999999863,68,0.7739606319999972,74.0
134448 -> 134160 | Hazel Grove to Manchester | AM interpeak,134448 -> 134160,134448,134160,Hazel Grove to Manchester,AM interpeak,E01005822,19.0,452.952,68,0.585213984,155.0
134448 -> 134160 | Hazel Grove to Manchester | AM peak,134448 -> 134160,134448,134160,Hazel Grove to Manchester,AM peak,E01005822,32.0,452.9520000000002,68,0.9856235520000006,38.0
134448 -> 134160 | Hazel Grove to Manchester | Evening off-peak,134448 -> 134160,134448,134160,Hazel Grove to Manchester,Evening off-peak,E01005822,19.0,452.9520000000002,68,0.5852139840000004,154.0
134448 -> 134160 | Hazel Grove to Manchester | Night/Early morning off-peak,134448 -> 134160,134448,134160,Hazel Grove to Manchester,Night/Early morning off-peak,E01005822,27.0,452.9520000000002,68,0.8316198720000004,56.0
134448 -> 134160 | Hazel Grove to Manchester | PM interpeak,134448 -> 134160,134448,134160,Hazel Grove to Manchester,PM interpeak,E01005822,20.0,452.9519999999999,68,0.6160147199999999,128.0
134448 -> 134160 | Hazel Grove to Manchester | PM peak,134448 -> 134160,134448,134160,Hazel Grove to Manchester,PM peak,E01005822,22.0,452.9519999999999,68,0.6776161919999999,105.0
134448 -> 134281 | Hazel Grove to Manchester | AM interpeak,134448 -> 134281,134448,134281,Hazel Grove to Manchester,AM interpeak,E01005822,10.0,161.78800000000047,68,0.11001584000000032,595.0
134448 -> 134281 | Hazel Grove to Manchester | AM peak,134448 -> 134281,134448,134281,Hazel Grove to Manchester,AM peak,E01005822,6.6,161.78899999999976,68,0.07261090319999988,623.0
134448 -> 134281 | Hazel Grove to Manchester | Evening off-peak,134448 -> 134281,134448,134281,Hazel Grove to Manchester,Evening off-peak,E01005822,23.6,161.78800000000047,68,0.2596373824000008,453.0
134448 -> 134281 | Hazel Grove to Manchester | Night/Early morning off-peak,134448 -> 134281,134448,134281,Hazel Grove to Manchester,Night/Early morning off-peak,E01005822,25.600000000000037,161.78800000000047,68,0.2816405504000012,431.0
134448 -> 134281 | Hazel Grove to Manchester | PM peak,134448 -> 134281,134448,134281,Hazel Grove to Manchester,PM peak,E01005822,15.6,161.78800000000047,68,0.1716247104000005,542.0
134461 -> 135618 | Hazel Grove to Manchester | AM interpeak,134461 -> 135618,134461,135618,Hazel Grove to Manchester,AM interpeak,E01005917,16.0,303.16099999999994,68,0.32983916799999996,386.0
134461 -> 135618 | Hazel Grove to Manchester | AM peak,134461 -> 135618,134461,135618,Hazel Grove to Manchester,AM peak,E01005917,27.0,303.16099999999994,68,0.556603596,175.0
134461 -> 135618 | Hazel Grove to Manchester | Evening off-peak,134461 -> 135618,134461,135618,Hazel Grove to Manchester,Evening off-peak,E01005917,20.0,303.16099999999915,68,0.4122989599999989,283.0
134461 -> 135618 | Hazel Grove to Manchester | Night/Early morning off-peak,134461 -> 135618,134461,135618,Hazel Grove to Manchester,Night/Early morning off-peak,E01005917,28.0,303.16099999999994,68,0.5772185439999998,159.0
134461 -> 135618 | Hazel Grove to Manchester | PM interpeak,134461 -> 135618,134461,135618,Hazel Grove to Manchester,PM interpeak,E01005917,21.0,303.16100000000006,68,0.43291390800000007,270.0
134461 -> 135618 | Hazel Grove to Manchester | PM peak,134461 -> 135618,134461,135618,Hazel Grove to Manchester,PM peak,E01005917,23.0,303.16100000000006,68,0.4741438040000001,234.0
134517 -> 135617 | Hazel Grove to Manchester | AM peak,134517 -> 135617,134517,135617,Hazel Grove to Manchester,AM peak,E01005766,4.199999999999999,264.423,68,0.07551920879999999,621.0
134517 -> 135617 | Hazel Grove to Manchester | PM interpeak,134517 -> 135617,134517,135617,Hazel Grove to Manchester,PM interpeak,E01005766,3.0,264.423,68,0.053942291999999996,632.0
134517 -> 135617 | Hazel Grove to Manchester | PM peak,134517 -> 135617,134517,135617,Hazel Grove to Manchester,PM peak,E01005766,4.0,264.423,68,0.071923056,624.0
135615 -> 135616 | Hazel Grove to Manchester | AM interpeak,135615 -> 135616,135615,135616,Hazel Grove to Manchester,AM interpeak,E01005760,18.0,331.0970000000002,68,0.40526272800000024,293.0
135615 -> 135616 | Hazel Grove to Manchester | AM peak,135615 -> 135616,135615,135616,Hazel Grove to Manchester,AM peak,E01005760,31.200000000000017,331.0970000000002,68,0.7024553952000009,95.0
135615 -> 135616 | Hazel Grove to Manchester | Evening off-peak,135615 -> 135616,135615,135616,Hazel Grove to Manchester,Evening off-peak,E01005760,15.5,331.0970000000002,68,0.34897623800000027,362.0
135615 -> 135616 | Hazel Grove to Manchester | Night/Early morning off-peak,135615 -> 135616,135615,135616,Hazel Grove to Manchester,Night/Early morning off-peak,E01005760,24.699999999999996,331.0970000000002,68,0.5561105212000003,177.0
135615 -> 135616 | Hazel Grove to Manchester | PM interpeak,135615 -> 135616,135615,135616,Hazel Grove to Manchester,PM interpeak,E01005760,21.0,331.0970000000002,68,0.4728065160000003,239.0
135615 -> 135616 | Hazel Grove to Manchester | PM peak,135615 -> 135616,135615,135616,Hazel Grove to Manchester,PM peak,E01005760,21.0,331.0970000000002,68,0.4728065160000003,239.0
135616 -> 135617 | Hazel Grove to Manchester | AM interpeak,135616 -> 135617,135616,135617,Hazel Grove to Manchester,AM interpeak,E01005766,19.0,253.7550000000001,68,0.32785146000000015,389.0
135616 -> 135617 | Hazel Grove to Manchester | AM peak,135616 -> 135617,135616,135617,Hazel Grove to Manchester,AM peak,E01005766,31.200000000000003,253.7550000000001,68,0.5383666080000004,191.0
135616 -> 135617 | Hazel Grove to Manchester | Evening off-peak,135616 -> 135617,135616,135617,Hazel Grove to Manchester,Evening off-peak,E01005766,16.5,253.7550000000001,68,0.28471311000000016,429.0
135616 -> 135617 | Hazel Grove to Manchester | Night/Early morning off-peak,135616 -> 135617,135616,135617,Hazel Grove to Manchester,Night/Early morning off-peak,E01005766,25.9,253.7550000000001,68,0.4469133060000001,255.0
135616 -> 135617 | Hazel Grove to Manchester | PM interpeak,135616 -> 135617,135616,135617,Hazel Grove to Manchester,PM interpeak,E01005766,21.0,253.7550000000001,68,0.3623621400000001,337.0
135616 -> 135617 | Hazel Grove to Manchester | PM peak,135616 -> 135617,135616,135617,Hazel Grove to Manchester,PM peak,E01005766,21.0,253.7550000000001,68,0.3623621400000001,337.0
135617 -> 134448 | Hazel Grove to Manchester | AM interpeak,135617 -> 134448,135617,134448,Hazel Grove to Manchester,AM interpeak,E01005766,19.599999999999994,419.10899999999947,68,0.5585884751999991,174.0
135617 -> 134448 | Hazel Grove to Manchester | AM peak,135617 -> 134448,135617,134448,Hazel Grove to Manchester,AM peak,E01005766,33.0,419.10899999999947,68,0.9404805959999989,43.0
135617 -> 134448 | Hazel Grove to Manchester | Evening off-peak,135617 -> 134448,135617,134448,Hazel Grove to Manchester,Evening off-peak,E01005766,18.0,419.10899999999947,68,0.5129894159999994,211.0
135617 -> 134448 | Hazel Grove to Manchester | Night/Early morning off-peak,135617 -> 134448,135617,134448,Hazel Grove to Manchester,Night/Early morning off-peak,E01005766,26.0,419.10899999999947,68,0.740984711999999,78.0
135617 -> 134448 | Hazel Grove to Manchester | PM interpeak,135617 -> 134448,135617,134448,Hazel Grove to Manchester,PM interpeak,E01005766,21.0,419.1089999999999,68,0.5984876519999999,143.0
135617 -> 134448 | Hazel Grove to Manchester | PM peak,135617 -> 134448,135617,134448,Hazel Grove to Manchester,PM peak,E01005766,21.0,419.1089999999999,68,0.5984876519999999,143.0
135618 -> 135619 | Hazel Grove to Manchester | AM interpeak,135618 -> 135619,135618,135619,Hazel Grove to Manchester,AM interpeak,E01005917,16.0,221.86,68,0.24138368000000002,469.0
135618 -> 135619 | Hazel Grove to Manchester | AM peak,135618 -> 135619,135618,135619,Hazel Grove to Manchester,AM peak,E01005917,26.0,221.86,68,0.39224848,306.0
135618 -> 135619 | Hazel Grove to Manchester | Evening off-peak,135618 -> 135619,135618,135619,Hazel Grove to Manchester,Evening off-peak,E01005917,21.0,221.86000000000058,68,0.3168160800000008,398.0
135618 -> 135619 | Hazel Grove to Manchester | Night/Early morning off-peak,135618 -> 135619,135618,135619,Hazel Grove to Manchester,Night/Early morning off-peak,E01005917,30.0,221.86,68,0.4525944,249.0
135618 -> 135619 | Hazel Grove to Manchester | PM interpeak,135618 -> 135619,135618,135619,Hazel Grove to Manchester,PM interpeak,E01005917,20.0,221.8599999999999,68,0.3017295999999999,410.0
135618 -> 135619 | Hazel Grove to Manchester | PM peak,135618 -> 135619,135618,135619,Hazel Grove to Manchester,PM peak,E01005917,24.0,221.8599999999999,68,0.3620755199999998,340.0
135619 -> 135620 | Hazel Grove to Manchester | AM interpeak,135619 -> 135620,135619,135620,Hazel Grove to Manchester,AM interpeak,E01005917,15.0,330.2460000000001,68,0.3368509200000001,376.0
135619 -> 135620 | Hazel Grove to Manchester | AM peak,135619 -> 135620,135619,135620,Hazel Grove to Manchester,AM peak,E01005917,25.299999999999997,330.2460000000001,68,0.5681552184000002,168.0
135619 -> 135620 | Hazel Grove to Manchester | Evening off-peak,135619 -> 135620,135619,135620,Hazel Grove to Manchester,Evening off-peak,E01005917,22.0,330.2460000000001,68,0.49404801600000015,219.0
135619 -> 135620 | Hazel Grove to Manchester | Night/Early morning off-peak,135619 -> 135620,135619,135620,Hazel Grove to Manchester,Night/Early morning off-peak,E01005917,31.0,330.2460000000001,68,0.6961585680000003,97.0
135619 -> 135620 | Hazel Grove to Manchester | PM interpeak,135619 -> 135620,135619,135620,Hazel Grove to Manchester,PM interpeak,E01005917,20.0,330.2460000000001,68,0.4491345600000001,253.0
135619 -> 135620 | Hazel Grove to Manchester | PM peak,135619 -> 135620,135619,135620,Hazel Grove to Manchester,PM peak,E01005917,24.0,330.2460000000001,68,0.5389614720000001,187.0
135620 -> 134227 | Hazel Grove to Manchester | AM interpeak,135620 -> 134227,135620,134227,Hazel Grove to Manchester,AM interpeak,E01005916,14.0,335.4200000000001,68,0.3193198400000001,397.0
135620 -> 134227 | Hazel Grove to Manchester | AM peak,135620 -> 134227,135620,134227,Hazel Grove to Manchester,AM peak,E01005916,24.0,335.4200000000001,68,0.5474054400000001,179.0
135620 -> 134227 | Hazel Grove to Manchester | Evening off-peak,135620 -> 134227,135620,134227,Hazel Grove to Manchester,Evening off-peak,E01005916,23.0,335.4200000000001,68,0.5245968800000002,197.0
135620 -> 134227 | Hazel Grove to Manchester | Night/Early morning off-peak,135620 -> 134227,135620,134227,Hazel Grove to Manchester,Night/Early morning off-peak,E01005916,31.0,335.4200000000001,68,0.7070653600000002,92.0
135620 -> 134227 | Hazel Grove to Manchester | PM interpeak,135620 -> 134227,135620,134227,Hazel Grove to Manchester,PM interpeak,E01005916,19.0,335.4200000000001,68,0.43336264000000013,269.0
135620 -> 134227 | Hazel Grove to Manchester | PM peak,135620 -> 134227,135620,134227,Hazel Grove to Manchester,PM peak,E01005916,25.0,335.4200000000001,68,0.5702140000000001,166.0
135623 -> 135624 | Hazel Grove to Manchester | AM interpeak,135623 -> 135624,135623,135624,Hazel Grove to Manchester,AM interpeak,E01005798,15.0,230.82900000000018,68,0.23544558000000018,479.0
135623 -> 135624 | Hazel Grove to Manchester | AM peak,135623 -> 135624,135623,135624,Hazel Grove to Manchester,AM peak,E01005798,26.0,230.82900000000018,68,0.4081056720000003,288.0
135623 -> 135624 | Hazel Grove to Manchester | Evening off-peak,135623 -> 135624,135623,135624,Hazel Grove to Manchester,Evening off-peak,E01005798,12.0,230.82900000000018,68,0.18835646400000014,523.0
135623 -> 135624 | Hazel Grove to Manchester | Night/Early morning off-peak,135623 -> 135624,135623,135624,Hazel Grove to Manchester,Night/Early morning off-peak,E01005798,20.9,230.82900000000018,68,0.3280541748000002,388.0
135623 -> 135624 | Hazel Grove to Manchester | PM interpeak,135623 -> 135624,135623,135624,Hazel Grove to Manchester,PM interpeak,E01005798,18.799999999999997,230.82899999999995,68,0.29509179359999993,416.0
135623 -> 135624 | Hazel Grove to Manchester | PM peak,135623 -> 135624,135623,135624,Hazel Grove to Manchester,PM peak,E01005798,19.0,230.82900000000018,68,0.2982310680000002,412.0
135624 -> 135625 | Hazel Grove to Manchester | AM interpeak,135624 -> 135625,135624,135625,Hazel Grove to Manchester,AM interpeak,E01005798,16.0,216.42999999999984,68,0.23547583999999983,478.0
135624 -> 135625 | Hazel Grove to Manchester | AM peak,135624 -> 135625,135624,135625,Hazel Grove to Manchester,AM peak,E01005798,27.0,216.42999999999984,68,0.3973654799999997,301.0
135624 -> 135625 | Hazel Grove to Manchester | Evening off-peak,135624 -> 135625,135624,135625,Hazel Grove to Manchester,Evening off-peak,E01005798,14.0,216.42999999999984,68,0.20604135999999984,513.0
135624 -> 135625 | Hazel Grove to Manchester | Night/Early morning off-peak,135624 -> 135625,135624,135625,Hazel Grove to Manchester,Night/Early morning off-peak,E01005798,21.0,216.42999999999984,68,0.30906203999999976,404.0
135624 -> 135625 | Hazel Grove to Manchester | PM interpeak,135624 -> 135625,135624,135625,Hazel Grove to Manchester,PM interpeak,E01005798,19.799999999999997,216.43100000000004,68,0.2914026984,422.0
135624 -> 135625 | Hazel Grove to Manchester | PM peak,135624 -> 135625,135624,135625,Hazel Grove to Manchester,PM peak,E01005798,18.0,216.42999999999984,68,0.2649103199999998,443.0
135625 -> 135626 | Hazel Grove to Manchester | AM interpeak,135625 -> 135626,135625,135626,Hazel Grove to Manchester,AM interpeak,E01005797,16.599999999999994,188.91700000000037,68,0.2132495096000004,508.0
135625 -> 135626 | Hazel Grove to Manchester | AM peak,135625 -> 135626,135625,135626,Hazel Grove to Manchester,AM peak,E01005797,29.0,188.91700000000037,68,0.3725443240000007,327.0
135625 -> 135626 | Hazel Grove to Manchester | Evening off-peak,135625 -> 135626,135625,135626,Hazel Grove to Manchester,Evening off-peak,E01005797,15.0,188.91700000000037,68,0.19269534000000038,521.0
135625 -> 135626 | Hazel Grove to Manchester | Night/Early morning off-peak,135625 -> 135626,135625,135626,Hazel Grove to Manchester,Night/Early morning off-peak,E01005797,22.9,188.91700000000037,68,0.29418155240000055,419.0
135625 -> 135626 | Hazel Grove to Manchester | PM interpeak,135625 -> 135626,135625,135626,Hazel Grove to Manchester,PM interpeak,E01005797,19.799999999999997,188.91599999999994,68,0.2543565023999999,455.0
135625 -> 135626 | Hazel Grove to Manchester | PM peak,135625 -> 135626,135625,135626,Hazel Grove to Manchester,PM peak,E01005797,19.0,188.91700000000037,68,0.2440807640000005,466.0
135626 -> 134130 | Hazel Grove to Manchester | AM interpeak,135626 -> 134130,135626,134130,Hazel Grove to Manchester,AM interpeak,E01005797,17.0,176.04999999999973,68,0.20351379999999966,516.0
135626 -> 134130 | Hazel Grove to Manchester | AM peak,135626 -> 134130,135626,134130,Hazel Grove to Manchester,AM peak,E01005797,30.0,176.04999999999973,68,0.3591419999999994,346.0
135626 -> 134130 | Hazel Grove to Manchester | Evening off-peak,135626 -> 134130,135626,134130,Hazel Grove to Manchester,Evening off-peak,E01005797,15.0,176.04999999999973,68,0.1795709999999997,532.0
135626 -> 134130 | Hazel Grove to Manchester | Night/Early morning off-peak,135626 -> 134130,135626,134130,Hazel Grove to Manchester,Night/Early morning off-peak,E01005797,24.9,176.04999999999973,68,0.29808785999999954,413.0
135626 -> 134130 | Hazel Grove to Manchester | PM interpeak,135626 -> 134130,135626,134130,Hazel Grove to Manchester,PM interpeak,E01005797,20.0,176.05049999999983,68,0.23942867999999978,473.0
135626 -> 134130 | Hazel Grove to Manchester | PM peak,135626 -> 134130,135626,134130,Hazel Grove to Manchester,PM peak,E01005797,19.0,176.04999999999973,68,0.22745659999999968,489.0
135627 -> 134150 | Hazel Grove to Manchester | AM interpeak,135627 -> 134150,135627,134150,Hazel Grove to Manchester,AM interpeak,E01005838,13.0,175.61300000000006,68,0.15524189200000008,564.0
135627 -> 134150 | Hazel Grove to Manchester | AM peak,135627 -> 134150,135627,134150,Hazel Grove to Manchester,AM peak,E01005838,15.0,175.61300000000006,68,0.17912526000000006,533.0
135627 -> 134150 | Hazel Grove to Manchester | Evening off-peak,135627 -> 134150,135627,134150,Hazel Grove to Manchester,Evening off-peak,E01005838,9.0,175.61300000000006,68,0.10747515600000003,599.0
135627 -> 134150 | Hazel Grove to Manchester | Night/Early morning off-peak,135627 -> 134150,135627,134150,Hazel Grove to Manchester,Night/Early morning off-peak,E01005838,11.0,175.61300000000006,68,0.13135852400000003,577.0
135627 -> 134150 | Hazel Grove to Manchester | PM interpeak,135627 -> 134150,135627,134150,Hazel Grove to Manchester,PM interpeak,E01005838,15.5,175.61300000000006,68,0.18509610200000007,527.0
135627 -> 134150 | Hazel Grove to Manchester | PM peak,135627 -> 134150,135627,134150,Hazel Grove to Manchester,PM peak,E01005838,14.0,175.61300000000006,68,0.16718357600000006,546.0
135628 -> 135629 | Hazel Grove to Manchester | AM interpeak,135628 -> 135629,135628,135629,Hazel Grove to Manchester,AM interpeak,E01005801,15.0,337.1000000000001,68,0.3438420000000001,366.0
135628 -> 135629 | Hazel Grove to Manchester | AM peak,135628 -> 135629,135628,135629,Hazel Grove to Manchester,AM peak,E01005801,22.0,337.10000000000014,68,0.5043016000000001,214.0
135628 -> 135629 | Hazel Grove to Manchester | Evening off-peak,135628 -> 135629,135628,135629,Hazel Grove to Manchester,Evening off-peak,E01005801,11.0,337.10000000000014,68,0.25215080000000006,457.0
135628 -> 135629 | Hazel Grove to Manchester | Night/Early morning off-peak,135628 -> 135629,135628,135629,Hazel Grove to Manchester,Night/Early morning off-peak,E01005801,15.0,337.10000000000014,68,0.34384200000000015,365.0
135628 -> 135629 | Hazel Grove to Manchester | PM interpeak,135628 -> 135629,135628,135629,Hazel Grove to Manchester,PM interpeak,E01005801,17.799999999999997,337.10000000000014,68,0.40802584000000014,289.0
135628 -> 135629 | Hazel Grove to Manchester | PM peak,135628 -> 135629,135628,135629,Hazel Grove to Manchester,PM peak,E01005801,17.0,337.10000000000014,68,0.38968760000000013,308.0
135629 -> 135631 | Hazel Grove to Manchester | AM interpeak,135629 -> 135631,135629,135631,Hazel Grove to Manchester,AM interpeak,E01005801,15.0,350.40749999999986,68,0.35741564999999986,349.0
135629 -> 135631 | Hazel Grove to Manchester | AM peak,135629 -> 135631,135629,135631,Hazel Grove to Manchester,AM peak,E01005801,23.0,350.4069999999997,68,0.5480365479999996,178.0
135629 -> 135631 | Hazel Grove to Manchester | Evening off-peak,135629 -> 135631,135629,135631,Hazel Grove to Manchester,Evening off-peak,E01005801,11.0,350.4069999999997,68,0.2621044359999998,449.0
135629 -> 135631 | Hazel Grove to Manchester | Night/Early morning off-peak,135629 -> 135631,135629,135631,Hazel Grove to Manchester,Night/Early morning off-peak,E01005801,17.0,350.4069999999997,68,0.4050704919999996,294.0
135629 -> 135631 | Hazel Grove to Manchester | PM interpeak,135629 -> 135631,135629,135631,Hazel Grove to Manchester,PM interpeak,E01005801,18.0,350.40749999999986,68,0.4288987799999998,271.0
135629 -> 135631 | Hazel Grove to Manchester | PM peak,135629 -> 135631,135629,135631,Hazel Grove to Manchester,PM peak,E01005801,18.0,350.4069999999997,68,0.4288981679999996,272.0
135630 -> 135628 | Hazel Grove to Manchester | AM interpeak,135630 -> 135628,135630,135628,Hazel Grove to Manchester,AM interpeak,E01005801,15.899999999999999,349.374,68,0.3777431687999999,320.0
135630 -> 135628 | Hazel Grove to Manchester | AM peak,135630 -> 135628,135630,135628,Hazel Grove to Manchester,AM peak,E01005801,22.0,349.374,68,0.522663504,199.0
135630 -> 135628 | Hazel Grove to Manchester | Evening off-peak,135630 -> 135628,135630,135628,Hazel Grove to Manchester,Evening off-peak,E01005801,10.0,349.374,68,0.23757432000000003,474.0
135630 -> 135628 | Hazel Grove to Manchester | Night/Early morning off-peak,135630 -> 135628,135630,135628,Hazel Grove to Manchester,Night/Early morning off-peak,E01005801,13.899999999999999,349.374,68,0.3302283048,385.0
135630 -> 135628 | Hazel Grove to Manchester | PM interpeak,135630 -> 135628,135630,135628,Hazel Grove to Manchester,PM interpeak,E01005801,19.0,349.374,68,0.45139120800000004,251.0
135630 -> 135628 | Hazel Grove to Manchester | PM peak,135630 -> 135628,135630,135628,Hazel Grove to Manchester,PM peak,E01005801,18.0,349.374,68,0.427633776,274.0
135631 -> 135623 | Hazel Grove to Manchester | AM interpeak,135631 -> 135623,135631,135623,Hazel Grove to Manchester,AM interpeak,E01005801,16.0,302.46900000000005,68,0.32908627200000007,387.0
135631 -> 135623 | Hazel Grove to Manchester | AM peak,135631 -> 135623,135631,135623,Hazel Grove to Manchester,AM peak,E01005801,24.0,302.46900000000005,68,0.49362940800000005,221.0
135631 -> 135623 | Hazel Grove to Manchester | Evening off-peak,135631 -> 135623,135631,135623,Hazel Grove to Manchester,Evening off-peak,E01005801,12.0,302.46900000000005,68,0.24681470400000002,463.0
135631 -> 135623 | Hazel Grove to Manchester | Night/Early morning off-peak,135631 -> 135623,135631,135623,Hazel Grove to Manchester,Night/Early morning off-peak,E01005801,17.0,302.46900000000005,68,0.34965416400000005,360.0
135631 -> 135623 | Hazel Grove to Manchester | PM interpeak,135631 -> 135623,135631,135623,Hazel Grove to Manchester,PM interpeak,E01005801,19.0,302.46799999999996,68,0.39078865599999996,307.0
135631 -> 135623 | Hazel Grove to Manchester | PM peak,135631 -> 135623,135631,135623,Hazel Grove to Manchester,PM peak,E01005801,18.0,302.46900000000005,68,0.3702220560000001,331.0
135632 -> 135678 | Manchester to Hazel Grove | AM interpeak,135632 -> 135678,135632,135678,Manchester to Hazel Grove,AM interpeak,E01005866,27.0,333.2330000000002,68,0.6118157880000004,132.0
135632 -> 135678 | Manchester to Hazel Grove | AM peak,135632 -> 135678,135632,135678,Manchester to Hazel Grove,AM peak,E01005866,67.80000000000001,333.2330000000002,68,1.5363374232000009,5.0
135632 -> 135678 | Manchester to Hazel Grove | Evening off-peak,135632 -> 135678,135632,135678,Manchester to Hazel Grove,Evening off-peak,E01005866,15.0,333.2330000000002,68,0.3398976600000002,372.0
135632 -> 135678 | Manchester to Hazel Grove | Night/Early morning off-peak,135632 -> 135678,135632,135678,Manchester to Hazel Grove,Night/Early morning off-peak,E01005866,23.799999999999997,333.2330000000002,68,0.5393042872000002,186.0
135632 -> 135678 | Manchester to Hazel Grove | PM interpeak,135632 -> 135678,135632,135678,Manchester to Hazel Grove,PM interpeak,E01005866,45.0,333.2330000000002,68,1.0196929800000005,30.0
135632 -> 135678 | Manchester to Hazel Grove | PM peak,135632 -> 135678,135632,135678,Manchester to Hazel Grove,PM peak,E01005866,40.0,333.2330000000002,68,0.9063937600000005,48.0
135633 -> 135689 | Manchester to Hazel Grove | AM interpeak,135633 -> 135689,135633,135689,Manchester to Hazel Grove,AM interpeak,E01005836,13.899999999999999,381.52000000000044,68,0.3606127040000004,342.0
135633 -> 135689 | Manchester to Hazel Grove | AM peak,135633 -> 135689,135633,135689,Manchester to Hazel Grove,AM peak,E01005836,15.0,381.52000000000044,68,0.38915040000000045,309.0
135633 -> 135689 | Manchester to Hazel Grove | Evening off-peak,135633 -> 135689,135633,135689,Manchester to Hazel Grove,Evening off-peak,E01005836,4.0,381.52000000000044,68,0.10377344000000012,605.0
135633 -> 135689 | Manchester to Hazel Grove | Night/Early morning off-peak,135633 -> 135689,135633,135689,Manchester to Hazel Grove,Night/Early morning off-peak,E01005836,6.0,381.52000000000044,68,0.15566016000000016,561.0
135633 -> 135689 | Manchester to Hazel Grove | PM interpeak,135633 -> 135689,135633,135689,Manchester to Hazel Grove,PM interpeak,E01005836,17.4,381.52000000000044,68,0.45141446400000046,250.0
135633 -> 135689 | Manchester to Hazel Grove | PM peak,135633 -> 135689,135633,135689,Manchester to Hazel Grove,PM peak,E01005836,6.0,381.52000000000044,68,0.15566016000000016,561.0
135634 -> 135635 | Hazel Grove to Manchester | AM interpeak,135634 -> 135635,135634,135635,Hazel Grove to Manchester,AM interpeak,E01005836,6.0,268.8109999999999,68,0.10967488799999997,596.0
135634 -> 135635 | Hazel Grove to Manchester | AM peak,135634 -> 135635,135634,135635,Hazel Grove to Manchester,AM peak,E01005836,8.0,268.8109999999999,68,0.14623318399999996,567.0
135634 -> 135635 | Hazel Grove to Manchester | Evening off-peak,135634 -> 135635,135634,135635,Hazel Grove to Manchester,Evening off-peak,E01005836,4.0,268.8109999999999,68,0.07311659199999998,622.0
135634 -> 135635 | Hazel Grove to Manchester | Night/Early morning off-peak,135634 -> 135635,135634,135635,Hazel Grove to Manchester,Night/Early morning off-peak,E01005836,5.0,268.8109999999999,68,0.09139573999999998,609.0
135634 -> 135635 | Hazel Grove to Manchester | PM interpeak,135634 -> 135635,135634,135635,Hazel Grove to Manchester,PM interpeak,E01005836,7.0,268.8109999999999,68,0.12795403599999997,581.0
135634 -> 135635 | Hazel Grove to Manchester | PM peak,135634 -> 135635,135634,135635,Hazel Grove to Manchester,PM peak,E01005836,6.0,268.8109999999999,68,0.10967488799999997,596.0
135635 -> 135637 | Hazel Grove to Manchester | AM interpeak,135635 -> 135637,135635,135637,Hazel Grove to Manchester,AM interpeak,E01005840,8.0,203.05500000000006,68,0.11046192000000005,594.0
135635 -> 135637 | Hazel Grove to Manchester | AM peak,135635 -> 135637,135635,135637,Hazel Grove to Manchester,AM peak,E01005840,12.200000000000003,203.05500000000006,68,0.16845442800000007,543.0
135635 -> 135637 | Hazel Grove to Manchester | Evening off-peak,135635 -> 135637,135635,135637,Hazel Grove to Manchester,Evening off-peak,E01005840,6.0,203.05500000000006,68,0.08284644000000002,613.0
135635 -> 135637 | Hazel Grove to Manchester | Night/Early morning off-peak,135635 -> 135637,135635,135637,Hazel Grove to Manchester,Night/Early morning off-peak,E01005840,7.0,203.05500000000006,68,0.09665418000000002,608.0
135635 -> 135637 | Hazel Grove to Manchester | PM interpeak,135635 -> 135637,135635,135637,Hazel Grove to Manchester,PM interpeak,E01005840,10.0,203.05500000000006,68,0.13807740000000004,575.0
135635 -> 135637 | Hazel Grove to Manchester | PM peak,135635 -> 135637,135635,135637,Hazel Grove to Manchester,PM peak,E01005840,9.300000000000004,203.05500000000006,68,0.12841198200000012,580.0
135636 -> 135628 | Hazel Grove to Manchester | AM interpeak,135636 -> 135628,135636,135628,Hazel Grove to Manchester,AM interpeak,E01005801,3.0,303.274,68,0.06186789599999999,630.0
135636 -> 135628 | Hazel Grove to Manchester | AM peak,135636 -> 135628,135636,135628,Hazel Grove to Manchester,AM peak,E01005801,4.0,303.274,68,0.08249052800000001,614.0
135636 -> 135628 | Hazel Grove to Manchester | Evening off-peak,135636 -> 135628,135636,135628,Hazel Grove to Manchester,Evening off-peak,E01005801,2.1000000000000014,303.274,68,0.04330752720000003,636.0
135636 -> 135628 | Hazel Grove to Manchester | Night/Early morning off-peak,135636 -> 135628,135636,135628,Hazel Grove to Manchester,Night/Early morning off-peak,E01005801,1.0,303.274,68,0.020622632000000002,639.0
135636 -> 135628 | Hazel Grove to Manchester | PM interpeak,135636 -> 135628,135636,135628,Hazel Grove to Manchester,PM interpeak,E01005801,4.0,303.274,68,0.08249052800000001,614.0
135636 -> 135628 | Hazel Grove to Manchester | PM peak,135636 -> 135628,135636,135628,Hazel Grove to Manchester,PM peak,E01005801,4.0,303.274,68,0.08249052800000001,614.0
135637 -> 135627 | Hazel Grove to Manchester | AM interpeak,135637 -> 135627,135637,135627,Hazel Grove to Manchester,AM interpeak,E01005840,10.899999999999999,432.606,68,0.3206475672,396.0
135637 -> 135627 | Hazel Grove to Manchester | AM peak,135637 -> 135627,135637,135627,Hazel Grove to Manchester,AM peak,E01005840,14.0,432.606,68,0.411840912,284.0
135637 -> 135627 | Hazel Grove to Manchester | Evening off-peak,135637 -> 135627,135637,135627,Hazel Grove to Manchester,Evening off-peak,E01005840,8.0,432.606,68,0.23533766400000003,480.0
135637 -> 135627 | Hazel Grove to Manchester | Night/Early morning off-peak,135637 -> 135627,135637,135627,Hazel Grove to Manchester,Night/Early morning off-peak,E01005840,9.0,432.606,68,0.264754872,444.0
135637 -> 135627 | Hazel Grove to Manchester | PM interpeak,135637 -> 135627,135637,135627,Hazel Grove to Manchester,PM interpeak,E01005840,12.0,432.606,68,0.35300649599999995,355.0
135637 -> 135627 | Hazel Grove to Manchester | PM peak,135637 -> 135627,135637,135627,Hazel Grove to Manchester,PM peak,E01005840,12.0,432.606,68,0.35300649599999995,355.0
135665 -> 135666 | Manchester to Hazel Grove | AM interpeak,135665 -> 135666,135665,135666,Manchester to Hazel Grove,AM interpeak,E01005877,25.0,396.8090000000011,68,0.6745753000000019,106.0
135665 -> 135666 | Manchester to Hazel Grove | AM peak,135665 -> 135666,135665,135666,Manchester to Hazel Grove,AM peak,E01005877,39.0,396.8090000000011,68,1.0523374680000028,27.0
135665 -> 135666 | Manchester to Hazel Grove | Evening off-peak,135665 -> 135666,135665,135666,Manchester to Hazel Grove,Evening off-peak,E01005877,11.0,396.8090000000011,68,0.29681313200000087,415.0
135665 -> 135666 | Manchester to Hazel Grove | Night/Early morning off-peak,135665 -> 135666,135665,135666,Manchester to Hazel Grove,Night/Early morning off-peak,E01005877,15.0,396.8090000000011,68,0.40474518000000115,295.0
135665 -> 135666 | Manchester to Hazel Grove | PM interpeak,135665 -> 135666,135665,135666,Manchester to Hazel Grove,PM interpeak,E01005877,27.0,396.8090000000011,68,0.728541324000002,83.0
135665 -> 135666 | Manchester to Hazel Grove | PM peak,135665 -> 135666,135665,135666,Manchester to Hazel Grove,PM peak,E01005877,23.10000000000001,396.8090000000011,68,0.623307577200002,127.0
135666 -> 135667 | Manchester to Hazel Grove | AM interpeak,135666 -> 135667,135666,135667,Manchester to Hazel Grove,AM interpeak,E01005877,23.0,258.0689999999995,68,0.40361991599999925,296.0
135666 -> 135667 | Manchester to Hazel Grove | AM peak,135666 -> 135667,135666,135667,Manchester to Hazel Grove,AM peak,E01005877,34.10000000000001,258.0689999999995,68,0.598410397199999,145.0
135666 -> 135667 | Manchester to Hazel Grove | Evening off-peak,135666 -> 135667,135666,135667,Manchester to Hazel Grove,Evening off-peak,E01005877,10.0,258.0689999999995,68,0.17548691999999969,538.0
135666 -> 135667 | Manchester to Hazel Grove | Night/Early morning off-peak,135666 -> 135667,135666,135667,Manchester to Hazel Grove,Night/Early morning off-peak,E01005877,14.0,258.0689999999995,68,0.24568168799999954,464.0
135666 -> 135667 | Manchester to Hazel Grove | PM interpeak,135666 -> 135667,135666,135667,Manchester to Hazel Grove,PM interpeak,E01005877,25.0,258.0689999999995,68,0.43871729999999914,261.0
135666 -> 135667 | Manchester to Hazel Grove | PM peak,135666 -> 135667,135666,135667,Manchester to Hazel Grove,PM peak,E01005877,21.0,258.0689999999995,68,0.3685225319999993,333.0
135667 -> 135668 | Manchester to Hazel Grove | AM interpeak,135667 -> 135668,135667,135668,Manchester to Hazel Grove,AM interpeak,E01005825,21.0,227.60499999999956,68,0.32501993999999934,392.0
135667 -> 135668 | Manchester to Hazel Grove | AM peak,135667 -> 135668,135667,135668,Manchester to Hazel Grove,AM peak,E01005825,31.900000000000006,227.60499999999956,68,0.4937207659999992,220.0
135667 -> 135668 | Manchester to Hazel Grove | Evening off-peak,135667 -> 135668,135667,135668,Manchester to Hazel Grove,Evening off-peak,E01005825,9.0,227.60499999999956,68,0.13929425999999973,573.0
135667 -> 135668 | Manchester to Hazel Grove | Night/Early morning off-peak,135667 -> 135668,135667,135668,Manchester to Hazel Grove,Night/Early morning off-peak,E01005825,13.799999999999997,227.60499999999956,68,0.21358453199999958,507.0
135667 -> 135668 | Manchester to Hazel Grove | PM interpeak,135667 -> 135668,135667,135668,Manchester to Hazel Grove,PM interpeak,E01005825,22.0,227.60499999999956,68,0.34049707999999934,371.0
135667 -> 135668 | Manchester to Hazel Grove | PM peak,135667 -> 135668,135667,135668,Manchester to Hazel Grove,PM peak,E01005825,18.0,227.60499999999956,68,0.27858851999999945,434.0
135668 -> 135669 | Manchester to Hazel Grove | AM interpeak,135668 -> 135669,135668,135669,Manchester to Hazel Grove,AM interpeak,E01005825,18.700000000000017,284.28399999999965,68,0.3614955343999999,341.0
135668 -> 135669 | Manchester to Hazel Grove | AM peak,135668 -> 135669,135668,135669,Manchester to Hazel Grove,AM peak,E01005825,27.0,284.28399999999965,68,0.5219454239999994,201.0
135668 -> 135669 | Manchester to Hazel Grove | Evening off-peak,135668 -> 135669,135668,135669,Manchester to Hazel Grove,Evening off-peak,E01005825,9.0,284.28399999999965,68,0.17398180799999977,540.0
135668 -> 135669 | Manchester to Hazel Grove | Night/Early morning off-peak,135668 -> 135669,135668,135669,Manchester to Hazel Grove,Night/Early morning off-peak,E01005825,12.799999999999997,284.28399999999965,68,0.24744079359999963,462.0
135668 -> 135669 | Manchester to Hazel Grove | PM interpeak,135668 -> 135669,135668,135669,Manchester to Hazel Grove,PM interpeak,E01005825,21.0,284.28399999999965,68,0.4059575519999995,291.0
135668 -> 135669 | Manchester to Hazel Grove | PM peak,135668 -> 135669,135668,135669,Manchester to Hazel Grove,PM peak,E01005825,15.0,284.28399999999965,68,0.2899696799999996,423.0
135669 -> 135670 | Manchester to Hazel Grove | AM interpeak,135669 -> 135670,135669,135670,Manchester to Hazel Grove,AM interpeak,E01005825,17.0,419.746000000001,68,0.4852263760000012,223.0
135669 -> 135670 | Manchester to Hazel Grove | AM peak,135669 -> 135670,135669,135670,Manchester to Hazel Grove,AM peak,E01005825,26.0,419.746000000001,68,0.7421109280000018,77.0
135669 -> 135670 | Manchester to Hazel Grove | Evening off-peak,135669 -> 135670,135669,135670,Manchester to Hazel Grove,Evening off-peak,E01005825,8.0,419.746000000001,68,0.22834182400000058,486.0
135669 -> 135670 | Manchester to Hazel Grove | Night/Early morning off-peak,135669 -> 135670,135669,135670,Manchester to Hazel Grove,Night/Early morning off-peak,E01005825,12.0,419.746000000001,68,0.3425127360000008,367.0
135669 -> 135670 | Manchester to Hazel Grove | PM interpeak,135669 -> 135670,135669,135670,Manchester to Hazel Grove,PM interpeak,E01005825,19.9,419.746000000001,68,0.5680002872000013,169.0
135669 -> 135670 | Manchester to Hazel Grove | PM peak,135669 -> 135670,135669,135670,Manchester to Hazel Grove,PM peak,E01005825,13.0,419.746000000001,68,0.3710554640000009,329.0
135670 -> 135671 | Manchester to Hazel Grove | AM interpeak,135670 -> 135671,135670,135671,Manchester to Hazel Grove,AM interpeak,E01005830,17.0,332.5100000000002,68,0.38438156000000023,316.0
135670 -> 135671 | Manchester to Hazel Grove | AM peak,135670 -> 135671,135670,135671,Manchester to Hazel Grove,AM peak,E01005830,24.10000000000001,332.5100000000002,68,0.5449173880000007,182.0
135670 -> 135671 | Manchester to Hazel Grove | Evening off-peak,135670 -> 135671,135670,135671,Manchester to Hazel Grove,Evening off-peak,E01005830,7.0,332.5100000000002,68,0.1582747600000001,559.0
135670 -> 135671 | Manchester to Hazel Grove | Night/Early morning off-peak,135670 -> 135671,135670,135671,Manchester to Hazel Grove,Night/Early morning off-peak,E01005830,11.0,332.5100000000002,68,0.24871748000000016,460.0
135670 -> 135671 | Manchester to Hazel Grove | PM interpeak,135670 -> 135671,135670,135671,Manchester to Hazel Grove,PM interpeak,E01005830,18.0,332.5100000000002,68,0.4069922400000003,290.0
135670 -> 135671 | Manchester to Hazel Grove | PM peak,135670 -> 135671,135670,135671,Manchester to Hazel Grove,PM peak,E01005830,11.0,332.5100000000002,68,0.24871748000000016,460.0
135671 -> 135672 | Manchester to Hazel Grove | AM interpeak,135671 -> 135672,135671,135672,Manchester to Hazel Grove,AM interpeak,E01005831,15.0,245.95999999999913,68,0.25087919999999914,459.0
135671 -> 135672 | Manchester to Hazel Grove | AM peak,135671 -> 135672,135671,135672,Manchester to Hazel Grove,AM peak,E01005831,22.10000000000001,245.95999999999913,68,0.3696286879999988,332.0
135671 -> 135672 | Manchester to Hazel Grove | Evening off-peak,135671 -> 135672,135671,135672,Manchester to Hazel Grove,Evening off-peak,E01005831,7.0,245.95999999999913,68,0.11707695999999958,585.0
135671 -> 135672 | Manchester to Hazel Grove | Night/Early morning off-peak,135671 -> 135672,135671,135672,Manchester to Hazel Grove,Night/Early morning off-peak,E01005831,11.0,245.95999999999913,68,0.18397807999999935,528.0
135671 -> 135672 | Manchester to Hazel Grove | PM interpeak,135671 -> 135672,135671,135672,Manchester to Hazel Grove,PM interpeak,E01005831,16.9,245.95999999999913,68,0.2826572319999989,430.0
135671 -> 135672 | Manchester to Hazel Grove | PM peak,135671 -> 135672,135671,135672,Manchester to Hazel Grove,PM peak,E01005831,10.0,245.95999999999913,68,0.16725279999999942,545.0
135672 -> 135636 | Manchester to Hazel Grove | AM interpeak,135672 -> 135636,135672,135636,Manchester to Hazel Grove,AM interpeak,E01005831,12.0,401.02400000000125,68,0.32723558400000097,390.0
135672 -> 135636 | Manchester to Hazel Grove | AM peak,135672 -> 135636,135672,135636,Manchester to Hazel Grove,AM peak,E01005831,8.0,401.02400000000125,68,0.21815705600000068,500.0
135672 -> 135636 | Manchester to Hazel Grove | Evening off-peak,135672 -> 135636,135672,135636,Manchester to Hazel Grove,Evening off-peak,E01005831,4.100000000000001,401.02400000000125,68,0.11180549120000036,593.0
135672 -> 135636 | Manchester to Hazel Grove | Night/Early morning off-peak,135672 -> 135636,135672,135636,Manchester to Hazel Grove,Night/Early morning off-peak,E01005831,0.0,401.02400000000125,68,0.0,640.0
135672 -> 135636 | Manchester to Hazel Grove | PM interpeak,135672 -> 135636,135672,135636,Manchester to Hazel Grove,PM interpeak,E01005831,16.0,401.02400000000125,68,0.43631411200000136,267.0
135672 -> 135636 | Manchester to Hazel Grove | PM peak,135672 -> 135636,135672,135636,Manchester to Hazel Grove,PM peak,E01005831,6.0,401.02400000000125,68,0.16361779200000048,552.0
135672 -> 135673 | Manchester to Hazel Grove | AM interpeak,135672 -> 135673,135672,135673,Manchester to Hazel Grove,AM interpeak,E01005831,16.0,513.9050000000007,68,0.5591286400000007,173.0
135672 -> 135673 | Manchester to Hazel Grove | AM peak,135672 -> 135673,135672,135673,Manchester to Hazel Grove,AM peak,E01005831,22.800000000000004,513.9050000000007,68,0.7967583120000011,64.0
135672 -> 135673 | Manchester to Hazel Grove | Evening off-peak,135672 -> 135673,135672,135673,Manchester to Hazel Grove,Evening off-peak,E01005831,6.0,513.9050000000007,68,0.20967324000000026,512.0
135672 -> 135673 | Manchester to Hazel Grove | Night/Early morning off-peak,135672 -> 135673,135672,135673,Manchester to Hazel Grove,Night/Early morning off-peak,E01005831,10.0,513.9050000000007,68,0.34945540000000047,361.0
135672 -> 135673 | Manchester to Hazel Grove | PM interpeak,135672 -> 135673,135672,135673,Manchester to Hazel Grove,PM interpeak,E01005831,15.5,513.9050000000007,68,0.5416558700000007,184.0
135672 -> 135673 | Manchester to Hazel Grove | PM peak,135672 -> 135673,135672,135673,Manchester to Hazel Grove,PM peak,E01005831,10.799999999999997,513.9050000000007,68,0.3774118320000004,321.0
135673 -> 135674 | Manchester to Hazel Grove | AM interpeak,135673 -> 135674,135673,135674,Manchester to Hazel Grove,AM interpeak,E01005831,14.899999999999999,161.0660000000007,68,0.1631920712000007,553.0
135673 -> 135674 | Manchester to Hazel Grove | AM peak,135673 -> 135674,135673,135674,Manchester to Hazel Grove,AM peak,E01005831,21.0,161.0660000000007,68,0.230002248000001,485.0
135673 -> 135674 | Manchester to Hazel Grove | Evening off-peak,135673 -> 135674,135673,135674,Manchester to Hazel Grove,Evening off-peak,E01005831,6.0,161.0660000000007,68,0.06571492800000028,628.0
135673 -> 135674 | Manchester to Hazel Grove | Night/Early morning off-peak,135673 -> 135674,135673,135674,Manchester to Hazel Grove,Night/Early morning off-peak,E01005831,9.799999999999997,161.0660000000007,68,0.10733438240000046,600.0
135673 -> 135674 | Manchester to Hazel Grove | PM interpeak,135673 -> 135674,135673,135674,Manchester to Hazel Grove,PM interpeak,E01005831,17.0,161.0660000000007,68,0.1861922960000008,526.0
135673 -> 135674 | Manchester to Hazel Grove | PM peak,135673 -> 135674,135673,135674,Manchester to Hazel Grove,PM peak,E01005831,9.0,161.0660000000007,68,0.09857239200000044,607.0
135674 -> 135675 | Manchester to Hazel Grove | AM interpeak,135674 -> 135675,135674,135675,Manchester to Hazel Grove,AM interpeak,E01005838,14.0,228.27799999999843,68,0.2173206559999985,502.0
135674 -> 135675 | Manchester to Hazel Grove | AM peak,135674 -> 135675,135674,135675,Manchester to Hazel Grove,AM peak,E01005838,21.0,228.27799999999843,68,0.32598098399999775,391.0
135674 -> 135675 | Manchester to Hazel Grove | Evening off-peak,135674 -> 135675,135674,135675,Manchester to Hazel Grove,Evening off-peak,E01005838,5.0,228.27799999999843,68,0.07761451999999948,619.0
135674 -> 135675 | Manchester to Hazel Grove | Night/Early morning off-peak,135674 -> 135675,135674,135675,Manchester to Hazel Grove,Night/Early morning off-peak,E01005838,9.0,228.27799999999843,68,0.13970613599999904,571.0
135674 -> 135675 | Manchester to Hazel Grove | PM interpeak,135674 -> 135675,135674,135675,Manchester to Hazel Grove,PM interpeak,E01005838,18.0,228.27799999999843,68,0.2794122719999981,432.0
135674 -> 135675 | Manchester to Hazel Grove | PM peak,135674 -> 135675,135674,135675,Manchester to Hazel Grove,PM peak,E01005838,9.0,228.27799999999843,68,0.13970613599999904,571.0
135675 -> 135676 | Manchester to Hazel Grove | AM interpeak,135675 -> 135676,135675,135676,Manchester to Hazel Grove,AM interpeak,E01005838,14.899999999999999,331.5750000000007,68,0.3359517900000007,379.0
135675 -> 135676 | Manchester to Hazel Grove | AM peak,135675 -> 135676,135675,135676,Manchester to Hazel Grove,AM peak,E01005838,18.0,331.5750000000007,68,0.40584780000000087,292.0
135675 -> 135676 | Manchester to Hazel Grove | Evening off-peak,135675 -> 135676,135675,135676,Manchester to Hazel Grove,Evening off-peak,E01005838,5.0,331.5750000000007,68,0.11273550000000025,590.0
135675 -> 135676 | Manchester to Hazel Grove | Night/Early morning off-peak,135675 -> 135676,135675,135676,Manchester to Hazel Grove,Night/Early morning off-peak,E01005838,8.0,331.5750000000007,68,0.1803768000000004,530.0
135675 -> 135676 | Manchester to Hazel Grove | PM interpeak,135675 -> 135676,135675,135676,Manchester to Hazel Grove,PM interpeak,E01005838,17.0,331.5750000000007,68,0.3833007000000008,318.0
135675 -> 135676 | Manchester to Hazel Grove | PM peak,135675 -> 135676,135675,135676,Manchester to Hazel Grove,PM peak,E01005838,8.0,331.5750000000007,68,0.1803768000000004,530.0
135676 -> 134165 | Manchester to Hazel Grove | AM interpeak,135676 -> 134165,135676,134165,Manchester to Hazel Grove,AM interpeak,E01005840,15.0,161.51900000000023,68,0.16474938000000022,550.0
135676 -> 134165 | Manchester to Hazel Grove | AM peak,135676 -> 134165,135676,134165,Manchester to Hazel Grove,AM peak,E01005840,17.0,161.51900000000023,68,0.18671596400000026,524.0
135676 -> 134165 | Manchester to Hazel Grove | Evening off-peak,135676 -> 134165,135676,134165,Manchester to Hazel Grove,Evening off-peak,E01005840,5.0,161.51900000000023,68,0.054916460000000084,631.0
135676 -> 134165 | Manchester to Hazel Grove | Night/Early morning off-peak,135676 -> 134165,135676,134165,Manchester to Hazel Grove,Night/Early morning off-peak,E01005840,7.700000000000003,161.51900000000023,68,0.08457134840000015,612.0
135676 -> 134165 | Manchester to Hazel Grove | PM interpeak,135676 -> 134165,135676,134165,Manchester to Hazel Grove,PM interpeak,E01005840,17.0,161.51900000000023,68,0.18671596400000026,524.0
135676 -> 134165 | Manchester to Hazel Grove | PM peak,135676 -> 134165,135676,134165,Manchester to Hazel Grove,PM peak,E01005840,7.0,161.51900000000023,68,0.07688304400000011,620.0
135678 -> 135681 | Manchester to Hazel Grove | AM interpeak,135678 -> 135681,135678,135681,Manchester to Hazel Grove,AM interpeak,E01005866,27.0,313.3019999999997,68,0.5752224719999994,160.0
135678 -> 135681 | Manchester to Hazel Grove | AM peak,135678 -> 135681,135678,135681,Manchester to Hazel Grove,AM peak,E01005866,66.4,313.3019999999997,68,1.4146211903999988,10.0
135678 -> 135681 | Manchester to Hazel Grove | Evening off-peak,135678 -> 135681,135678,135681,Manchester to Hazel Grove,Evening off-peak,E01005866,14.0,313.3019999999997,68,0.2982635039999997,411.0
135678 -> 135681 | Manchester to Hazel Grove | Night/Early morning off-peak,135678 -> 135681,135678,135681,Manchester to Hazel Grove,Night/Early morning off-peak,E01005866,22.0,313.3019999999997,68,0.46869979199999956,243.0
135678 -> 135681 | Manchester to Hazel Grove | PM interpeak,135678 -> 135681,135678,135681,Manchester to Hazel Grove,PM interpeak,E01005866,44.5,313.3019999999997,68,0.9480518519999989,41.0
135678 -> 135681 | Manchester to Hazel Grove | PM peak,135678 -> 135681,135678,135681,Manchester to Hazel Grove,PM peak,E01005866,38.0,313.3019999999997,68,0.8095723679999992,61.0
135679 -> 135682 | Manchester to Hazel Grove | AM interpeak,135679 -> 135682,135679,135682,Manchester to Hazel Grove,AM interpeak,E01005863,30.900000000000006,331.53299999999945,68,0.6966171395999989,96.0
135679 -> 135682 | Manchester to Hazel Grove | AM peak,135679 -> 135682,135679,135682,Manchester to Hazel Grove,AM peak,E01005863,64.0,331.53299999999945,68,1.4428316159999977,8.0
135679 -> 135682 | Manchester to Hazel Grove | Evening off-peak,135679 -> 135682,135679,135682,Manchester to Hazel Grove,Evening off-peak,E01005863,14.0,331.53299999999945,68,0.31561941599999943,399.0
135679 -> 135682 | Manchester to Hazel Grove | Night/Early morning off-peak,135679 -> 135682,135679,135682,Manchester to Hazel Grove,Night/Early morning off-peak,E01005863,23.0,331.53299999999945,68,0.5185176119999992,208.0
135679 -> 135682 | Manchester to Hazel Grove | PM interpeak,135679 -> 135682,135679,135682,Manchester to Hazel Grove,PM interpeak,E01005863,44.0,331.53299999999945,68,0.9919467359999984,36.0
135679 -> 135682 | Manchester to Hazel Grove | PM peak,135679 -> 135682,135679,135682,Manchester to Hazel Grove,PM peak,E01005863,37.0,331.53299999999945,68,0.8341370279999987,55.0
135680 -> 135683 | Manchester to Hazel Grove | AM interpeak,135680 -> 135683,135680,135683,Manchester to Hazel Grove,AM interpeak,E01005917,33.0,186.32200000000012,68,0.41810656800000034,278.0
135680 -> 135683 | Manchester to Hazel Grove | AM peak,135680 -> 135683,135680,135683,Manchester to Hazel Grove,AM peak,E01005917,61.20000000000002,186.32200000000012,68,0.7753976352000006,72.0
135680 -> 135683 | Manchester to Hazel Grove | Evening off-peak,135680 -> 135683,135680,135683,Manchester to Hazel Grove,Evening off-peak,E01005917,14.0,186.32200000000012,68,0.17737854400000008,534.0
135680 -> 135683 | Manchester to Hazel Grove | Night/Early morning off-peak,135680 -> 135683,135680,135683,Manchester to Hazel Grove,Night/Early morning off-peak,E01005917,22.0,186.32200000000012,68,0.27873771200000014,433.0
135680 -> 135683 | Manchester to Hazel Grove | PM interpeak,135680 -> 135683,135680,135683,Manchester to Hazel Grove,PM interpeak,E01005917,41.20000000000002,186.32200000000012,68,0.5219997152000005,200.0
135680 -> 135683 | Manchester to Hazel Grove | PM peak,135680 -> 135683,135680,135683,Manchester to Hazel Grove,PM peak,E01005917,35.80000000000001,186.32200000000012,68,0.4535822768000004,248.0
135681 -> 135679 | Manchester to Hazel Grove | AM interpeak,135681 -> 135679,135681,135679,Manchester to Hazel Grove,AM interpeak,E01005866,29.0,272.9940000000006,68,0.5383441680000012,192.0
135681 -> 135679 | Manchester to Hazel Grove | AM peak,135681 -> 135679,135681,135679,Manchester to Hazel Grove,AM peak,E01005866,64.60000000000002,272.9940000000006,68,1.199208043200003,18.0
135681 -> 135679 | Manchester to Hazel Grove | Evening off-peak,135681 -> 135679,135681,135679,Manchester to Hazel Grove,Evening off-peak,E01005866,14.0,272.9940000000006,68,0.2598902880000006,451.0
135681 -> 135679 | Manchester to Hazel Grove | Night/Early morning off-peak,135681 -> 135679,135681,135679,Manchester to Hazel Grove,Night/Early morning off-peak,E01005866,23.0,272.9940000000006,68,0.42696261600000096,275.0
135681 -> 135679 | Manchester to Hazel Grove | PM interpeak,135681 -> 135679,135681,135679,Manchester to Hazel Grove,PM interpeak,E01005866,44.20000000000002,272.9940000000006,68,0.8205107664000021,59.0
135681 -> 135679 | Manchester to Hazel Grove | PM peak,135681 -> 135679,135681,135679,Manchester to Hazel Grove,PM peak,E01005866,38.0,272.9940000000006,68,0.7054164960000016,94.0
135682 -> 135680 | Manchester to Hazel Grove | AM interpeak,135682 -> 135680,135682,135680,Manchester to Hazel Grove,AM interpeak,E01005916,32.0,377.97300000000087,68,0.8224692480000019,58.0
135682 -> 135680 | Manchester to Hazel Grove | AM peak,135682 -> 135680,135682,135680,Manchester to Hazel Grove,AM peak,E01005916,62.400000000000006,377.97300000000087,68,1.6038150336000039,4.0
135682 -> 135680 | Manchester to Hazel Grove | Evening off-peak,135682 -> 135680,135682,135680,Manchester to Hazel Grove,Evening off-peak,E01005916,14.0,377.97300000000087,68,0.3598302960000008,345.0
135682 -> 135680 | Manchester to Hazel Grove | Night/Early morning off-peak,135682 -> 135680,135682,135680,Manchester to Hazel Grove,Night/Early morning off-peak,E01005916,23.0,377.97300000000087,68,0.5911497720000013,148.0
135682 -> 135680 | Manchester to Hazel Grove | PM interpeak,135682 -> 135680,135682,135680,Manchester to Hazel Grove,PM interpeak,E01005916,43.400000000000006,377.97300000000087,68,1.1154739176000028,22.0
135682 -> 135680 | Manchester to Hazel Grove | PM peak,135682 -> 135680,135682,135680,Manchester to Hazel Grove,PM peak,E01005916,37.0,377.97300000000087,68,0.9509800680000022,40.0
135683 -> 135684 | Manchester to Hazel Grove | AM interpeak,135683 -> 135684,135683,135684,Manchester to Hazel Grove,AM interpeak,E01005917,35.0,267.6149999999998,68,0.6369236999999995,118.0
135683 -> 135684 | Manchester to Hazel Grove | AM peak,135683 -> 135684,135683,135684,Manchester to Hazel Grove,AM peak,E01005917,59.60000000000001,267.6149999999998,68,1.0845900719999992,25.0
135683 -> 135684 | Manchester to Hazel Grove | Evening off-peak,135683 -> 135684,135683,135684,Manchester to Hazel Grove,Evening off-peak,E01005917,13.0,267.6149999999998,68,0.23657165999999982,477.0
135683 -> 135684 | Manchester to Hazel Grove | Night/Early morning off-peak,135683 -> 135684,135683,135684,Manchester to Hazel Grove,Night/Early morning off-peak,E01005917,22.0,267.6149999999998,68,0.40035203999999963,299.0
135683 -> 135684 | Manchester to Hazel Grove | PM interpeak,135683 -> 135684,135683,135684,Manchester to Hazel Grove,PM interpeak,E01005917,40.60000000000001,267.6149999999998,68,0.7388314919999995,80.0
135683 -> 135684 | Manchester to Hazel Grove | PM peak,135683 -> 135684,135683,135684,Manchester to Hazel Grove,PM peak,E01005917,34.80000000000001,267.6149999999998,68,0.6332841359999997,120.0
135684 -> 135685 | Manchester to Hazel Grove | AM interpeak,135684 -> 135685,135684,135685,Manchester to Hazel Grove,AM interpeak,E01005917,33.0,305.7340000000004,68,0.6860670960000009,102.0
135684 -> 135685 | Manchester to Hazel Grove | AM peak,135684 -> 135685,135684,135685,Manchester to Hazel Grove,AM peak,E01005917,60.0,305.7340000000004,68,1.2473947200000015,17.0
135684 -> 135685 | Manchester to Hazel Grove | Evening off-peak,135684 -> 135685,135684,135685,Manchester to Hazel Grove,Evening off-peak,E01005917,13.200000000000017,305.7340000000004,68,0.2744268384000007,437.0
135684 -> 135685 | Manchester to Hazel Grove | Night/Early morning off-peak,135684 -> 135685,135684,135685,Manchester to Hazel Grove,Night/Early morning off-peak,E01005917,22.0,305.7340000000004,68,0.4573780640000006,246.0
135684 -> 135685 | Manchester to Hazel Grove | PM interpeak,135684 -> 135685,135684,135685,Manchester to Hazel Grove,PM interpeak,E01005917,38.0,305.7340000000004,68,0.790016656000001,66.0
135684 -> 135685 | Manchester to Hazel Grove | PM peak,135684 -> 135685,135684,135685,Manchester to Hazel Grove,PM peak,E01005917,31.0,305.7340000000004,68,0.6444872720000009,115.0
135685 -> 134397 | Manchester to Hazel Grove | AM interpeak,135685 -> 134397,135685,134397,Manchester to Hazel Grove,AM interpeak,E01005917,34.70000000000002,332.8119999999999,68,0.7853031952000002,68.0
135685 -> 134397 | Manchester to Hazel Grove | AM peak,135685 -> 134397,135685,134397,Manchester to Hazel Grove,AM peak,E01005917,58.70000000000002,332.8119999999999,68,1.3284523792,13.0
135685 -> 134397 | Manchester to Hazel Grove | Evening off-peak,135685 -> 134397,135685,134397,Manchester to Hazel Grove,Evening off-peak,E01005917,15.0,332.8119999999999,68,0.3394682399999999,373.0
135685 -> 134397 | Manchester to Hazel Grove | Night/Early morning off-peak,135685 -> 134397,135685,134397,Manchester to Hazel Grove,Night/Early morning off-peak,E01005917,20.9,332.8119999999999,68,0.4729924143999998,238.0
135685 -> 134397 | Manchester to Hazel Grove | PM interpeak,135685 -> 134397,135685,134397,Manchester to Hazel Grove,PM interpeak,E01005917,36.599999999999994,332.8119999999999,68,0.8283025055999996,57.0
135685 -> 134397 | Manchester to Hazel Grove | PM peak,135685 -> 134397,135685,134397,Manchester to Hazel Grove,PM peak,E01005917,30.5,332.8119999999999,68,0.6902520879999997,99.0
135685 -> 135792 | Manchester to Hazel Grove | AM interpeak,135685 -> 135792,135685,135792,Manchester to Hazel Grove,AM interpeak,E01005917,11.0,317.27499999999964,68,0.23732169999999975,475.0
135685 -> 135792 | Manchester to Hazel Grove | AM peak,135685 -> 135792,135685,135792,Manchester to Hazel Grove,AM peak,E01005917,4.0,317.27499999999964,68,0.0862987999999999,611.0
135685 -> 135792 | Manchester to Hazel Grove | Evening off-peak,135685 -> 135792,135685,135792,Manchester to Hazel Grove,Evening off-peak,E01005917,5.0,317.27499999999964,68,0.10787349999999987,598.0
135685 -> 135792 | Manchester to Hazel Grove | Night/Early morning off-peak,135685 -> 135792,135685,135792,Manchester to Hazel Grove,Night/Early morning off-peak,E01005917,1.0,317.27499999999964,68,0.021574699999999974,638.0
135685 -> 135792 | Manchester to Hazel Grove | PM interpeak,135685 -> 135792,135685,135792,Manchester to Hazel Grove,PM interpeak,E01005917,9.5,317.27499999999964,68,0.20495964999999977,514.0
135685 -> 135792 | Manchester to Hazel Grove | PM peak,135685 -> 135792,135685,135792,Manchester to Hazel Grove,PM peak,E01005917,11.0,317.27499999999964,68,0.23732169999999975,475.0
135687 -> 133049 | Manchester to Hazel Grove | AM interpeak,135687 -> 133049,135687,133049,Manchester to Hazel Grove,AM interpeak,E01033948,31.0,299.02000000000044,68,0.6303341600000009,123.0
135687 -> 133049 | Manchester to Hazel Grove | AM peak,135687 -> 133049,135687,133049,Manchester to Hazel Grove,AM peak,E01033948,50.0,299.02000000000044,68,1.0166680000000015,31.0
135687 -> 133049 | Manchester to Hazel Grove | Evening off-peak,135687 -> 133049,135687,133049,Manchester to Hazel Grove,Evening off-peak,E01033948,13.0,299.02000000000044,68,0.2643336800000004,446.0
135687 -> 133049 | Manchester to Hazel Grove | Night/Early morning off-peak,135687 -> 133049,135687,133049,Manchester to Hazel Grove,Night/Early morning off-peak,E01033948,17.5,299.02000000000044,68,0.35583380000000053,351.0
135687 -> 133049 | Manchester to Hazel Grove | PM interpeak,135687 -> 133049,135687,133049,Manchester to Hazel Grove,PM interpeak,E01033948,34.8,299.02000000000044,68,0.7076009280000009,91.0
135687 -> 133049 | Manchester to Hazel Grove | PM peak,135687 -> 133049,135687,133049,Manchester to Hazel Grove,PM peak,E01033948,28.200000000000003,299.02000000000044,68,0.573400752000001,163.0
135687 -> 134517 | Manchester to Hazel Grove | AM peak,135687 -> 134517,135687,134517,Manchester to Hazel Grove,AM peak,E01033948,9.0,635.4079999999994,68,0.38886969599999965,311.0
135687 -> 134517 | Manchester to Hazel Grove | PM interpeak,135687 -> 134517,135687,134517,Manchester to Hazel Grove,PM interpeak,E01033948,12.200000000000003,635.4079999999994,68,0.5271344767999996,196.0
135687 -> 134517 | Manchester to Hazel Grove | PM peak,135687 -> 134517,135687,134517,Manchester to Hazel Grove,PM peak,E01033948,7.100000000000001,635.4079999999994,68,0.3067749823999998,406.0
135689 -> 135634 | Hazel Grove to Manchester | AM interpeak,135689 -> 135634,135689,135634,Hazel Grove to Manchester,AM interpeak,E01005841,3.0,331.047,68,0.06753358799999999,627.0
135689 -> 135634 | Hazel Grove to Manchester | AM peak,135689 -> 135634,135689,135634,Hazel Grove to Manchester,AM peak,E01005841,5.0,331.047,68,0.11255598000000001,591.0
135689 -> 135634 | Hazel Grove to Manchester | Evening off-peak,135689 -> 135634,135689,135634,Hazel Grove to Manchester,Evening off-peak,E01005841,2.0,331.047,68,0.045022392,635.0
135689 -> 135634 | Hazel Grove to Manchester | Night/Early morning off-peak,135689 -> 135634,135689,135634,Hazel Grove to Manchester,Night/Early morning off-peak,E01005841,2.8999999999999986,331.047,68,0.06528246839999997,629.0
135689 -> 135634 | Hazel Grove to Manchester | PM interpeak,135689 -> 135634,135689,135634,Hazel Grove to Manchester,PM interpeak,E01005841,5.0,331.047,68,0.11255598000000001,591.0
135689 -> 135634 | Hazel Grove to Manchester | PM peak,135689 -> 135634,135689,135634,Hazel Grove to Manchester,PM peak,E01005841,4.0,331.047,68,0.090044784,610.0
48350 -> 48535 | Hazel Grove to Manchester | AM interpeak,48350 -> 48535,48350,48535,Hazel Grove to Manchester,AM interpeak,E01033654,6.0,259.9989999999998,68,0.1060795919999999,603.0
48350 -> 48535 | Hazel Grove to Manchester | AM peak,48350 -> 48535,48350,48535,Hazel Grove to Manchester,AM peak,E01033654,19.0,259.9989999999998,68,0.33591870799999973,380.0
48350 -> 48535 | Hazel Grove to Manchester | Evening off-peak,48350 -> 48535,48350,48535,Hazel Grove to Manchester,Evening off-peak,E01033654,21.0,259.9989999999998,68,0.3712785719999997,328.0
48350 -> 48535 | Hazel Grove to Manchester | Night/Early morning off-peak,48350 -> 48535,48350,48535,Hazel Grove to Manchester,Night/Early morning off-peak,E01033654,34.0,259.9989999999998,68,0.6011176879999994,141.0
48350 -> 48535 | Hazel Grove to Manchester | PM interpeak,48350 -> 48535,48350,48535,Hazel Grove to Manchester,PM interpeak,E01033654,22.0,259.9989999999998,68,0.3889585039999997,310.0
48350 -> 48535 | Hazel Grove to Manchester | PM peak,48350 -> 48535,48350,48535,Hazel Grove to Manchester,PM peak,E01033654,20.0,260.0,68,0.3536,353.0
48356 -> 54154 | Manchester to Hazel Grove | AM interpeak,48356 -> 54154,48356,54154,Manchester to Hazel Grove,AM interpeak,E01033654,4.0,528.2570000000001,68,0.14368590400000003,569.0
48356 -> 54154 | Manchester to Hazel Grove | AM peak,48356 -> 54154,48356,54154,Manchester to Hazel Grove,AM peak,E01033654,15.0,528.2570000000001,68,0.5388221400000001,188.0
48356 -> 54154 | Manchester to Hazel Grove | Evening off-peak,48356 -> 54154,48356,54154,Manchester to Hazel Grove,Evening off-peak,E01033654,6.0,528.2570000000001,68,0.21552885600000002,505.0
48356 -> 54154 | Manchester to Hazel Grove | Night/Early morning off-peak,48356 -> 54154,48356,54154,Manchester to Hazel Grove,Night/Early morning off-peak,E01033654,10.600000000000009,528.2570000000001,68,0.38076764560000037,319.0
48356 -> 54154 | Manchester to Hazel Grove | PM interpeak,48356 -> 54154,48356,54154,Manchester to Hazel Grove,PM interpeak,E01033654,16.0,528.2570000000001,68,0.5747436160000001,161.0
48356 -> 54154 | Manchester to Hazel Grove | PM peak,48356 -> 54154,48356,54154,Manchester to Hazel Grove,PM peak,E01033654,15.0,528.2570000000001,68,0.5388221400000001,188.0
48363 -> 48356 | Manchester to Hazel Grove | AM interpeak,48363 -> 48356,48363,48356,Manchester to Hazel Grove,AM interpeak,E01033661,3.0,168.13199999999995,68,0.03429892799999999,637.0
48363 -> 48356 | Manchester to Hazel Grove | AM peak,48363 -> 48356,48363,48356,Manchester to Hazel Grove,AM peak,E01033661,10.0,168.13199999999995,68,0.11432975999999997,587.0
48363 -> 48356 | Manchester to Hazel Grove | Evening off-peak,48363 -> 48356,48363,48356,Manchester to Hazel Grove,Evening off-peak,E01033661,4.0,168.13199999999995,68,0.04573190399999998,634.0
48363 -> 48356 | Manchester to Hazel Grove | Night/Early morning off-peak,48363 -> 48356,48363,48356,Manchester to Hazel Grove,Night/Early morning off-peak,E01033661,7.0,168.13199999999995,68,0.08003083199999997,618.0
48363 -> 48356 | Manchester to Hazel Grove | PM interpeak,48363 -> 48356,48363,48356,Manchester to Hazel Grove,PM interpeak,E01033661,11.0,168.13199999999995,68,0.12576273599999996,582.0
48363 -> 48356 | Manchester to Hazel Grove | PM peak,48363 -> 48356,48363,48356,Manchester to Hazel Grove,PM peak,E01033661,10.0,168.13199999999995,68,0.11432975999999997,587.0
48378 -> 48363 | Manchester to Hazel Grove | AM interpeak,48378 -> 48363,48378,48363,Manchester to Hazel Grove,AM interpeak,E01033653,2.0,392.812,68,0.053422432000000006,633.0
48378 -> 48363 | Manchester to Hazel Grove | AM peak,48378 -> 48363,48378,48363,Manchester to Hazel Grove,AM peak,E01033653,6.0,392.812,68,0.16026729599999998,556.0
48378 -> 48363 | Manchester to Hazel Grove | Evening off-peak,48378 -> 48363,48378,48363,Manchester to Hazel Grove,Evening off-peak,E01033653,3.0,392.812,68,0.08013364799999999,617.0
48378 -> 48363 | Manchester to Hazel Grove | Night/Early morning off-peak,48378 -> 48363,48378,48363,Manchester to Hazel Grove,Night/Early morning off-peak,E01033653,4.0,392.812,68,0.10684486400000001,602.0
48378 -> 48363 | Manchester to Hazel Grove | PM interpeak,48378 -> 48363,48378,48363,Manchester to Hazel Grove,PM interpeak,E01033653,6.0,392.812,68,0.16026729599999998,556.0
48378 -> 48363 | Manchester to Hazel Grove | PM peak,48378 -> 48363,48378,48363,Manchester to Hazel Grove,PM peak,E01033653,6.0,392.812,68,0.16026729599999998,556.0
48535 -> 50826 | Hazel Grove to Manchester | AM interpeak,48535 -> 50826,48535,50826,Hazel Grove to Manchester,AM interpeak,E01033654,6.0,168.6790000000001,68,0.06882103200000003,626.0
48535 -> 50826 | Hazel Grove to Manchester | AM peak,48535 -> 50826,48535,50826,Hazel Grove to Manchester,AM peak,E01033654,19.599999999999994,168.6790000000001,68,0.22481537120000009,492.0
48535 -> 50826 | Hazel Grove to Manchester | Evening off-peak,48535 -> 50826,48535,50826,Hazel Grove to Manchester,Evening off-peak,E01033654,21.0,168.6790000000001,68,0.24087361200000013,470.0
48535 -> 50826 | Hazel Grove to Manchester | Night/Early morning off-peak,48535 -> 50826,48535,50826,Hazel Grove to Manchester,Night/Early morning off-peak,E01033654,32.0,168.6790000000001,68,0.36704550400000024,334.0
48535 -> 50826 | Hazel Grove to Manchester | PM interpeak,48535 -> 50826,48535,50826,Hazel Grove to Manchester,PM interpeak,E01033654,21.200000000000003,168.6790000000001,68,0.24316764640000016,467.0
48535 -> 50826 | Hazel Grove to Manchester | PM peak,48535 -> 50826,48535,50826,Hazel Grove to Manchester,PM peak,E01033654,19.0,168.67799999999988,68,0.21793197599999986,501.0
48642 -> 48669 | Manchester to Hazel Grove | AM interpeak,48642 -> 48669,48642,48669,Manchester to Hazel Grove,AM interpeak,E01005221,16.0,204.14199999999983,68,0.22210649599999982,494.0
48642 -> 48669 | Manchester to Hazel Grove | AM peak,48642 -> 48669,48642,48669,Manchester to Hazel Grove,AM peak,E01005221,72.0,204.14199999999983,68,0.9994792319999991,35.0
48642 -> 48669 | Manchester to Hazel Grove | Evening off-peak,48642 -> 48669,48642,48669,Manchester to Hazel Grove,Evening off-peak,E01005221,16.0,204.14199999999983,68,0.22210649599999982,494.0
48642 -> 48669 | Manchester to Hazel Grove | Night/Early morning off-peak,48642 -> 48669,48642,48669,Manchester to Hazel Grove,Night/Early morning off-peak,E01005221,27.700000000000003,204.14199999999983,68,0.3845218711999997,315.0
48642 -> 48669 | Manchester to Hazel Grove | PM interpeak,48642 -> 48669,48642,48669,Manchester to Hazel Grove,PM interpeak,E01005221,51.0,204.14199999999983,68,0.7079644559999994,90.0
48642 -> 48669 | Manchester to Hazel Grove | PM peak,48642 -> 48669,48642,48669,Manchester to Hazel Grove,PM peak,E01005221,46.0,204.14199999999983,68,0.6385561759999995,117.0
48651 -> 48677 | Manchester to Hazel Grove | AM interpeak,48651 -> 48677,48651,48677,Manchester to Hazel Grove,AM interpeak,E01005221,18.80000000000001,191.53700000000026,68,0.2448609008000005,465.0
48651 -> 48677 | Manchester to Hazel Grove | AM peak,48651 -> 48677,48651,48677,Manchester to Hazel Grove,AM peak,E01005221,76.10000000000001,191.53700000000026,68,0.9911656676000014,37.0
48651 -> 48677 | Manchester to Hazel Grove | Evening off-peak,48651 -> 48677,48651,48677,Manchester to Hazel Grove,Evening off-peak,E01005221,17.0,191.53700000000026,68,0.2214167720000003,497.0
48651 -> 48677 | Manchester to Hazel Grove | Night/Early morning off-peak,48651 -> 48677,48651,48677,Manchester to Hazel Grove,Night/Early morning off-peak,E01005221,27.799999999999997,191.53700000000026,68,0.3620815448000005,339.0
48651 -> 48677 | Manchester to Hazel Grove | PM interpeak,48651 -> 48677,48651,48677,Manchester to Hazel Grove,PM interpeak,E01005221,49.60000000000001,191.53700000000026,68,0.6460159936000011,114.0
48651 -> 48677 | Manchester to Hazel Grove | PM peak,48651 -> 48677,48651,48677,Manchester to Hazel Grove,PM peak,E01005221,45.0,191.53700000000026,68,0.5861032200000008,151.0
48654 -> 48835 | Hazel Grove to Manchester | AM interpeak,48654 -> 48835,48654,48835,Hazel Grove to Manchester,AM interpeak,E01005238,10.0,387.6270000000004,68,0.2635863600000003,447.0
48654 -> 48835 | Hazel Grove to Manchester | AM peak,48654 -> 48835,48654,48835,Hazel Grove to Manchester,AM peak,E01005238,17.0,387.6270000000004,68,0.44809681200000046,254.0
48654 -> 48835 | Hazel Grove to Manchester | Evening off-peak,48654 -> 48835,48654,48835,Hazel Grove to Manchester,Evening off-peak,E01005238,28.10000000000001,387.6270000000004,68,0.7406776716000011,79.0
48654 -> 48835 | Hazel Grove to Manchester | Night/Early morning off-peak,48654 -> 48835,48654,48835,Hazel Grove to Manchester,Night/Early morning off-peak,E01005238,42.0,387.6270000000004,68,1.107062712000001,24.0
48654 -> 48835 | Hazel Grove to Manchester | PM interpeak,48654 -> 48835,48654,48835,Hazel Grove to Manchester,PM interpeak,E01005238,20.0,387.6270000000004,68,0.5271727200000006,195.0
48654 -> 48835 | Hazel Grove to Manchester | PM peak,48654 -> 48835,48654,48835,Hazel Grove to Manchester,PM peak,E01005238,28.0,387.6270000000004,68,0.7380418080000007,81.0
48657 -> 48663 | Manchester to Hazel Grove | AM interpeak,48657 -> 48663,48657,48663,Manchester to Hazel Grove,AM interpeak,E01034137,13.0,305.85000000000036,68,0.2703714000000003,442.0
48657 -> 48663 | Manchester to Hazel Grove | AM peak,48657 -> 48663,48657,48663,Manchester to Hazel Grove,AM peak,E01034137,63.20000000000002,305.85000000000036,68,1.3144209600000019,15.0
48657 -> 48663 | Manchester to Hazel Grove | Evening off-peak,48657 -> 48663,48657,48663,Manchester to Hazel Grove,Evening off-peak,E01034137,15.0,305.85000000000036,68,0.3119670000000004,402.0
48657 -> 48663 | Manchester to Hazel Grove | Night/Early morning off-peak,48657 -> 48663,48657,48663,Manchester to Hazel Grove,Night/Early morning off-peak,E01034137,25.0,305.85000000000036,68,0.5199450000000007,205.0
48657 -> 48663 | Manchester to Hazel Grove | PM interpeak,48657 -> 48663,48657,48663,Manchester to Hazel Grove,PM interpeak,E01034137,48.5,305.85000000000036,68,1.0086933000000011,33.0
48657 -> 48663 | Manchester to Hazel Grove | PM peak,48657 -> 48663,48657,48663,Manchester to Hazel Grove,PM peak,E01034137,44.0,305.85000000000036,68,0.915103200000001,46.0
48660 -> 48654 | Hazel Grove to Manchester | AM interpeak,48660 -> 48654,48660,48654,Hazel Grove to Manchester,AM interpeak,E01005219,10.0,287.02299999999923,68,0.19517563999999948,519.0
48660 -> 48654 | Hazel Grove to Manchester | AM peak,48660 -> 48654,48660,48654,Hazel Grove to Manchester,AM peak,E01005219,16.0,287.02299999999923,68,0.3122810239999992,400.0
48660 -> 48654 | Hazel Grove to Manchester | Evening off-peak,48660 -> 48654,48660,48654,Hazel Grove to Manchester,Evening off-peak,E01005219,30.0,287.02299999999923,68,0.5855269199999984,153.0
48660 -> 48654 | Hazel Grove to Manchester | Night/Early morning off-peak,48660 -> 48654,48660,48654,Hazel Grove to Manchester,Night/Early morning off-peak,E01005219,42.0,287.02299999999923,68,0.8197376879999978,60.0
48660 -> 48654 | Hazel Grove to Manchester | PM interpeak,48660 -> 48654,48660,48654,Hazel Grove to Manchester,PM interpeak,E01005219,19.200000000000003,287.02299999999923,68,0.374737228799999,325.0
48660 -> 48654 | Hazel Grove to Manchester | PM peak,48660 -> 48654,48660,48654,Hazel Grove to Manchester,PM peak,E01005219,28.0,287.02299999999923,68,0.5464917919999985,180.0
48663 -> 48642 | Manchester to Hazel Grove | AM interpeak,48663 -> 48642,48663,48642,Manchester to Hazel Grove,AM interpeak,E01034138,14.0,184.83399999999983,68,0.17596196799999983,536.0
48663 -> 48642 | Manchester to Hazel Grove | AM peak,48663 -> 48642,48663,48642,Manchester to Hazel Grove,AM peak,E01034138,68.10000000000001,184.83399999999983,68,0.8559292871999992,53.0
48663 -> 48642 | Manchester to Hazel Grove | Evening off-peak,48663 -> 48642,48663,48642,Manchester to Hazel Grove,Evening off-peak,E01034138,17.0,184.83399999999983,68,0.2136681039999998,506.0
48663 -> 48642 | Manchester to Hazel Grove | Night/Early morning off-peak,48663 -> 48642,48663,48642,Manchester to Hazel Grove,Night/Early morning off-peak,E01034138,26.799999999999997,184.83399999999983,68,0.33684148159999966,377.0
48663 -> 48642 | Manchester to Hazel Grove | PM interpeak,48663 -> 48642,48663,48642,Manchester to Hazel Grove,PM interpeak,E01034138,50.5,184.83399999999983,68,0.6347199559999994,119.0
48663 -> 48642 | Manchester to Hazel Grove | PM peak,48663 -> 48642,48663,48642,Manchester to Hazel Grove,PM peak,E01034138,46.0,184.83399999999983,68,0.5781607519999995,158.0
48666 -> 48660 | Hazel Grove to Manchester | AM interpeak,48666 -> 48660,48666,48660,Hazel Grove to Manchester,AM interpeak,E01005219,10.0,257.0030000000006,68,0.17476204000000045,539.0
48666 -> 48660 | Hazel Grove to Manchester | AM peak,48666 -> 48660,48666,48660,Hazel Grove to Manchester,AM peak,E01005219,15.0,257.0030000000006,68,0.2621430600000006,448.0
48666 -> 48660 | Hazel Grove to Manchester | Evening off-peak,48666 -> 48660,48666,48660,Hazel Grove to Manchester,Evening off-peak,E01005219,31.0,257.0030000000006,68,0.5417623240000012,183.0
48666 -> 48660 | Hazel Grove to Manchester | Night/Early morning off-peak,48666 -> 48660,48666,48660,Hazel Grove to Manchester,Night/Early morning off-peak,E01005219,41.0,257.0030000000006,68,0.7165243640000017,86.0
48666 -> 48660 | Hazel Grove to Manchester | PM interpeak,48666 -> 48660,48666,48660,Hazel Grove to Manchester,PM interpeak,E01005219,19.10000000000001,257.0030000000006,68,0.33379549640000095,384.0
48666 -> 48660 | Hazel Grove to Manchester | PM peak,48666 -> 48660,48666,48660,Hazel Grove to Manchester,PM peak,E01005219,29.0,257.0030000000006,68,0.5068099160000011,213.0
48669 -> 48651 | Manchester to Hazel Grove | AM interpeak,48669 -> 48651,48669,48651,Manchester to Hazel Grove,AM interpeak,E01005221,17.0,202.44700000000012,68,0.2340287320000001,481.0
48669 -> 48651 | Manchester to Hazel Grove | AM peak,48669 -> 48651,48669,48651,Manchester to Hazel Grove,AM peak,E01005221,76.0,202.44700000000012,68,1.0462460960000006,29.0
48669 -> 48651 | Manchester to Hazel Grove | Evening off-peak,48669 -> 48651,48669,48651,Manchester to Hazel Grove,Evening off-peak,E01005221,17.0,202.44700000000012,68,0.2340287320000001,481.0
48669 -> 48651 | Manchester to Hazel Grove | Night/Early morning off-peak,48669 -> 48651,48669,48651,Manchester to Hazel Grove,Night/Early morning off-peak,E01005221,28.0,202.44700000000012,68,0.38545908800000017,313.0
48669 -> 48651 | Manchester to Hazel Grove | PM interpeak,48669 -> 48651,48669,48651,Manchester to Hazel Grove,PM interpeak,E01005221,52.0,202.44700000000012,68,0.7158525920000004,87.0
48669 -> 48651 | Manchester to Hazel Grove | PM peak,48669 -> 48651,48669,48651,Manchester to Hazel Grove,PM peak,E01005221,47.80000000000001,202.44700000000012,68,0.6580337288000004,109.0
48672 -> 48666 | Hazel Grove to Manchester | AM interpeak,48672 -> 48666,48672,48666,Hazel Grove to Manchester,AM interpeak,E01005221,10.0,311.46299999999974,68,0.21179483999999982,510.0
48672 -> 48666 | Hazel Grove to Manchester | AM peak,48672 -> 48666,48672,48666,Hazel Grove to Manchester,AM peak,E01005221,17.0,311.46299999999974,68,0.3600512279999997,343.0
48672 -> 48666 | Hazel Grove to Manchester | Evening off-peak,48672 -> 48666,48672,48666,Hazel Grove to Manchester,Evening off-peak,E01005221,31.0,311.46299999999974,68,0.6565640039999995,110.0
48672 -> 48666 | Hazel Grove to Manchester | Night/Early morning off-peak,48672 -> 48666,48672,48666,Hazel Grove to Manchester,Night/Early morning off-peak,E01005221,41.0,311.46299999999974,68,0.8683588439999992,50.0
48672 -> 48666 | Hazel Grove to Manchester | PM interpeak,48672 -> 48666,48672,48666,Hazel Grove to Manchester,PM interpeak,E01005221,19.0,311.46299999999974,68,0.4024101959999997,297.0
48672 -> 48666 | Hazel Grove to Manchester | PM peak,48672 -> 48666,48672,48666,Hazel Grove to Manchester,PM peak,E01005221,28.5,311.46299999999974,68,0.6036152939999995,140.0
48675 -> 48672 | Hazel Grove to Manchester | AM interpeak,48675 -> 48672,48675,48672,Hazel Grove to Manchester,AM interpeak,E01005221,10.900000000000006,221.54100000000017,68,0.1642061892000002,551.0
48675 -> 48672 | Hazel Grove to Manchester | AM peak,48675 -> 48672,48675,48672,Hazel Grove to Manchester,AM peak,E01005221,17.0,221.54100000000017,68,0.2561013960000002,454.0
48675 -> 48672 | Hazel Grove to Manchester | Evening off-peak,48675 -> 48672,48675,48672,Hazel Grove to Manchester,Evening off-peak,E01005221,29.0,221.54100000000108,68,0.4368788520000021,264.0
48675 -> 48672 | Hazel Grove to Manchester | Night/Early morning off-peak,48675 -> 48672,48675,48672,Hazel Grove to Manchester,Night/Early morning off-peak,E01005221,42.0,221.54100000000017,68,0.6327210960000005,121.0
48675 -> 48672 | Hazel Grove to Manchester | PM interpeak,48675 -> 48672,48675,48672,Hazel Grove to Manchester,PM interpeak,E01005221,19.200000000000003,221.54100000000017,68,0.2892439296000002,425.0
48675 -> 48672 | Hazel Grove to Manchester | PM peak,48675 -> 48672,48675,48672,Hazel Grove to Manchester,PM peak,E01005221,29.0,221.54100000000017,68,0.4368788520000003,265.0
48677 -> 48680 | Manchester to Hazel Grove | AM interpeak,48677 -> 48680,48677,48680,Manchester to Hazel Grove,AM interpeak,E01005222,20.0,199.52700000000004,68,0.27135672000000005,440.0
48677 -> 48680 | Manchester to Hazel Grove | AM peak,48677 -> 48680,48677,48680,Manchester to Hazel Grove,AM peak,E01005222,74.10000000000001,199.52700000000004,68,1.0053766476000003,34.0
48677 -> 48680 | Manchester to Hazel Grove | Evening off-peak,48677 -> 48680,48677,48680,Manchester to Hazel Grove,Evening off-peak,E01005222,16.0,199.52700000000004,68,0.21708537600000005,503.0
48677 -> 48680 | Manchester to Hazel Grove | Night/Early morning off-peak,48677 -> 48680,48677,48680,Manchester to Hazel Grove,Night/Early morning off-peak,E01005222,25.799999999999997,199.52700000000004,68,0.35005016880000006,359.0
48677 -> 48680 | Manchester to Hazel Grove | PM interpeak,48677 -> 48680,48677,48680,Manchester to Hazel Grove,PM interpeak,E01005222,49.0,199.52700000000004,68,0.6648239640000002,107.0
48677 -> 48680 | Manchester to Hazel Grove | PM peak,48677 -> 48680,48677,48680,Manchester to Hazel Grove,PM peak,E01005222,43.0,199.52700000000004,68,0.5834169480000002,157.0
48680 -> 134267 | Manchester to Hazel Grove | AM interpeak,48680 -> 134267,48680,134267,Manchester to Hazel Grove,AM interpeak,E01005222,22.0,522.777,68,0.7820743920000001,69.0
48680 -> 134267 | Manchester to Hazel Grove | AM peak,48680 -> 134267,48680,134267,Manchester to Hazel Grove,AM peak,E01005222,72.4,522.777,68,2.5737357264000007,1.0
48680 -> 134267 | Manchester to Hazel Grove | Evening off-peak,48680 -> 134267,48680,134267,Manchester to Hazel Grove,Evening off-peak,E01005222,16.0,522.777,68,0.5687813760000001,167.0
48680 -> 134267 | Manchester to Hazel Grove | Night/Early morning off-peak,48680 -> 134267,48680,134267,Manchester to Hazel Grove,Night/Early morning off-peak,E01005222,25.799999999999997,522.777,68,0.9171599688,45.0
48680 -> 134267 | Manchester to Hazel Grove | PM interpeak,48680 -> 134267,48680,134267,Manchester to Hazel Grove,PM interpeak,E01005222,48.5,522.777,68,1.7241185460000001,3.0
48680 -> 134267 | Manchester to Hazel Grove | PM peak,48680 -> 134267,48680,134267,Manchester to Hazel Grove,PM peak,E01005222,41.0,522.777,68,1.457502276,7.0
48683 -> 48675 | Hazel Grove to Manchester | AM interpeak,48683 -> 48675,48683,48675,Hazel Grove to Manchester,AM interpeak,E01005216,11.0,224.1299999999992,68,0.1676492399999994,544.0
48683 -> 48675 | Hazel Grove to Manchester | AM peak,48683 -> 48675,48683,48675,Hazel Grove to Manchester,AM peak,E01005216,18.0,224.1299999999992,68,0.274335119999999,438.0
48683 -> 48675 | Hazel Grove to Manchester | Evening off-peak,48683 -> 48675,48683,48675,Hazel Grove to Manchester,Evening off-peak,E01005216,29.0,224.1299999999992,68,0.4419843599999984,259.0
48683 -> 48675 | Hazel Grove to Manchester | Night/Early morning off-peak,48683 -> 48675,48683,48675,Hazel Grove to Manchester,Night/Early morning off-peak,E01005216,41.0,224.1299999999992,68,0.6248744399999978,125.0
48683 -> 48675 | Hazel Grove to Manchester | PM interpeak,48683 -> 48675,48683,48675,Hazel Grove to Manchester,PM interpeak,E01005216,20.0,224.1300000000001,68,0.30481680000000017,408.0
48683 -> 48675 | Hazel Grove to Manchester | PM peak,48683 -> 48675,48683,48675,Hazel Grove to Manchester,PM peak,E01005216,28.0,224.1300000000001,68,0.4267435200000002,276.0
48686 -> 48683 | Hazel Grove to Manchester | AM interpeak,48686 -> 48683,48686,48683,Hazel Grove to Manchester,AM interpeak,E01005215,11.0,381.47699999999986,68,0.2853447959999999,428.0
48686 -> 48683 | Hazel Grove to Manchester | AM peak,48686 -> 48683,48686,48683,Hazel Grove to Manchester,AM peak,E01005215,18.5,381.47699999999986,68,0.4798980659999998,231.0
48686 -> 48683 | Hazel Grove to Manchester | Evening off-peak,48686 -> 48683,48686,48683,Hazel Grove to Manchester,Evening off-peak,E01005215,28.0,381.47700000000077,68,0.7263322080000014,85.0
48686 -> 48683 | Hazel Grove to Manchester | Night/Early morning off-peak,48686 -> 48683,48686,48683,Hazel Grove to Manchester,Night/Early morning off-peak,E01005215,38.900000000000006,381.47699999999986,68,1.0090829603999998,32.0
48686 -> 48683 | Hazel Grove to Manchester | PM interpeak,48686 -> 48683,48686,48683,Hazel Grove to Manchester,PM interpeak,E01005215,20.10000000000001,381.47600000000057,68,0.5214013968000011,203.0
48686 -> 48683 | Hazel Grove to Manchester | PM peak,48686 -> 48683,48686,48683,Hazel Grove to Manchester,PM peak,E01005215,29.0,381.47600000000057,68,0.7522706720000011,76.0
48831 -> 50410 | Hazel Grove to Manchester | AM interpeak,48831 -> 50410,48831,50410,Hazel Grove to Manchester,AM interpeak,E01005234,9.0,496.5589999999993,68,0.30389410799999955,409.0
48831 -> 50410 | Hazel Grove to Manchester | AM peak,48831 -> 50410,48831,50410,Hazel Grove to Manchester,AM peak,E01005234,16.0,496.5589999999993,68,0.5402561919999993,185.0
48831 -> 50410 | Hazel Grove to Manchester | Evening off-peak,48831 -> 50410,48831,50410,Hazel Grove to Manchester,Evening off-peak,E01005234,27.0,496.5589999999993,68,0.9116823239999987,47.0
48831 -> 50410 | Hazel Grove to Manchester | Night/Early morning off-peak,48831 -> 50410,48831,50410,Hazel Grove to Manchester,Night/Early morning off-peak,E01005234,38.2,496.5589999999993,68,1.2898616583999982,16.0
48831 -> 50410 | Hazel Grove to Manchester | PM interpeak,48831 -> 50410,48831,50410,Hazel Grove to Manchester,PM interpeak,E01005234,20.200000000000003,496.5589999999993,68,0.6820734423999991,104.0
48831 -> 50410 | Hazel Grove to Manchester | PM peak,48831 -> 50410,48831,50410,Hazel Grove to Manchester,PM peak,E01005234,27.200000000000017,496.5589999999993,68,0.9184355263999993,44.0
48833 -> 48837 | Manchester to Hazel Grove | AM interpeak,48833 -> 48837,48833,48837,Manchester to Hazel Grove,AM interpeak,E01005234,11.0,222.3729999999996,68,0.16633500399999968,547.0
48833 -> 48837 | Manchester to Hazel Grove | AM peak,48833 -> 48837,48833,48837,Manchester to Hazel Grove,AM peak,E01005234,56.900000000000006,222.3729999999996,68,0.8604056115999984,51.0
48833 -> 48837 | Manchester to Hazel Grove | Evening off-peak,48833 -> 48837,48833,48837,Manchester to Hazel Grove,Evening off-peak,E01005234,15.0,222.3729999999996,68,0.2268204599999996,490.0
48833 -> 48837 | Manchester to Hazel Grove | Night/Early morning off-peak,48833 -> 48837,48833,48837,Manchester to Hazel Grove,Night/Early morning off-peak,E01005234,24.0,222.3729999999996,68,0.3629127359999993,335.0
48833 -> 48837 | Manchester to Hazel Grove | PM interpeak,48833 -> 48837,48833,48837,Manchester to Hazel Grove,PM interpeak,E01005234,43.0,222.3729999999996,68,0.6502186519999987,112.0
48833 -> 48837 | Manchester to Hazel Grove | PM peak,48833 -> 48837,48833,48837,Manchester to Hazel Grove,PM peak,E01005234,42.80000000000001,222.3729999999996,68,0.6471943791999989,113.0
48835 -> 48831 | Hazel Grove to Manchester | AM interpeak,48835 -> 48831,48835,48831,Hazel Grove to Manchester,AM interpeak,E01005234,9.0,185.8130000000001,68,0.11371755600000005,589.0
48835 -> 48831 | Hazel Grove to Manchester | AM peak,48835 -> 48831,48835,48831,Hazel Grove to Manchester,AM peak,E01005234,16.0,185.8130000000001,68,0.2021645440000001,518.0
48835 -> 48831 | Hazel Grove to Manchester | Evening off-peak,48835 -> 48831,48835,48831,Hazel Grove to Manchester,Evening off-peak,E01005234,27.10000000000001,185.8130000000001,68,0.3424161964000003,368.0
48835 -> 48831 | Hazel Grove to Manchester | Night/Early morning off-peak,48835 -> 48831,48835,48831,Hazel Grove to Manchester,Night/Early morning off-peak,E01005234,41.0,185.8130000000001,68,0.5180466440000002,209.0
48835 -> 48831 | Hazel Grove to Manchester | PM interpeak,48835 -> 48831,48835,48831,Hazel Grove to Manchester,PM interpeak,E01005234,20.0,185.8130000000001,68,0.25270568000000015,456.0
48835 -> 48831 | Hazel Grove to Manchester | PM peak,48835 -> 48831,48835,48831,Hazel Grove to Manchester,PM peak,E01005234,27.0,185.8130000000001,68,0.34115266800000016,370.0
48837 -> 48657 | Manchester to Hazel Grove | AM interpeak,48837 -> 48657,48837,48657,Manchester to Hazel Grove,AM interpeak,E01034137,12.0,377.8609999999999,68,0.30833457599999986,405.0
48837 -> 48657 | Manchester to Hazel Grove | AM peak,48837 -> 48657,48837,48657,Manchester to Hazel Grove,AM peak,E01034137,58.900000000000006,377.8609999999999,68,1.5134088771999996,6.0
48837 -> 48657 | Manchester to Hazel Grove | Evening off-peak,48837 -> 48657,48837,48657,Manchester to Hazel Grove,Evening off-peak,E01034137,15.0,377.8609999999999,68,0.3854182199999999,314.0
48837 -> 48657 | Manchester to Hazel Grove | Night/Early morning off-peak,48837 -> 48657,48837,48657,Manchester to Hazel Grove,Night/Early morning off-peak,E01034137,23.799999999999997,377.8609999999999,68,0.6115302423999998,134.0
48837 -> 48657 | Manchester to Hazel Grove | PM interpeak,48837 -> 48657,48837,48657,Manchester to Hazel Grove,PM interpeak,E01034137,46.5,377.8609999999999,68,1.1947964819999994,19.0
48837 -> 48657 | Manchester to Hazel Grove | PM peak,48837 -> 48657,48837,48657,Manchester to Hazel Grove,PM peak,E01034137,44.0,377.8609999999999,68,1.1305601119999997,21.0
50410 -> 50414 | Hazel Grove to Manchester | AM interpeak,50410 -> 50414,50410,50414,Hazel Grove to Manchester,AM interpeak,E01005232,9.0,331.66799999999967,68,0.20298081599999981,517.0
50410 -> 50414 | Hazel Grove to Manchester | AM peak,50410 -> 50414,50410,50414,Hazel Grove to Manchester,AM peak,E01005232,17.0,331.66799999999967,68,0.3834082079999996,317.0
50410 -> 50414 | Hazel Grove to Manchester | Evening off-peak,50410 -> 50414,50410,50414,Hazel Grove to Manchester,Evening off-peak,E01005232,26.900000000000006,331.66799999999967,68,0.6066871055999995,138.0
50410 -> 50414 | Hazel Grove to Manchester | Night/Early morning off-peak,50410 -> 50414,50410,50414,Hazel Grove to Manchester,Night/Early morning off-peak,E01005232,38.10000000000001,331.66799999999967,68,0.8592854543999994,52.0
50410 -> 50414 | Hazel Grove to Manchester | PM interpeak,50410 -> 50414,50410,50414,Hazel Grove to Manchester,PM interpeak,E01005232,20.0,331.6680000000001,68,0.4510684800000002,252.0
50410 -> 50414 | Hazel Grove to Manchester | PM peak,50410 -> 50414,50410,50414,Hazel Grove to Manchester,PM peak,E01005232,25.0,331.6680000000006,68,0.5638356000000009,171.0
50414 -> 50416 | Hazel Grove to Manchester | AM interpeak,50414 -> 50416,50414,50416,Hazel Grove to Manchester,AM interpeak,E01034119,9.0,189.02399999999943,68,0.11568268799999964,586.0
50414 -> 50416 | Hazel Grove to Manchester | AM peak,50414 -> 50416,50414,50416,Hazel Grove to Manchester,AM peak,E01034119,17.0,189.02399999999943,68,0.21851174399999934,499.0
50414 -> 50416 | Hazel Grove to Manchester | Evening off-peak,50414 -> 50416,50414,50416,Hazel Grove to Manchester,Evening off-peak,E01034119,26.0,189.02400000000125,68,0.3341944320000022,383.0
50414 -> 50416 | Hazel Grove to Manchester | Night/Early morning off-peak,50414 -> 50416,50414,50416,Hazel Grove to Manchester,Night/Early morning off-peak,E01034119,37.599999999999994,189.02399999999943,68,0.4832965631999984,224.0
50414 -> 50416 | Hazel Grove to Manchester | PM interpeak,50414 -> 50416,50414,50416,Hazel Grove to Manchester,PM interpeak,E01034119,20.200000000000003,189.02399999999943,68,0.25964336639999924,452.0
50414 -> 50416 | Hazel Grove to Manchester | PM peak,50414 -> 50416,50414,50416,Hazel Grove to Manchester,PM peak,E01034119,25.200000000000017,189.02399999999943,68,0.32391152639999926,393.0
50416 -> 50418 | Hazel Grove to Manchester | AM interpeak,50416 -> 50418,50416,50418,Hazel Grove to Manchester,AM interpeak,E01034119,8.0,196.97199999999975,68,0.10715276799999987,601.0
50416 -> 50418 | Hazel Grove to Manchester | AM peak,50416 -> 50418,50416,50418,Hazel Grove to Manchester,AM peak,E01034119,17.200000000000003,196.97199999999975,68,0.23037845119999975,484.0
50416 -> 50418 | Hazel Grove to Manchester | Evening off-peak,50416 -> 50418,50416,50418,Hazel Grove to Manchester,Evening off-peak,E01034119,26.0,196.97199999999975,68,0.3482464959999996,363.0
50416 -> 50418 | Hazel Grove to Manchester | Night/Early morning off-peak,50416 -> 50418,50416,50418,Hazel Grove to Manchester,Night/Early morning off-peak,E01034119,36.0,196.97199999999975,68,0.48218745599999935,226.0
50416 -> 50418 | Hazel Grove to Manchester | PM interpeak,50416 -> 50418,50416,50418,Hazel Grove to Manchester,PM interpeak,E01034119,22.0,196.97199999999975,68,0.2946701119999996,418.0
50416 -> 50418 | Hazel Grove to Manchester | PM peak,50416 -> 50418,50416,50418,Hazel Grove to Manchester,PM peak,E01034119,24.099999999999994,196.97199999999975,68,0.32279771359999954,394.0
50418 -> 50420 | Hazel Grove to Manchester | AM interpeak,50418 -> 50420,50418,50420,Hazel Grove to Manchester,AM interpeak,E01005063,8.0,305.6999999999989,68,0.16630079999999942,548.0
50418 -> 50420 | Hazel Grove to Manchester | AM peak,50418 -> 50420,50418,50420,Hazel Grove to Manchester,AM peak,E01005063,17.0,305.6999999999989,68,0.3533891999999987,354.0
50418 -> 50420 | Hazel Grove to Manchester | Evening off-peak,50418 -> 50420,50418,50420,Hazel Grove to Manchester,Evening off-peak,E01005063,25.900000000000006,305.6999999999989,68,0.5383988399999982,190.0
50418 -> 50420 | Hazel Grove to Manchester | Night/Early morning off-peak,50418 -> 50420,50418,50420,Hazel Grove to Manchester,Night/Early morning off-peak,E01005063,34.2,305.6999999999989,68,0.7109359199999976,89.0
50418 -> 50420 | Hazel Grove to Manchester | PM interpeak,50418 -> 50420,50418,50420,Hazel Grove to Manchester,PM interpeak,E01005063,21.0,305.6999999999998,68,0.43653959999999975,266.0
50418 -> 50420 | Hazel Grove to Manchester | PM peak,50418 -> 50420,50418,50420,Hazel Grove to Manchester,PM peak,E01005063,23.200000000000017,305.7000000000007,68,0.48227232000000153,225.0
50420 -> 50422 | Hazel Grove to Manchester | AM interpeak,50420 -> 50422,50420,50422,Hazel Grove to Manchester,AM interpeak,E01005063,7.800000000000011,250.82600000000093,68,0.1330381104000007,576.0
50420 -> 50422 | Hazel Grove to Manchester | AM peak,50420 -> 50422,50420,50422,Hazel Grove to Manchester,AM peak,E01005063,17.0,250.82600000000093,68,0.28995485600000104,424.0
50420 -> 50422 | Hazel Grove to Manchester | Evening off-peak,50420 -> 50422,50420,50422,Hazel Grove to Manchester,Evening off-peak,E01005063,24.200000000000003,250.82600000000093,68,0.4127592656000016,281.0
50420 -> 50422 | Hazel Grove to Manchester | Night/Early morning off-peak,50420 -> 50422,50420,50422,Hazel Grove to Manchester,Night/Early morning off-peak,E01005063,33.599999999999994,250.82600000000093,68,0.5730872448000021,164.0
50420 -> 50422 | Hazel Grove to Manchester | PM interpeak,50420 -> 50422,50420,50422,Hazel Grove to Manchester,PM interpeak,E01005063,22.0,250.82600000000093,68,0.3752356960000014,324.0
50420 -> 50422 | Hazel Grove to Manchester | PM peak,50420 -> 50422,50420,50422,Hazel Grove to Manchester,PM peak,E01005063,23.0,250.82600000000002,68,0.39229186400000005,305.0
50422 -> 50428 | Hazel Grove to Manchester | AM interpeak,50422 -> 50428,50422,50428,Hazel Grove to Manchester,AM interpeak,E01005063,7.0,302.8600000000006,68,0.14416136000000027,568.0
50422 -> 50428 | Hazel Grove to Manchester | AM peak,50422 -> 50428,50422,50428,Hazel Grove to Manchester,AM peak,E01005063,17.599999999999994,302.8600000000006,68,0.36246284800000056,336.0
50422 -> 50428 | Hazel Grove to Manchester | Evening off-peak,50422 -> 50428,50422,50428,Hazel Grove to Manchester,Evening off-peak,E01005063,24.200000000000003,302.8600000000006,68,0.498386416000001,218.0
50422 -> 50428 | Hazel Grove to Manchester | Night/Early morning off-peak,50422 -> 50428,50422,50428,Hazel Grove to Manchester,Night/Early morning off-peak,E01005063,35.8,302.8600000000006,68,0.7372823840000013,82.0
50422 -> 50428 | Hazel Grove to Manchester | PM interpeak,50422 -> 50428,50422,50428,Hazel Grove to Manchester,PM interpeak,E01005063,23.0,302.8600000000006,68,0.47367304000000093,236.0
50422 -> 50428 | Hazel Grove to Manchester | PM peak,50422 -> 50428,50422,50428,Hazel Grove to Manchester,PM peak,E01005063,23.0,302.8600000000006,68,0.47367304000000093,236.0
50424 -> 50430 | Manchester to Hazel Grove | AM interpeak,50424 -> 50430,50424,50430,Manchester to Hazel Grove,AM interpeak,E01005065,6.0,302.961,68,0.12360808799999999,583.0
50424 -> 50430 | Manchester to Hazel Grove | AM peak,50424 -> 50430,50424,50430,Manchester to Hazel Grove,AM peak,E01005065,27.0,302.961,68,0.556236396,176.0
50424 -> 50430 | Manchester to Hazel Grove | Evening off-peak,50424 -> 50430,50424,50430,Manchester to Hazel Grove,Evening off-peak,E01005065,8.0,302.961,68,0.16481078400000002,549.0
50424 -> 50430 | Manchester to Hazel Grove | Night/Early morning off-peak,50424 -> 50430,50424,50430,Manchester to Hazel Grove,Night/Early morning off-peak,E01005065,14.0,302.961,68,0.28841887200000005,427.0
50424 -> 50430 | Manchester to Hazel Grove | PM interpeak,50424 -> 50430,50424,50430,Manchester to Hazel Grove,PM interpeak,E01005065,23.400000000000006,302.961,68,0.48207154320000006,227.0
50424 -> 50430 | Manchester to Hazel Grove | PM peak,50424 -> 50430,50424,50430,Manchester to Hazel Grove,PM peak,E01005065,23.0,302.961,68,0.47383100400000006,235.0
50426 -> 54156 | Hazel Grove to Manchester | AM interpeak,50426 -> 54156,50426,54156,Hazel Grove to Manchester,AM interpeak,E01005065,7.0,273.14600000000064,68,0.13001749600000032,579.0
50426 -> 54156 | Hazel Grove to Manchester | AM peak,50426 -> 54156,50426,54156,Hazel Grove to Manchester,AM peak,E01005065,19.0,273.14600000000064,68,0.35290463200000083,357.0
50426 -> 54156 | Hazel Grove to Manchester | Evening off-peak,50426 -> 54156,50426,54156,Hazel Grove to Manchester,Evening off-peak,E01005065,22.0,273.14600000000064,68,0.408626416000001,285.0
50426 -> 54156 | Hazel Grove to Manchester | Night/Early morning off-peak,50426 -> 54156,50426,54156,Hazel Grove to Manchester,Night/Early morning off-peak,E01005065,33.900000000000006,273.14600000000064,68,0.6296561592000015,124.0
50426 -> 54156 | Hazel Grove to Manchester | PM interpeak,50426 -> 54156,50426,54156,Hazel Grove to Manchester,PM interpeak,E01005065,22.200000000000003,273.14600000000064,68,0.412341201600001,282.0
50426 -> 54156 | Hazel Grove to Manchester | PM peak,50426 -> 54156,50426,54156,Hazel Grove to Manchester,PM peak,E01005065,22.0,273.14600000000064,68,0.408626416000001,285.0
50428 -> 50426 | Hazel Grove to Manchester | AM interpeak,50428 -> 50426,50428,50426,Hazel Grove to Manchester,AM interpeak,E01005065,7.0,292.6129999999994,68,0.13928378799999971,574.0
50428 -> 50426 | Hazel Grove to Manchester | AM peak,50428 -> 50426,50428,50426,Hazel Grove to Manchester,AM peak,E01005065,19.5,292.6129999999994,68,0.3880048379999992,312.0
50428 -> 50426 | Hazel Grove to Manchester | Evening off-peak,50428 -> 50426,50428,50426,Hazel Grove to Manchester,Evening off-peak,E01005065,24.0,292.6129999999994,68,0.4775444159999989,233.0
50428 -> 50426 | Hazel Grove to Manchester | Night/Early morning off-peak,50428 -> 50426,50428,50426,Hazel Grove to Manchester,Night/Early morning off-peak,E01005065,32.900000000000006,292.6129999999994,68,0.6546338035999986,111.0
50428 -> 50426 | Hazel Grove to Manchester | PM interpeak,50428 -> 50426,50428,50426,Hazel Grove to Manchester,PM interpeak,E01005065,23.0,292.6129999999994,68,0.457646731999999,245.0
50428 -> 50426 | Hazel Grove to Manchester | PM peak,50428 -> 50426,50428,50426,Hazel Grove to Manchester,PM peak,E01005065,22.0,292.6129999999994,68,0.43774904799999903,263.0
50430 -> 50432 | Manchester to Hazel Grove | AM interpeak,50430 -> 50432,50430,50432,Manchester to Hazel Grove,AM interpeak,E01005063,7.0,297.3700000000001,68,0.14154812000000003,570.0
50430 -> 50432 | Manchester to Hazel Grove | AM peak,50430 -> 50432,50430,50432,Manchester to Hazel Grove,AM peak,E01005063,30.200000000000017,297.3700000000001,68,0.6106790320000006,135.0
50430 -> 50432 | Manchester to Hazel Grove | Evening off-peak,50430 -> 50432,50430,50432,Manchester to Hazel Grove,Evening off-peak,E01005063,9.0,297.3700000000001,68,0.18199044000000006,529.0
50430 -> 50432 | Manchester to Hazel Grove | Night/Early morning off-peak,50430 -> 50432,50430,50432,Manchester to Hazel Grove,Night/Early morning off-peak,E01005063,16.60000000000001,297.3700000000001,68,0.3356712560000003,381.0
50430 -> 50432 | Manchester to Hazel Grove | PM interpeak,50430 -> 50432,50430,50432,Manchester to Hazel Grove,PM interpeak,E01005063,27.0,297.3700000000001,68,0.5459713200000003,181.0
50430 -> 50432 | Manchester to Hazel Grove | PM peak,50430 -> 50432,50430,50432,Manchester to Hazel Grove,PM peak,E01005063,25.900000000000006,297.3700000000001,68,0.5237280440000003,198.0
50432 -> 50434 | Manchester to Hazel Grove | AM interpeak,50432 -> 50434,50432,50434,Manchester to Hazel Grove,AM interpeak,E01005063,8.0,239.0590000000002,68,0.13004809600000014,578.0
50432 -> 50434 | Manchester to Hazel Grove | AM peak,50432 -> 50434,50432,50434,Manchester to Hazel Grove,AM peak,E01005063,34.599999999999994,239.0590000000002,68,0.5624580152000004,172.0
50432 -> 50434 | Manchester to Hazel Grove | Evening off-peak,50432 -> 50434,50432,50434,Manchester to Hazel Grove,Evening off-peak,E01005063,9.600000000000009,239.0590000000002,68,0.15605771520000028,560.0
50432 -> 50434 | Manchester to Hazel Grove | Night/Early morning off-peak,50432 -> 50434,50432,50434,Manchester to Hazel Grove,Night/Early morning off-peak,E01005063,18.0,239.0590000000002,68,0.29260821600000025,421.0
50432 -> 50434 | Manchester to Hazel Grove | PM interpeak,50432 -> 50434,50432,50434,Manchester to Hazel Grove,PM interpeak,E01005063,29.400000000000006,239.0590000000002,68,0.47792675280000047,232.0
50432 -> 50434 | Manchester to Hazel Grove | PM peak,50432 -> 50434,50432,50434,Manchester to Hazel Grove,PM peak,E01005063,29.0,239.0590000000002,68,0.4714243480000004,242.0
50434 -> 50436 | Manchester to Hazel Grove | AM interpeak,50434 -> 50436,50434,50436,Manchester to Hazel Grove,AM interpeak,E01005239,9.0,283.06899999999996,68,0.17323822799999997,541.0
50434 -> 50436 | Manchester to Hazel Grove | AM peak,50434 -> 50436,50434,50436,Manchester to Hazel Grove,AM peak,E01005239,40.599999999999994,283.06899999999996,68,0.7814968951999998,70.0
50434 -> 50436 | Manchester to Hazel Grove | Evening off-peak,50434 -> 50436,50434,50436,Manchester to Hazel Grove,Evening off-peak,E01005239,10.600000000000009,283.06899999999996,68,0.20403613520000016,515.0
50434 -> 50436 | Manchester to Hazel Grove | Night/Early morning off-peak,50434 -> 50436,50434,50436,Manchester to Hazel Grove,Night/Early morning off-peak,E01005239,20.60000000000001,283.06899999999996,68,0.39652305520000014,303.0
50434 -> 50436 | Manchester to Hazel Grove | PM interpeak,50434 -> 50436,50434,50436,Manchester to Hazel Grove,PM interpeak,E01005239,32.0,283.06899999999996,68,0.6159581439999999,129.0
50434 -> 50436 | Manchester to Hazel Grove | PM peak,50434 -> 50436,50434,50436,Manchester to Hazel Grove,PM peak,E01005239,32.80000000000001,283.06899999999996,68,0.6313570976,122.0
50436 -> 50438 | Manchester to Hazel Grove | AM interpeak,50436 -> 50438,50436,50438,Manchester to Hazel Grove,AM interpeak,E01005239,10.0,309.6189999999997,68,0.2105409199999998,511.0
50436 -> 50438 | Manchester to Hazel Grove | AM peak,50436 -> 50438,50436,50438,Manchester to Hazel Grove,AM peak,E01005239,45.0,309.6189999999997,68,0.947434139999999,42.0
50436 -> 50438 | Manchester to Hazel Grove | Evening off-peak,50436 -> 50438,50436,50438,Manchester to Hazel Grove,Evening off-peak,E01005239,11.0,309.6189999999997,68,0.23159501199999977,483.0
50436 -> 50438 | Manchester to Hazel Grove | Night/Early morning off-peak,50436 -> 50438,50436,50438,Manchester to Hazel Grove,Night/Early morning off-peak,E01005239,20.0,309.6189999999997,68,0.4210818399999996,277.0
50436 -> 50438 | Manchester to Hazel Grove | PM interpeak,50436 -> 50438,50436,50438,Manchester to Hazel Grove,PM interpeak,E01005239,34.0,309.6189999999997,68,0.7158391279999993,88.0
50436 -> 50438 | Manchester to Hazel Grove | PM peak,50436 -> 50438,50436,50438,Manchester to Hazel Grove,PM peak,E01005239,35.80000000000001,309.6189999999997,68,0.7537364935999995,75.0
50438 -> 50442 | Manchester to Hazel Grove | AM interpeak,50438 -> 50442,50438,50442,Manchester to Hazel Grove,AM interpeak,E01005239,10.0,407.18499999999995,68,0.27688579999999996,435.0
50438 -> 50442 | Manchester to Hazel Grove | AM peak,50438 -> 50442,50438,50442,Manchester to Hazel Grove,AM peak,E01005239,47.900000000000006,407.18499999999995,68,1.326282982,14.0
50438 -> 50442 | Manchester to Hazel Grove | Evening off-peak,50438 -> 50442,50438,50442,Manchester to Hazel Grove,Evening off-peak,E01005239,13.0,407.18499999999995,68,0.35995153999999996,344.0
50438 -> 50442 | Manchester to Hazel Grove | Night/Early morning off-peak,50438 -> 50442,50438,50442,Manchester to Hazel Grove,Night/Early morning off-peak,E01005239,22.0,407.18499999999995,68,0.60914876,137.0
50438 -> 50442 | Manchester to Hazel Grove | PM interpeak,50438 -> 50442,50438,50442,Manchester to Hazel Grove,PM interpeak,E01005239,37.80000000000001,407.18499999999995,68,1.0466283240000003,28.0
50438 -> 50442 | Manchester to Hazel Grove | PM peak,50438 -> 50442,50438,50442,Manchester to Hazel Grove,PM peak,E01005239,39.0,407.18499999999995,68,1.0798546199999999,26.0
50442 -> 48833 | Manchester to Hazel Grove | AM interpeak,50442 -> 48833,50442,48833,Manchester to Hazel Grove,AM interpeak,E01005232,11.0,504.5060000000003,68,0.3773704880000002,322.0
50442 -> 48833 | Manchester to Hazel Grove | AM peak,50442 -> 48833,50442,48833,Manchester to Hazel Grove,AM peak,E01005232,56.0,504.5060000000003,68,1.9211588480000013,2.0
50442 -> 48833 | Manchester to Hazel Grove | Evening off-peak,50442 -> 48833,50442,48833,Manchester to Hazel Grove,Evening off-peak,E01005232,14.0,504.5060000000003,68,0.4802897120000003,229.0
50442 -> 48833 | Manchester to Hazel Grove | Night/Early morning off-peak,50442 -> 48833,50442,48833,Manchester to Hazel Grove,Night/Early morning off-peak,E01005232,23.0,504.5060000000003,68,0.7890473840000005,67.0
50442 -> 48833 | Manchester to Hazel Grove | PM interpeak,50442 -> 48833,50442,48833,Manchester to Hazel Grove,PM interpeak,E01005232,41.0,504.5060000000003,68,1.4065627280000008,11.0
50442 -> 48833 | Manchester to Hazel Grove | PM peak,50442 -> 48833,50442,48833,Manchester to Hazel Grove,PM peak,E01005232,40.80000000000001,504.5060000000003,68,1.399701446400001,12.0
50826 -> 129934 | Hazel Grove to Manchester | AM interpeak,50826 -> 129934,50826,129934,Hazel Grove to Manchester,AM interpeak,E01033654,6.0,371.98199999999997,68,0.15176865599999997,566.0
50826 -> 129934 | Hazel Grove to Manchester | AM peak,50826 -> 129934,50826,129934,Hazel Grove to Manchester,AM peak,E01033654,19.799999999999997,371.98199999999997,68,0.5008365647999999,215.0
50826 -> 129934 | Hazel Grove to Manchester | Evening off-peak,50826 -> 129934,50826,129934,Hazel Grove to Manchester,Evening off-peak,E01033654,20.60000000000001,371.98199999999997,68,0.5210723856000002,204.0
50826 -> 129934 | Hazel Grove to Manchester | Night/Early morning off-peak,50826 -> 129934,50826,129934,Hazel Grove to Manchester,Night/Early morning off-peak,E01033654,32.0,371.98199999999997,68,0.8094328319999999,62.0
50826 -> 129934 | Hazel Grove to Manchester | PM interpeak,50826 -> 129934,50826,129934,Hazel Grove to Manchester,PM interpeak,E01033654,23.200000000000003,371.98199999999997,68,0.5868388032,150.0
50826 -> 129934 | Hazel Grove to Manchester | PM peak,50826 -> 129934,50826,129934,Hazel Grove to Manchester,PM peak,E01033654,19.0,371.98199999999997,68,0.48060074399999997,228.0
54150 -> 48350 | Hazel Grove to Manchester | AM interpeak,54150 -> 48350,54150,48350,Hazel Grove to Manchester,AM interpeak,E01005065,6.0,430.6170000000002,68,0.17569173600000007,537.0
54150 -> 48350 | Hazel Grove to Manchester | AM peak,54150 -> 48350,54150,48350,Hazel Grove to Manchester,AM peak,E01005065,19.60000000000001,430.6170000000002,68,0.5739263376000006,162.0
54150 -> 48350 | Hazel Grove to Manchester | Evening off-peak,54150 -> 48350,54150,48350,Hazel Grove to Manchester,Evening off-peak,E01005065,21.0,430.6170000000002,68,0.6149210760000002,131.0
54150 -> 48350 | Hazel Grove to Manchester | Night/Early morning off-peak,54150 -> 48350,54150,48350,Hazel Grove to Manchester,Night/Early morning off-peak,E01005065,33.20000000000002,430.6170000000002,68,0.972160939200001,39.0
54150 -> 48350 | Hazel Grove to Manchester | PM interpeak,54150 -> 48350,54150,48350,Hazel Grove to Manchester,PM interpeak,E01005065,22.0,430.6170000000002,68,0.6442030320000003,116.0
54150 -> 48350 | Hazel Grove to Manchester | PM peak,54150 -> 48350,54150,48350,Hazel Grove to Manchester,PM peak,E01005065,20.0,430.6170000000002,68,0.5856391200000003,152.0
54154 -> 50424 | Manchester to Hazel Grove | AM interpeak,54154 -> 50424,54154,50424,Manchester to Hazel Grove,AM interpeak,E01005065,5.0,472.6109999999999,68,0.16068773999999997,554.0
54154 -> 50424 | Manchester to Hazel Grove | AM peak,54154 -> 50424,54154,50424,Manchester to Hazel Grove,AM peak,E01005065,21.400000000000006,472.6109999999999,68,0.6877435271999999,100.0
54154 -> 50424 | Manchester to Hazel Grove | Evening off-peak,54154 -> 50424,54154,50424,Manchester to Hazel Grove,Evening off-peak,E01005065,7.0,472.6109999999999,68,0.22496283599999992,491.0
54154 -> 50424 | Manchester to Hazel Grove | Night/Early morning off-peak,54154 -> 50424,54154,50424,Manchester to Hazel Grove,Night/Early morning off-peak,E01005065,12.700000000000003,472.6109999999999,68,0.40814685959999997,287.0
54154 -> 50424 | Manchester to Hazel Grove | PM interpeak,54154 -> 50424,54154,50424,Manchester to Hazel Grove,PM interpeak,E01005065,19.0,472.6109999999999,68,0.6106134119999999,136.0
54154 -> 50424 | Manchester to Hazel Grove | PM peak,54154 -> 50424,54154,50424,Manchester to Hazel Grove,PM peak,E01005065,18.80000000000001,472.6109999999999,68,0.6041859024000003,139.0
54156 -> 54150 | Hazel Grove to Manchester | AM interpeak,54156 -> 54150,54156,54150,Hazel Grove to Manchester,AM interpeak,E01005065,7.0,251.012999999999,68,0.11948218799999953,584.0
54156 -> 54150 | Hazel Grove to Manchester | AM peak,54156 -> 54150,54156,54150,Hazel Grove to Manchester,AM peak,E01005065,20.0,251.012999999999,68,0.3413776799999987,369.0
54156 -> 54150 | Hazel Grove to Manchester | Evening off-peak,54156 -> 54150,54156,54150,Hazel Grove to Manchester,Evening off-peak,E01005065,21.0,251.012999999999,68,0.3584465639999985,347.0
54156 -> 54150 | Hazel Grove to Manchester | Night/Early morning off-peak,54156 -> 54150,54156,54150,Hazel Grove to Manchester,Night/Early morning off-peak,E01005065,35.0,251.012999999999,68,0.5974109399999976,146.0
54156 -> 54150 | Hazel Grove to Manchester | PM interpeak,54156 -> 54150,54156,54150,Hazel Grove to Manchester,PM interpeak,E01005065,22.0,251.012999999999,68,0.37551544799999853,323.0
54156 -> 54150 | Hazel Grove to Manchester | PM peak,54156 -> 54150,54156,54150,Hazel Grove to Manchester,PM peak,E01005065,20.200000000000017,251.012999999999,68,0.34479145679999895,364.0
133001 -> 135632 | Manchester to Hazel Grove | AM interpeak,133001 -> 135632,133001,135632,Manchester to Hazel Grove,AM interpeak,E01005869,25.0,252.27700000000004,75,0.4730193750000001,273.0
133001 -> 135632 | Manchester to Hazel Grove | AM peak,133001 -> 135632,133001,135632,Manchester to Hazel Grove,AM peak,E01005869,69.3,252.27700000000004,75,1.3112097075000002,20.0
133001 -> 135632 | Manchester to Hazel Grove | Evening off-peak,133001 -> 135632,133001,135632,Manchester to Hazel Grove,Evening off-peak,E01005869,14.0,252.27700000000004,75,0.26489085000000007,472.0
133001 -> 135632 | Manchester to Hazel Grove | Night/Early morning off-peak,133001 -> 135632,133001,135632,Manchester to Hazel Grove,Night/Early morning off-peak,E01005869,26.0,252.27700000000004,75,0.4919401500000001,257.0
133001 -> 135632 | Manchester to Hazel Grove | PM interpeak,133001 -> 135632,133001,135632,Manchester to Hazel Grove,PM interpeak,E01005869,46.60000000000001,252.27700000000004,75,0.8817081150000002,63.0
133001 -> 135632 | Manchester to Hazel Grove | PM peak,133001 -> 135632,133001,135632,Manchester to Hazel Grove,PM peak,E01005869,40.0,252.27700000000004,75,0.7568310000000001,101.0
133049 -> 135665 | Manchester to Hazel Grove | AM interpeak,133049 -> 135665,133049,135665,Manchester to Hazel Grove,AM interpeak,E01005874,27.0,214.71799999999894,75,0.43480394999999783,304.0
133049 -> 135665 | Manchester to Hazel Grove | AM peak,133049 -> 135665,133049,135665,Manchester to Hazel Grove,AM peak,E01005874,41.900000000000006,214.71799999999894,75,0.6747513149999967,133.0
133049 -> 135665 | Manchester to Hazel Grove | Evening off-peak,133049 -> 135665,133049,135665,Manchester to Hazel Grove,Evening off-peak,E01005874,11.0,214.71799999999894,75,0.17714234999999912,555.0
133049 -> 135665 | Manchester to Hazel Grove | Night/Early morning off-peak,133049 -> 135665,133049,135665,Manchester to Hazel Grove,Night/Early morning off-peak,E01005874,15.600000000000009,214.71799999999894,75,0.25122005999999886,488.0
133049 -> 135665 | Manchester to Hazel Grove | PM interpeak,133049 -> 135665,133049,135665,Manchester to Hazel Grove,PM interpeak,E01005874,30.0,214.71799999999894,75,0.4831154999999976,262.0
133049 -> 135665 | Manchester to Hazel Grove | PM peak,133049 -> 135665,133049,135665,Manchester to Hazel Grove,PM peak,E01005874,24.400000000000006,214.71799999999894,75,0.3929339399999982,350.0
133230 -> 133232 | Hazel Grove to Manchester | AM interpeak,133230 -> 133232,133230,133232,Hazel Grove to Manchester,AM interpeak,E01005866,12.0,308.5690000000004,75,0.27771210000000035,458.0
133230 -> 133232 | Hazel Grove to Manchester | AM peak,133230 -> 133232,133230,133232,Hazel Grove to Manchester,AM peak,E01005866,21.0,308.5699999999997,75,0.48599774999999956,260.0
133230 -> 133232 | Hazel Grove to Manchester | Evening off-peak,133230 -> 133232,133230,133232,Hazel Grove to Manchester,Evening off-peak,E01005866,27.0,308.5699999999997,75,0.6248542499999994,170.0
133230 -> 133232 | Hazel Grove to Manchester | Night/Early morning off-peak,133230 -> 133232,133230,133232,Hazel Grove to Manchester,Night/Early morning off-peak,E01005866,36.900000000000006,308.5699999999997,75,0.8539674749999994,73.0
133230 -> 133232 | Hazel Grove to Manchester | PM interpeak,133230 -> 133232,133230,133232,Hazel Grove to Manchester,PM interpeak,E01005866,19.10000000000001,308.5699999999997,75,0.44202652499999984,298.0
133230 -> 133232 | Hazel Grove to Manchester | PM peak,133230 -> 133232,133230,133232,Hazel Grove to Manchester,PM peak,E01005866,28.0,308.5699999999997,75,0.6479969999999994,149.0
133232 -> 133234 | Hazel Grove to Manchester | AM interpeak,133232 -> 133234,133232,133234,Hazel Grove to Manchester,AM interpeak,E01005869,12.0,236.08100000000013,75,0.21247290000000013,522.0
133232 -> 133234 | Hazel Grove to Manchester | AM peak,133232 -> 133234,133232,133234,Hazel Grove to Manchester,AM peak,E01005869,19.400000000000006,236.08100000000013,75,0.3434978550000003,403.0
133232 -> 133234 | Hazel Grove to Manchester | Evening off-peak,133232 -> 133234,133232,133234,Hazel Grove to Manchester,Evening off-peak,E01005869,27.0,236.08100000000013,75,0.4780640250000002,268.0
133232 -> 133234 | Hazel Grove to Manchester | Night/Early morning off-peak,133232 -> 133234,133232,133234,Hazel Grove to Manchester,Night/Early morning off-peak,E01005869,36.900000000000006,236.08100000000013,75,0.6533541675000005,147.0
133232 -> 133234 | Hazel Grove to Manchester | PM interpeak,133232 -> 133234,133232,133234,Hazel Grove to Manchester,PM interpeak,E01005869,20.0,236.08100000000013,75,0.3541215000000002,395.0
133232 -> 133234 | Hazel Grove to Manchester | PM peak,133232 -> 133234,133232,133234,Hazel Grove to Manchester,PM peak,E01005869,27.799999999999997,236.08100000000013,75,0.4922288850000003,256.0
133234 -> 48686 | Hazel Grove to Manchester | AM interpeak,133234 -> 48686,133234,48686,Hazel Grove to Manchester,AM interpeak,E01005869,12.0,275.3989999999999,75,0.2478590999999999,493.0
133234 -> 48686 | Hazel Grove to Manchester | AM peak,133234 -> 48686,133234,48686,Hazel Grove to Manchester,AM peak,E01005869,19.0,275.39899999999943,75,0.3924435749999992,352.0
133234 -> 48686 | Hazel Grove to Manchester | Evening off-peak,133234 -> 48686,133234,48686,Hazel Grove to Manchester,Evening off-peak,E01005869,27.299999999999997,275.39799999999923,75,0.5638774049999984,212.0
133234 -> 48686 | Hazel Grove to Manchester | Night/Early morning off-peak,133234 -> 48686,133234,48686,Hazel Grove to Manchester,Night/Early morning off-peak,E01005869,38.80000000000001,275.39899999999943,75,0.8014110899999985,84.0
133234 -> 48686 | Hazel Grove to Manchester | PM interpeak,133234 -> 48686,133234,48686,Hazel Grove to Manchester,PM interpeak,E01005869,20.0,275.39899999999943,75,0.41309849999999915,326.0
133234 -> 48686 | Hazel Grove to Manchester | PM peak,133234 -> 48686,133234,48686,Hazel Grove to Manchester,PM peak,E01005869,27.700000000000017,275.39899999999943,75,0.5721414224999992,207.0
133236 -> 133230 | Hazel Grove to Manchester | AM interpeak,133236 -> 133230,133236,133230,Hazel Grove to Manchester,AM interpeak,E01005866,12.0,271.4540000000002,75,0.24430860000000015,496.0
133236 -> 133230 | Hazel Grove to Manchester | AM peak,133236 -> 133230,133236,133230,Hazel Grove to Manchester,AM peak,E01005866,22.400000000000006,271.4539999999997,75,0.4560427199999996,280.0
133236 -> 133230 | Hazel Grove to Manchester | Evening off-peak,133236 -> 133230,133236,133230,Hazel Grove to Manchester,Evening off-peak,E01005866,26.0,271.4539999999997,75,0.5293352999999994,230.0
133236 -> 133230 | Hazel Grove to Manchester | Night/Early morning off-peak,133236 -> 133230,133236,133230,Hazel Grove to Manchester,Night/Early morning off-peak,E01005866,35.80000000000001,271.4539999999997,75,0.7288539899999995,108.0
133236 -> 133230 | Hazel Grove to Manchester | PM interpeak,133236 -> 133230,133236,133230,Hazel Grove to Manchester,PM interpeak,E01005866,19.10000000000001,271.4539999999997,75,0.3888578549999998,358.0
133236 -> 133230 | Hazel Grove to Manchester | PM peak,133236 -> 133230,133236,133230,Hazel Grove to Manchester,PM peak,E01005866,27.0,271.4539999999997,75,0.5496943499999994,217.0
134130 -> 135615 | Hazel Grove to Manchester | AM interpeak,134130 -> 135615,134130,135615,Hazel Grove to Manchester,AM interpeak,E01005797,17.0,237.61000000000013,75,0.30295275000000016,436.0
134130 -> 135615 | Hazel Grove to Manchester | AM peak,134130 -> 135615,134130,135615,Hazel Grove to Manchester,AM peak,E01005797,32.0,237.61000000000013,75,0.5702640000000002,210.0
134130 -> 135615 | Hazel Grove to Manchester | Evening off-peak,134130 -> 135615,134130,135615,Hazel Grove to Manchester,Evening off-peak,E01005797,15.0,237.61000000000013,75,0.26731125000000017,468.0
134130 -> 135615 | Hazel Grove to Manchester | Night/Early morning off-peak,134130 -> 135615,134130,135615,Hazel Grove to Manchester,Night/Early morning off-peak,E01005797,25.799999999999997,237.61000000000013,75,0.45977535000000025,279.0
134130 -> 135615 | Hazel Grove to Manchester | PM interpeak,134130 -> 135615,134130,135615,Hazel Grove to Manchester,PM interpeak,E01005797,21.0,237.60950000000003,75,0.37423496250000005,374.0
134130 -> 135615 | Hazel Grove to Manchester | PM peak,134130 -> 135615,134130,135615,Hazel Grove to Manchester,PM peak,E01005797,20.799999999999997,237.61000000000013,75,0.37067160000000016,378.0
134150 -> 135630 | Hazel Grove to Manchester | AM interpeak,134150 -> 135630,134150,135630,Hazel Grove to Manchester,AM interpeak,E01005838,14.899999999999999,237.07299999999987,75,0.26492907749999983,471.0
134150 -> 135630 | Hazel Grove to Manchester | AM peak,134150 -> 135630,134150,135630,Hazel Grove to Manchester,AM peak,E01005838,18.300000000000004,237.07299999999987,75,0.3253826924999999,417.0
134150 -> 135630 | Hazel Grove to Manchester | Evening off-peak,134150 -> 135630,134150,135630,Hazel Grove to Manchester,Evening off-peak,E01005838,9.600000000000009,237.07299999999987,75,0.17069256000000005,565.0
134150 -> 135630 | Hazel Grove to Manchester | Night/Early morning off-peak,134150 -> 135630,134150,135630,Hazel Grove to Manchester,Night/Early morning off-peak,E01005838,12.0,237.07299999999987,75,0.21336569999999988,520.0
134150 -> 135630 | Hazel Grove to Manchester | PM interpeak,134150 -> 135630,134150,135630,Hazel Grove to Manchester,PM interpeak,E01005838,16.4,237.07299999999987,75,0.2915997899999998,445.0
134150 -> 135630 | Hazel Grove to Manchester | PM peak,134150 -> 135630,134150,135630,Hazel Grove to Manchester,PM peak,E01005838,16.199999999999996,237.07299999999987,75,0.28804369499999977,450.0
134160 -> 134461 | Hazel Grove to Manchester | AM interpeak,134160 -> 134461,134160,134461,Hazel Grove to Manchester,AM interpeak,E01005917,17.0,236.89900000000034,75,0.3020462250000004,439.0
134160 -> 134461 | Hazel Grove to Manchester | AM peak,134160 -> 134461,134160,134461,Hazel Grove to Manchester,AM peak,E01005917,29.0,236.89900000000034,75,0.5152553250000007,244.0
134160 -> 134461 | Hazel Grove to Manchester | Evening off-peak,134160 -> 134461,134160,134461,Hazel Grove to Manchester,Evening off-peak,E01005917,19.0,236.89900000000034,75,0.3375810750000005,407.0
134160 -> 134461 | Hazel Grove to Manchester | Night/Early morning off-peak,134160 -> 134461,134160,134461,Hazel Grove to Manchester,Night/Early morning off-peak,E01005917,27.60000000000001,236.89900000000034,75,0.49038093000000077,258.0
134160 -> 134461 | Hazel Grove to Manchester | PM interpeak,134160 -> 134461,134160,134461,Hazel Grove to Manchester,PM interpeak,E01005917,21.0,236.89900000000034,75,0.3731159250000005,375.0
134160 -> 134461 | Hazel Grove to Manchester | PM peak,134160 -> 134461,134160,134461,Hazel Grove to Manchester,PM peak,E01005917,23.0,236.89900000000034,75,0.40865077500000063,330.0
134165 -> 135633 | Manchester to Hazel Grove | AM interpeak,134165 -> 135633,134165,135633,Manchester to Hazel Grove,AM interpeak,E01005836,14.899999999999999,209.45899999999892,75,0.2340704324999988,509.0
134165 -> 135633 | Manchester to Hazel Grove | AM peak,134165 -> 135633,134165,135633,Manchester to Hazel Grove,AM peak,E01005836,15.200000000000003,209.45899999999892,75,0.2387832599999988,504.0
134165 -> 135633 | Manchester to Hazel Grove | Evening off-peak,134165 -> 135633,134165,135633,Manchester to Hazel Grove,Evening off-peak,E01005836,5.0,209.45899999999892,75,0.07854712499999959,625.0
134165 -> 135633 | Manchester to Hazel Grove | Night/Early morning off-peak,134165 -> 135633,134165,135633,Manchester to Hazel Grove,Night/Early morning off-peak,E01005836,7.0,209.45899999999892,75,0.10996597499999945,606.0
134165 -> 135633 | Manchester to Hazel Grove | PM interpeak,134165 -> 135633,134165,135633,Manchester to Hazel Grove,PM interpeak,E01005836,16.0,209.45899999999892,75,0.2513507999999987,487.0
134165 -> 135633 | Manchester to Hazel Grove | PM peak,134165 -> 135633,134165,135633,Manchester to Hazel Grove,PM peak,E01005836,7.399999999999999,209.45899999999892,75,0.11624974499999939,604.0
134227 -> 134266 | Hazel Grove to Manchester | AM interpeak,134227 -> 134266,134227,134266,Hazel Grove to Manchester,AM interpeak,E01005863,13.0,326.58399999999983,75,0.31841939999999985,426.0
134227 -> 134266 | Hazel Grove to Manchester | AM peak,134227 -> 134266,134227,134266,Hazel Grove to Manchester,AM peak,E01005863,22.0,326.58399999999983,75,0.5388635999999997,222.0
134227 -> 134266 | Hazel Grove to Manchester | Evening off-peak,134227 -> 134266,134227,134266,Hazel Grove to Manchester,Evening off-peak,E01005863,23.5,326.58399999999983,75,0.5756042999999997,202.0
134227 -> 134266 | Hazel Grove to Manchester | Night/Early morning off-peak,134227 -> 134266,134227,134266,Hazel Grove to Manchester,Night/Early morning off-peak,E01005863,31.799999999999997,326.58399999999983,75,0.7789028399999995,93.0
134227 -> 134266 | Hazel Grove to Manchester | PM interpeak,134227 -> 134266,134227,134266,Hazel Grove to Manchester,PM interpeak,E01005863,18.0,326.58399999999983,75,0.44088839999999985,300.0
134227 -> 134266 | Hazel Grove to Manchester | PM peak,134227 -> 134266,134227,134266,Hazel Grove to Manchester,PM peak,E01005863,25.799999999999997,326.58399999999983,75,0.6319400399999996,165.0
134266 -> 133236 | Hazel Grove to Manchester | AM interpeak,134266 -> 133236,134266,133236,Hazel Grove to Manchester,AM interpeak,E01005866,13.0,353.0010000000002,75,0.3441759750000002,401.0
134266 -> 133236 | Hazel Grove to Manchester | AM peak,134266 -> 133236,134266,133236,Hazel Grove to Manchester,AM peak,E01005866,22.0,353.0010000000002,75,0.5824516500000003,194.0
134266 -> 133236 | Hazel Grove to Manchester | Evening off-peak,134266 -> 133236,134266,133236,Hazel Grove to Manchester,Evening off-peak,E01005866,25.0,353.0010000000002,75,0.6618768750000004,142.0
134266 -> 133236 | Hazel Grove to Manchester | Night/Early morning off-peak,134266 -> 133236,134266,133236,Hazel Grove to Manchester,Night/Early morning off-peak,E01005866,33.0,353.0010000000002,75,0.8736774750000005,65.0
134266 -> 133236 | Hazel Grove to Manchester | PM interpeak,134266 -> 133236,134266,133236,Hazel Grove to Manchester,PM interpeak,E01005866,19.0,353.0010000000002,75,0.5030264250000003,247.0
134266 -> 133236 | Hazel Grove to Manchester | PM peak,134266 -> 133236,134266,133236,Hazel Grove to Manchester,PM peak,E01005866,26.0,353.0010000000002,75,0.6883519500000004,126.0
134267 -> 133001 | Manchester to Hazel Grove | AM interpeak,134267 -> 133001,134267,133001,Manchester to Hazel Grove,AM interpeak,E01005869,24.0,166.1189999999997,75,0.29901419999999945,441.0
134267 -> 133001 | Manchester to Hazel Grove | AM peak,134267 -> 133001,134267,133001,Manchester to Hazel Grove,AM peak,E01005869,69.0,166.1189999999997,75,0.8596658249999983,71.0
134267 -> 133001 | Manchester to Hazel Grove | Evening off-peak,134267 -> 133001,134267,133001,Manchester to Hazel Grove,Evening off-peak,E01005869,15.599999999999994,166.1189999999997,75,0.19435922999999955,535.0
134267 -> 133001 | Manchester to Hazel Grove | Night/Early morning off-peak,134267 -> 133001,134267,133001,Manchester to Hazel Grove,Night/Early morning off-peak,E01005869,26.0,166.1189999999997,75,0.32393204999999936,420.0
134267 -> 133001 | Manchester to Hazel Grove | PM interpeak,134267 -> 133001,134267,133001,Manchester to Hazel Grove,PM interpeak,E01005869,46.0,166.1189999999997,75,0.573110549999999,206.0
134267 -> 133001 | Manchester to Hazel Grove | PM peak,134267 -> 133001,134267,133001,Manchester to Hazel Grove,PM peak,E01005869,41.80000000000001,166.1189999999997,75,0.5207830649999992,241.0
134281 -> 135790 | Hazel Grove to Manchester | AM interpeak,134281 -> 135790,134281,135790,Hazel Grove to Manchester,AM interpeak,E01005822,12.0,268.66699999999946,75,0.2418002999999995,498.0
134281 -> 135790 | Hazel Grove to Manchester | AM peak,134281 -> 135790,134281,135790,Hazel Grove to Manchester,AM peak,E01005822,8.5,268.66700000000037,75,0.17127521250000025,563.0
134281 -> 135790 | Hazel Grove to Manchester | Evening off-peak,134281 -> 135790,134281,135790,Hazel Grove to Manchester,Evening off-peak,E01005822,32.0,268.66699999999946,75,0.6448007999999987,156.0
134281 -> 135790 | Hazel Grove to Manchester | Night/Early morning off-peak,134281 -> 135790,134281,135790,Hazel Grove to Manchester,Night/Early morning off-peak,E01005822,29.20000000000003,268.66699999999946,75,0.5883807299999994,193.0
134281 -> 135790 | Hazel Grove to Manchester | PM peak,134281 -> 135790,134281,135790,Hazel Grove to Manchester,PM peak,E01005822,19.6,268.66699999999946,75,0.3949404899999992,348.0
134378 -> 135687 | Manchester to Hazel Grove | AM interpeak,134378 -> 135687,134378,135687,Manchester to Hazel Grove,AM interpeak,E01033948,35.0,292.1190000000006,75,0.7668123750000015,98.0
134378 -> 135687 | Manchester to Hazel Grove | AM peak,134378 -> 135687,134378,135687,Manchester to Hazel Grove,AM peak,E01033948,56.0,292.1190000000006,75,1.2268998000000026,23.0
134378 -> 135687 | Manchester to Hazel Grove | Evening off-peak,134378 -> 135687,134378,135687,Manchester to Hazel Grove,Evening off-peak,E01033948,15.0,292.1190000000006,75,0.3286338750000007,414.0
134378 -> 135687 | Manchester to Hazel Grove | Night/Early morning off-peak,134378 -> 135687,134378,135687,Manchester to Hazel Grove,Night/Early morning off-peak,E01033948,20.0,292.1190000000006,75,0.4381785000000009,302.0
134378 -> 135687 | Manchester to Hazel Grove | PM interpeak,134378 -> 135687,134378,135687,Manchester to Hazel Grove,PM interpeak,E01033948,34.400000000000006,292.1190000000006,75,0.7536670200000016,103.0
134378 -> 135687 | Manchester to Hazel Grove | PM peak,134378 -> 135687,134378,135687,Manchester to Hazel Grove,PM peak,E01033948,31.0,292.1190000000006,75,0.6791766750000015,130.0
134397 -> 134378 | Manchester to Hazel Grove | AM interpeak,134397 -> 134378,134397,134378,Manchester to Hazel Grove,AM interpeak,E01033947,34.0,367.15399999999863,75,0.9362426999999965,54.0
134397 -> 134378 | Manchester to Hazel Grove | AM peak,134397 -> 134378,134397,134378,Manchester to Hazel Grove,AM peak,E01033947,56.70000000000002,367.15399999999863,75,1.5613223849999947,9.0
134397 -> 134378 | Manchester to Hazel Grove | Evening off-peak,134397 -> 134378,134397,134378,Manchester to Hazel Grove,Evening off-peak,E01033947,13.400000000000006,367.15399999999863,75,0.36898976999999883,382.0
134397 -> 134378 | Manchester to Hazel Grove | Night/Early morning off-peak,134397 -> 134378,134397,134378,Manchester to Hazel Grove,Night/Early morning off-peak,E01033947,20.0,367.15399999999863,75,0.550730999999998,216.0
134397 -> 134378 | Manchester to Hazel Grove | PM interpeak,134397 -> 134378,134397,134378,Manchester to Hazel Grove,PM interpeak,E01033947,35.0,367.15399999999863,75,0.9637792499999964,49.0
134397 -> 134378 | Manchester to Hazel Grove | PM peak,134397 -> 134378,134397,134378,Manchester to Hazel Grove,PM peak,E01033947,31.0,367.15399999999863,75,0.8536330499999969,74.0
134448 -> 134160 | Hazel Grove to Manchester | AM interpeak,134448 -> 134160,134448,134160,Hazel Grove to Manchester,AM interpeak,E01005822,19.0,452.952,75,0.6454565999999999,155.0
134448 -> 134160 | Hazel Grove to Manchester | AM peak,134448 -> 134160,134448,134160,Hazel Grove to Manchester,AM peak,E01005822,32.0,452.9520000000002,75,1.0870848000000006,38.0
134448 -> 134160 | Hazel Grove to Manchester | Evening off-peak,134448 -> 134160,134448,134160,Hazel Grove to Manchester,Evening off-peak,E01005822,19.0,452.9520000000002,75,0.6454566000000003,154.0
134448 -> 134160 | Hazel Grove to Manchester | Night/Early morning off-peak,134448 -> 134160,134448,134160,Hazel Grove to Manchester,Night/Early morning off-peak,E01005822,27.0,452.9520000000002,75,0.9172278000000005,56.0
134448 -> 134160 | Hazel Grove to Manchester | PM interpeak,134448 -> 134160,134448,134160,Hazel Grove to Manchester,PM interpeak,E01005822,20.0,452.9519999999999,75,0.6794279999999999,128.0
134448 -> 134160 | Hazel Grove to Manchester | PM peak,134448 -> 134160,134448,134160,Hazel Grove to Manchester,PM peak,E01005822,22.0,452.9519999999999,75,0.7473707999999998,105.0
134448 -> 134281 | Hazel Grove to Manchester | AM interpeak,134448 -> 134281,134448,134281,Hazel Grove to Manchester,AM interpeak,E01005822,10.0,161.78800000000047,75,0.12134100000000035,595.0
134448 -> 134281 | Hazel Grove to Manchester | AM peak,134448 -> 134281,134448,134281,Hazel Grove to Manchester,AM peak,E01005822,6.6,161.78899999999976,75,0.08008555499999989,623.0
134448 -> 134281 | Hazel Grove to Manchester | Evening off-peak,134448 -> 134281,134448,134281,Hazel Grove to Manchester,Evening off-peak,E01005822,23.6,161.78800000000047,75,0.28636476000000083,453.0
134448 -> 134281 | Hazel Grove to Manchester | Night/Early morning off-peak,134448 -> 134281,134448,134281,Hazel Grove to Manchester,Night/Early morning off-peak,E01005822,25.600000000000037,161.78800000000047,75,0.31063296000000135,431.0
134448 -> 134281 | Hazel Grove to Manchester | PM peak,134448 -> 134281,134448,134281,Hazel Grove to Manchester,PM peak,E01005822,15.6,161.78800000000047,75,0.18929196000000054,542.0
134461 -> 135618 | Hazel Grove to Manchester | AM interpeak,134461 -> 135618,134461,135618,Hazel Grove to Manchester,AM interpeak,E01005917,16.0,303.16099999999994,75,0.36379319999999987,386.0
134461 -> 135618 | Hazel Grove to Manchester | AM peak,134461 -> 135618,134461,135618,Hazel Grove to Manchester,AM peak,E01005917,27.0,303.16099999999994,75,0.6139010249999999,175.0
134461 -> 135618 | Hazel Grove to Manchester | Evening off-peak,134461 -> 135618,134461,135618,Hazel Grove to Manchester,Evening off-peak,E01005917,20.0,303.16099999999915,75,0.45474149999999874,283.0
134461 -> 135618 | Hazel Grove to Manchester | Night/Early morning off-peak,134461 -> 135618,134461,135618,Hazel Grove to Manchester,Night/Early morning off-peak,E01005917,28.0,303.16099999999994,75,0.6366380999999999,159.0
134461 -> 135618 | Hazel Grove to Manchester | PM interpeak,134461 -> 135618,134461,135618,Hazel Grove to Manchester,PM interpeak,E01005917,21.0,303.16100000000006,75,0.47747857500000007,270.0
134461 -> 135618 | Hazel Grove to Manchester | PM peak,134461 -> 135618,134461,135618,Hazel Grove to Manchester,PM peak,E01005917,23.0,303.16100000000006,75,0.5229527250000001,234.0
134517 -> 135617 | Hazel Grove to Manchester | AM peak,134517 -> 135617,134517,135617,Hazel Grove to Manchester,AM peak,E01005766,4.199999999999999,264.423,75,0.08329324499999999,621.0
134517 -> 135617 | Hazel Grove to Manchester | PM interpeak,134517 -> 135617,134517,135617,Hazel Grove to Manchester,PM interpeak,E01005766,3.0,264.423,75,0.059495175000000004,632.0
134517 -> 135617 | Hazel Grove to Manchester | PM peak,134517 -> 135617,134517,135617,Hazel Grove to Manchester,PM peak,E01005766,4.0,264.423,75,0.07932689999999999,624.0
135615 -> 135616 | Hazel Grove to Manchester | AM interpeak,135615 -> 135616,135615,135616,Hazel Grove to Manchester,AM interpeak,E01005760,18.0,331.0970000000002,75,0.44698095000000027,293.0
135615 -> 135616 | Hazel Grove to Manchester | AM peak,135615 -> 135616,135615,135616,Hazel Grove to Manchester,AM peak,E01005760,31.200000000000017,331.0970000000002,75,0.7747669800000009,95.0
135615 -> 135616 | Hazel Grove to Manchester | Evening off-peak,135615 -> 135616,135615,135616,Hazel Grove to Manchester,Evening off-peak,E01005760,15.5,331.0970000000002,75,0.38490026250000026,362.0
135615 -> 135616 | Hazel Grove to Manchester | Night/Early morning off-peak,135615 -> 135616,135615,135616,Hazel Grove to Manchester,Night/Early morning off-peak,E01005760,24.699999999999996,331.0970000000002,75,0.6133571925000003,177.0
135615 -> 135616 | Hazel Grove to Manchester | PM interpeak,135615 -> 135616,135615,135616,Hazel Grove to Manchester,PM interpeak,E01005760,21.0,331.0970000000002,75,0.5214777750000003,239.0
135615 -> 135616 | Hazel Grove to Manchester | PM peak,135615 -> 135616,135615,135616,Hazel Grove to Manchester,PM peak,E01005760,21.0,331.0970000000002,75,0.5214777750000003,239.0
135616 -> 135617 | Hazel Grove to Manchester | AM interpeak,135616 -> 135617,135616,135617,Hazel Grove to Manchester,AM interpeak,E01005766,19.0,253.7550000000001,75,0.36160087500000015,389.0
135616 -> 135617 | Hazel Grove to Manchester | AM peak,135616 -> 135617,135616,135617,Hazel Grove to Manchester,AM peak,E01005766,31.200000000000003,253.7550000000001,75,0.5937867000000002,191.0
135616 -> 135617 | Hazel Grove to Manchester | Evening off-peak,135616 -> 135617,135616,135617,Hazel Grove to Manchester,Evening off-peak,E01005766,16.5,253.7550000000001,75,0.3140218125000001,429.0
135616 -> 135617 | Hazel Grove to Manchester | Night/Early morning off-peak,135616 -> 135617,135616,135617,Hazel Grove to Manchester,Night/Early morning off-peak,E01005766,25.9,253.7550000000001,75,0.4929190875000002,255.0
135616 -> 135617 | Hazel Grove to Manchester | PM interpeak,135616 -> 135617,135616,135617,Hazel Grove to Manchester,PM interpeak,E01005766,21.0,253.7550000000001,75,0.3996641250000002,337.0
135616 -> 135617 | Hazel Grove to Manchester | PM peak,135616 -> 135617,135616,135617,Hazel Grove to Manchester,PM peak,E01005766,21.0,253.7550000000001,75,0.3996641250000002,337.0
135617 -> 134448 | Hazel Grove to Manchester | AM interpeak,135617 -> 134448,135617,134448,Hazel Grove to Manchester,AM interpeak,E01005766,19.599999999999994,419.10899999999947,75,0.616090229999999,174.0
135617 -> 134448 | Hazel Grove to Manchester | AM peak,135617 -> 134448,135617,134448,Hazel Grove to Manchester,AM peak,E01005766,33.0,419.10899999999947,75,1.0372947749999988,43.0
135617 -> 134448 | Hazel Grove to Manchester | Evening off-peak,135617 -> 134448,135617,134448,Hazel Grove to Manchester,Evening off-peak,E01005766,18.0,419.10899999999947,75,0.5657971499999993,211.0
135617 -> 134448 | Hazel Grove to Manchester | Night/Early morning off-peak,135617 -> 134448,135617,134448,Hazel Grove to Manchester,Night/Early morning off-peak,E01005766,26.0,419.10899999999947,75,0.8172625499999989,78.0
135617 -> 134448 | Hazel Grove to Manchester | PM interpeak,135617 -> 134448,135617,134448,Hazel Grove to Manchester,PM interpeak,E01005766,21.0,419.1089999999999,75,0.6600966749999999,143.0
135617 -> 134448 | Hazel Grove to Manchester | PM peak,135617 -> 134448,135617,134448,Hazel Grove to Manchester,PM peak,E01005766,21.0,419.1089999999999,75,0.6600966749999999,143.0
135618 -> 135619 | Hazel Grove to Manchester | AM interpeak,135618 -> 135619,135618,135619,Hazel Grove to Manchester,AM interpeak,E01005917,16.0,221.86,75,0.266232,469.0
135618 -> 135619 | Hazel Grove to Manchester | AM peak,135618 -> 135619,135618,135619,Hazel Grove to Manchester,AM peak,E01005917,26.0,221.86,75,0.432627,306.0
135618 -> 135619 | Hazel Grove to Manchester | Evening off-peak,135618 -> 135619,135618,135619,Hazel Grove to Manchester,Evening off-peak,E01005917,21.0,221.86000000000058,75,0.34942950000000095,398.0
135618 -> 135619 | Hazel Grove to Manchester | Night/Early morning off-peak,135618 -> 135619,135618,135619,Hazel Grove to Manchester,Night/Early morning off-peak,E01005917,30.0,221.86,75,0.49918500000000005,249.0
135618 -> 135619 | Hazel Grove to Manchester | PM interpeak,135618 -> 135619,135618,135619,Hazel Grove to Manchester,PM interpeak,E01005917,20.0,221.8599999999999,75,0.33278999999999986,410.0
135618 -> 135619 | Hazel Grove to Manchester | PM peak,135618 -> 135619,135618,135619,Hazel Grove to Manchester,PM peak,E01005917,24.0,221.8599999999999,75,0.39934799999999987,340.0
135619 -> 135620 | Hazel Grove to Manchester | AM interpeak,135619 -> 135620,135619,135620,Hazel Grove to Manchester,AM interpeak,E01005917,15.0,330.2460000000001,75,0.3715267500000001,376.0
135619 -> 135620 | Hazel Grove to Manchester | AM peak,135619 -> 135620,135619,135620,Hazel Grove to Manchester,AM peak,E01005917,25.299999999999997,330.2460000000001,75,0.6266417850000001,168.0
135619 -> 135620 | Hazel Grove to Manchester | Evening off-peak,135619 -> 135620,135619,135620,Hazel Grove to Manchester,Evening off-peak,E01005917,22.0,330.2460000000001,75,0.5449059,219.0
135619 -> 135620 | Hazel Grove to Manchester | Night/Early morning off-peak,135619 -> 135620,135619,135620,Hazel Grove to Manchester,Night/Early morning off-peak,E01005917,31.0,330.2460000000001,75,0.7678219500000002,97.0
135619 -> 135620 | Hazel Grove to Manchester | PM interpeak,135619 -> 135620,135619,135620,Hazel Grove to Manchester,PM interpeak,E01005917,20.0,330.2460000000001,75,0.4953690000000001,253.0
135619 -> 135620 | Hazel Grove to Manchester | PM peak,135619 -> 135620,135619,135620,Hazel Grove to Manchester,PM peak,E01005917,24.0,330.2460000000001,75,0.5944428000000002,187.0
135620 -> 134227 | Hazel Grove to Manchester | AM interpeak,135620 -> 134227,135620,134227,Hazel Grove to Manchester,AM interpeak,E01005916,14.0,335.4200000000001,75,0.3521910000000001,397.0
135620 -> 134227 | Hazel Grove to Manchester | AM peak,135620 -> 134227,135620,134227,Hazel Grove to Manchester,AM peak,E01005916,24.0,335.4200000000001,75,0.6037560000000002,179.0
135620 -> 134227 | Hazel Grove to Manchester | Evening off-peak,135620 -> 134227,135620,134227,Hazel Grove to Manchester,Evening off-peak,E01005916,23.0,335.4200000000001,75,0.5785995000000002,197.0
135620 -> 134227 | Hazel Grove to Manchester | Night/Early morning off-peak,135620 -> 134227,135620,134227,Hazel Grove to Manchester,Night/Early morning off-peak,E01005916,31.0,335.4200000000001,75,0.7798515000000003,92.0
135620 -> 134227 | Hazel Grove to Manchester | PM interpeak,135620 -> 134227,135620,134227,Hazel Grove to Manchester,PM interpeak,E01005916,19.0,335.4200000000001,75,0.4779735000000001,269.0
135620 -> 134227 | Hazel Grove to Manchester | PM peak,135620 -> 134227,135620,134227,Hazel Grove to Manchester,PM peak,E01005916,25.0,335.4200000000001,75,0.6289125000000001,166.0
135623 -> 135624 | Hazel Grove to Manchester | AM interpeak,135623 -> 135624,135623,135624,Hazel Grove to Manchester,AM interpeak,E01005798,15.0,230.82900000000018,75,0.2596826250000002,479.0
135623 -> 135624 | Hazel Grove to Manchester | AM peak,135623 -> 135624,135623,135624,Hazel Grove to Manchester,AM peak,E01005798,26.0,230.82900000000018,75,0.45011655000000034,288.0
135623 -> 135624 | Hazel Grove to Manchester | Evening off-peak,135623 -> 135624,135623,135624,Hazel Grove to Manchester,Evening off-peak,E01005798,12.0,230.82900000000018,75,0.20774610000000016,523.0
135623 -> 135624 | Hazel Grove to Manchester | Night/Early morning off-peak,135623 -> 135624,135623,135624,Hazel Grove to Manchester,Night/Early morning off-peak,E01005798,20.9,230.82900000000018,75,0.36182445750000025,388.0
135623 -> 135624 | Hazel Grove to Manchester | PM interpeak,135623 -> 135624,135623,135624,Hazel Grove to Manchester,PM interpeak,E01005798,18.799999999999997,230.82899999999995,75,0.3254688899999999,416.0
135623 -> 135624 | Hazel Grove to Manchester | PM peak,135623 -> 135624,135623,135624,Hazel Grove to Manchester,PM peak,E01005798,19.0,230.82900000000018,75,0.3289313250000002,412.0
135624 -> 135625 | Hazel Grove to Manchester | AM interpeak,135624 -> 135625,135624,135625,Hazel Grove to Manchester,AM interpeak,E01005798,16.0,216.42999999999984,75,0.2597159999999998,478.0
135624 -> 135625 | Hazel Grove to Manchester | AM peak,135624 -> 135625,135624,135625,Hazel Grove to Manchester,AM peak,E01005798,27.0,216.42999999999984,75,0.4382707499999996,301.0
135624 -> 135625 | Hazel Grove to Manchester | Evening off-peak,135624 -> 135625,135624,135625,Hazel Grove to Manchester,Evening off-peak,E01005798,14.0,216.42999999999984,75,0.22725149999999986,513.0
135624 -> 135625 | Hazel Grove to Manchester | Night/Early morning off-peak,135624 -> 135625,135624,135625,Hazel Grove to Manchester,Night/Early morning off-peak,E01005798,21.0,216.42999999999984,75,0.34087724999999974,404.0
135624 -> 135625 | Hazel Grove to Manchester | PM interpeak,135624 -> 135625,135624,135625,Hazel Grove to Manchester,PM interpeak,E01005798,19.799999999999997,216.43100000000004,75,0.3214000350000001,422.0
135624 -> 135625 | Hazel Grove to Manchester | PM peak,135624 -> 135625,135624,135625,Hazel Grove to Manchester,PM peak,E01005798,18.0,216.42999999999984,75,0.29218049999999984,443.0
135625 -> 135626 | Hazel Grove to Manchester | AM interpeak,135625 -> 135626,135625,135626,Hazel Grove to Manchester,AM interpeak,E01005797,16.599999999999994,188.91700000000037,75,0.23520166500000037,508.0
135625 -> 135626 | Hazel Grove to Manchester | AM peak,135625 -> 135626,135625,135626,Hazel Grove to Manchester,AM peak,E01005797,29.0,188.91700000000037,75,0.4108944750000008,327.0
135625 -> 135626 | Hazel Grove to Manchester | Evening off-peak,135625 -> 135626,135625,135626,Hazel Grove to Manchester,Evening off-peak,E01005797,15.0,188.91700000000037,75,0.21253162500000042,521.0
135625 -> 135626 | Hazel Grove to Manchester | Night/Early morning off-peak,135625 -> 135626,135625,135626,Hazel Grove to Manchester,Night/Early morning off-peak,E01005797,22.9,188.91700000000037,75,0.3244649475000006,419.0
135625 -> 135626 | Hazel Grove to Manchester | PM interpeak,135625 -> 135626,135625,135626,Hazel Grove to Manchester,PM interpeak,E01005797,19.799999999999997,188.91599999999994,75,0.2805402599999999,455.0
135625 -> 135626 | Hazel Grove to Manchester | PM peak,135625 -> 135626,135625,135626,Hazel Grove to Manchester,PM peak,E01005797,19.0,188.91700000000037,75,0.26920672500000054,466.0
135626 -> 134130 | Hazel Grove to Manchester | AM interpeak,135626 -> 134130,135626,134130,Hazel Grove to Manchester,AM interpeak,E01005797,17.0,176.04999999999973,75,0.22446374999999963,516.0
135626 -> 134130 | Hazel Grove to Manchester | AM peak,135626 -> 134130,135626,134130,Hazel Grove to Manchester,AM peak,E01005797,30.0,176.04999999999973,75,0.39611249999999937,346.0
135626 -> 134130 | Hazel Grove to Manchester | Evening off-peak,135626 -> 134130,135626,134130,Hazel Grove to Manchester,Evening off-peak,E01005797,15.0,176.04999999999973,75,0.19805624999999968,532.0
135626 -> 134130 | Hazel Grove to Manchester | Night/Early morning off-peak,135626 -> 134130,135626,134130,Hazel Grove to Manchester,Night/Early morning off-peak,E01005797,24.9,176.04999999999973,75,0.3287733749999995,413.0
135626 -> 134130 | Hazel Grove to Manchester | PM interpeak,135626 -> 134130,135626,134130,Hazel Grove to Manchester,PM interpeak,E01005797,20.0,176.05049999999983,75,0.2640757499999997,473.0
135626 -> 134130 | Hazel Grove to Manchester | PM peak,135626 -> 134130,135626,134130,Hazel Grove to Manchester,PM peak,E01005797,19.0,176.04999999999973,75,0.2508712499999996,489.0
135627 -> 134150 | Hazel Grove to Manchester | AM interpeak,135627 -> 134150,135627,134150,Hazel Grove to Manchester,AM interpeak,E01005838,13.0,175.61300000000006,75,0.17122267500000005,564.0
135627 -> 134150 | Hazel Grove to Manchester | AM peak,135627 -> 134150,135627,134150,Hazel Grove to Manchester,AM peak,E01005838,15.0,175.61300000000006,75,0.19756462500000008,533.0
135627 -> 134150 | Hazel Grove to Manchester | Evening off-peak,135627 -> 134150,135627,134150,Hazel Grove to Manchester,Evening off-peak,E01005838,9.0,175.61300000000006,75,0.11853877500000004,599.0
135627 -> 134150 | Hazel Grove to Manchester | Night/Early morning off-peak,135627 -> 134150,135627,134150,Hazel Grove to Manchester,Night/Early morning off-peak,E01005838,11.0,175.61300000000006,75,0.14488072500000004,577.0
135627 -> 134150 | Hazel Grove to Manchester | PM interpeak,135627 -> 134150,135627,134150,Hazel Grove to Manchester,PM interpeak,E01005838,15.5,175.61300000000006,75,0.2041501125000001,527.0
135627 -> 134150 | Hazel Grove to Manchester | PM peak,135627 -> 134150,135627,134150,Hazel Grove to Manchester,PM peak,E01005838,14.0,175.61300000000006,75,0.18439365000000008,546.0
135628 -> 135629 | Hazel Grove to Manchester | AM interpeak,135628 -> 135629,135628,135629,Hazel Grove to Manchester,AM interpeak,E01005801,15.0,337.1000000000001,75,0.37923750000000006,366.0
135628 -> 135629 | Hazel Grove to Manchester | AM peak,135628 -> 135629,135628,135629,Hazel Grove to Manchester,AM peak,E01005801,22.0,337.10000000000014,75,0.5562150000000001,214.0
135628 -> 135629 | Hazel Grove to Manchester | Evening off-peak,135628 -> 135629,135628,135629,Hazel Grove to Manchester,Evening off-peak,E01005801,11.0,337.10000000000014,75,0.27810750000000006,457.0
135628 -> 135629 | Hazel Grove to Manchester | Night/Early morning off-peak,135628 -> 135629,135628,135629,Hazel Grove to Manchester,Night/Early morning off-peak,E01005801,15.0,337.10000000000014,75,0.37923750000000017,365.0
135628 -> 135629 | Hazel Grove to Manchester | PM interpeak,135628 -> 135629,135628,135629,Hazel Grove to Manchester,PM interpeak,E01005801,17.799999999999997,337.10000000000014,75,0.4500285000000001,289.0
135628 -> 135629 | Hazel Grove to Manchester | PM peak,135628 -> 135629,135628,135629,Hazel Grove to Manchester,PM peak,E01005801,17.0,337.10000000000014,75,0.42980250000000014,308.0
135629 -> 135631 | Hazel Grove to Manchester | AM interpeak,135629 -> 135631,135629,135631,Hazel Grove to Manchester,AM interpeak,E01005801,15.0,350.40749999999986,75,0.39420843749999984,349.0
135629 -> 135631 | Hazel Grove to Manchester | AM peak,135629 -> 135631,135629,135631,Hazel Grove to Manchester,AM peak,E01005801,23.0,350.4069999999997,75,0.6044520749999994,178.0
135629 -> 135631 | Hazel Grove to Manchester | Evening off-peak,135629 -> 135631,135629,135631,Hazel Grove to Manchester,Evening off-peak,E01005801,11.0,350.4069999999997,75,0.2890857749999997,449.0
135629 -> 135631 | Hazel Grove to Manchester | Night/Early morning off-peak,135629 -> 135631,135629,135631,Hazel Grove to Manchester,Night/Early morning off-peak,E01005801,17.0,350.4069999999997,75,0.4467689249999996,294.0
135629 -> 135631 | Hazel Grove to Manchester | PM interpeak,135629 -> 135631,135629,135631,Hazel Grove to Manchester,PM interpeak,E01005801,18.0,350.40749999999986,75,0.4730501249999998,271.0
135629 -> 135631 | Hazel Grove to Manchester | PM peak,135629 -> 135631,135629,135631,Hazel Grove to Manchester,PM peak,E01005801,18.0,350.4069999999997,75,0.47304944999999965,272.0
135630 -> 135628 | Hazel Grove to Manchester | AM interpeak,135630 -> 135628,135630,135628,Hazel Grove to Manchester,AM interpeak,E01005801,15.899999999999999,349.374,75,0.416628495,320.0
135630 -> 135628 | Hazel Grove to Manchester | AM peak,135630 -> 135628,135630,135628,Hazel Grove to Manchester,AM peak,E01005801,22.0,349.374,75,0.5764671,199.0
135630 -> 135628 | Hazel Grove to Manchester | Evening off-peak,135630 -> 135628,135630,135628,Hazel Grove to Manchester,Evening off-peak,E01005801,10.0,349.374,75,0.2620305,474.0
135630 -> 135628 | Hazel Grove to Manchester | Night/Early morning off-peak,135630 -> 135628,135630,135628,Hazel Grove to Manchester,Night/Early morning off-peak,E01005801,13.899999999999999,349.374,75,0.36422239500000003,385.0
135630 -> 135628 | Hazel Grove to Manchester | PM interpeak,135630 -> 135628,135630,135628,Hazel Grove to Manchester,PM interpeak,E01005801,19.0,349.374,75,0.49785795000000005,251.0
135630 -> 135628 | Hazel Grove to Manchester | PM peak,135630 -> 135628,135630,135628,Hazel Grove to Manchester,PM peak,E01005801,18.0,349.374,75,0.47165490000000004,274.0
135631 -> 135623 | Hazel Grove to Manchester | AM interpeak,135631 -> 135623,135631,135623,Hazel Grove to Manchester,AM interpeak,E01005801,16.0,302.46900000000005,75,0.3629628000000001,387.0
135631 -> 135623 | Hazel Grove to Manchester | AM peak,135631 -> 135623,135631,135623,Hazel Grove to Manchester,AM peak,E01005801,24.0,302.46900000000005,75,0.5444442000000002,221.0
135631 -> 135623 | Hazel Grove to Manchester | Evening off-peak,135631 -> 135623,135631,135623,Hazel Grove to Manchester,Evening off-peak,E01005801,12.0,302.46900000000005,75,0.2722221000000001,463.0
135631 -> 135623 | Hazel Grove to Manchester | Night/Early morning off-peak,135631 -> 135623,135631,135623,Hazel Grove to Manchester,Night/Early morning off-peak,E01005801,17.0,302.46900000000005,75,0.38564797500000003,360.0
135631 -> 135623 | Hazel Grove to Manchester | PM interpeak,135631 -> 135623,135631,135623,Hazel Grove to Manchester,PM interpeak,E01005801,19.0,302.46799999999996,75,0.4310169,307.0
135631 -> 135623 | Hazel Grove to Manchester | PM peak,135631 -> 135623,135631,135623,Hazel Grove to Manchester,PM peak,E01005801,18.0,302.46900000000005,75,0.4083331500000001,331.0
135632 -> 135678 | Manchester to Hazel Grove | AM interpeak,135632 -> 135678,135632,135678,Manchester to Hazel Grove,AM interpeak,E01005866,27.0,333.2330000000002,75,0.6747968250000004,132.0
135632 -> 135678 | Manchester to Hazel Grove | AM peak,135632 -> 135678,135632,135678,Manchester to Hazel Grove,AM peak,E01005866,67.80000000000001,333.2330000000002,75,1.694489805000001,5.0
135632 -> 135678 | Manchester to Hazel Grove | Evening off-peak,135632 -> 135678,135632,135678,Manchester to Hazel Grove,Evening off-peak,E01005866,15.0,333.2330000000002,75,0.3748871250000002,372.0
135632 -> 135678 | Manchester to Hazel Grove | Night/Early morning off-peak,135632 -> 135678,135632,135678,Manchester to Hazel Grove,Night/Early morning off-peak,E01005866,23.799999999999997,333.2330000000002,75,0.5948209050000003,186.0
135632 -> 135678 | Manchester to Hazel Grove | PM interpeak,135632 -> 135678,135632,135678,Manchester to Hazel Grove,PM interpeak,E01005866,45.0,333.2330000000002,75,1.1246613750000005,30.0
135632 -> 135678 | Manchester to Hazel Grove | PM peak,135632 -> 135678,135632,135678,Manchester to Hazel Grove,PM peak,E01005866,40.0,333.2330000000002,75,0.9996990000000006,48.0
135633 -> 135689 | Manchester to Hazel Grove | AM interpeak,135633 -> 135689,135633,135689,Manchester to Hazel Grove,AM interpeak,E01005836,13.899999999999999,381.52000000000044,75,0.39773460000000044,342.0
135633 -> 135689 | Manchester to Hazel Grove | AM peak,135633 -> 135689,135633,135689,Manchester to Hazel Grove,AM peak,E01005836,15.0,381.52000000000044,75,0.4292100000000005,309.0
135633 -> 135689 | Manchester to Hazel Grove | Evening off-peak,135633 -> 135689,135633,135689,Manchester to Hazel Grove,Evening off-peak,E01005836,4.0,381.52000000000044,75,0.11445600000000013,605.0
135633 -> 135689 | Manchester to Hazel Grove | Night/Early morning off-peak,135633 -> 135689,135633,135689,Manchester to Hazel Grove,Night/Early morning off-peak,E01005836,6.0,381.52000000000044,75,0.1716840000000002,561.0
135633 -> 135689 | Manchester to Hazel Grove | PM interpeak,135633 -> 135689,135633,135689,Manchester to Hazel Grove,PM interpeak,E01005836,17.4,381.52000000000044,75,0.4978836000000006,250.0
135633 -> 135689 | Manchester to Hazel Grove | PM peak,135633 -> 135689,135633,135689,Manchester to Hazel Grove,PM peak,E01005836,6.0,381.52000000000044,75,0.1716840000000002,561.0
135634 -> 135635 | Hazel Grove to Manchester | AM interpeak,135634 -> 135635,135634,135635,Hazel Grove to Manchester,AM interpeak,E01005836,6.0,268.8109999999999,75,0.12096494999999997,596.0
135634 -> 135635 | Hazel Grove to Manchester | AM peak,135634 -> 135635,135634,135635,Hazel Grove to Manchester,AM peak,E01005836,8.0,268.8109999999999,75,0.16128659999999995,567.0
135634 -> 135635 | Hazel Grove to Manchester | Evening off-peak,135634 -> 135635,135634,135635,Hazel Grove to Manchester,Evening off-peak,E01005836,4.0,268.8109999999999,75,0.08064329999999997,622.0
135634 -> 135635 | Hazel Grove to Manchester | Night/Early morning off-peak,135634 -> 135635,135634,135635,Hazel Grove to Manchester,Night/Early morning off-peak,E01005836,5.0,268.8109999999999,75,0.10080412499999997,609.0
135634 -> 135635 | Hazel Grove to Manchester | PM interpeak,135634 -> 135635,135634,135635,Hazel Grove to Manchester,PM interpeak,E01005836,7.0,268.8109999999999,75,0.14112577499999998,581.0
135634 -> 135635 | Hazel Grove to Manchester | PM peak,135634 -> 135635,135634,135635,Hazel Grove to Manchester,PM peak,E01005836,6.0,268.8109999999999,75,0.12096494999999997,596.0
135635 -> 135637 | Hazel Grove to Manchester | AM interpeak,135635 -> 135637,135635,135637,Hazel Grove to Manchester,AM interpeak,E01005840,8.0,203.05500000000006,75,0.12183300000000002,594.0
135635 -> 135637 | Hazel Grove to Manchester | AM peak,135635 -> 135637,135635,135637,Hazel Grove to Manchester,AM peak,E01005840,12.200000000000003,203.05500000000006,75,0.1857953250000001,543.0
135635 -> 135637 | Hazel Grove to Manchester | Evening off-peak,135635 -> 135637,135635,135637,Hazel Grove to Manchester,Evening off-peak,E01005840,6.0,203.05500000000006,75,0.09137475000000003,613.0
135635 -> 135637 | Hazel Grove to Manchester | Night/Early morning off-peak,135635 -> 135637,135635,135637,Hazel Grove to Manchester,Night/Early morning off-peak,E01005840,7.0,203.05500000000006,75,0.10660387500000004,608.0
135635 -> 135637 | Hazel Grove to Manchester | PM interpeak,135635 -> 135637,135635,135637,Hazel Grove to Manchester,PM interpeak,E01005840,10.0,203.05500000000006,75,0.15229125000000004,575.0
135635 -> 135637 | Hazel Grove to Manchester | PM peak,135635 -> 135637,135635,135637,Hazel Grove to Manchester,PM peak,E01005840,9.300000000000004,203.05500000000006,75,0.14163086250000012,580.0
135636 -> 135628 | Hazel Grove to Manchester | AM interpeak,135636 -> 135628,135636,135628,Hazel Grove to Manchester,AM interpeak,E01005801,3.0,303.274,75,0.06823665,630.0
135636 -> 135628 | Hazel Grove to Manchester | AM peak,135636 -> 135628,135636,135628,Hazel Grove to Manchester,AM peak,E01005801,4.0,303.274,75,0.09098219999999999,614.0
135636 -> 135628 | Hazel Grove to Manchester | Evening off-peak,135636 -> 135628,135636,135628,Hazel Grove to Manchester,Evening off-peak,E01005801,2.1000000000000014,303.274,75,0.04776565500000003,636.0
135636 -> 135628 | Hazel Grove to Manchester | Night/Early morning off-peak,135636 -> 135628,135636,135628,Hazel Grove to Manchester,Night/Early morning off-peak,E01005801,1.0,303.274,75,0.022745549999999996,639.0
135636 -> 135628 | Hazel Grove to Manchester | PM interpeak,135636 -> 135628,135636,135628,Hazel Grove to Manchester,PM interpeak,E01005801,4.0,303.274,75,0.09098219999999999,614.0
135636 -> 135628 | Hazel Grove to Manchester | PM peak,135636 -> 135628,135636,135628,Hazel Grove to Manchester,PM peak,E01005801,4.0,303.274,75,0.09098219999999999,614.0
135637 -> 135627 | Hazel Grove to Manchester | AM interpeak,135637 -> 135627,135637,135627,Hazel Grove to Manchester,AM interpeak,E01005840,10.899999999999999,432.606,75,0.353655405,396.0
135637 -> 135627 | Hazel Grove to Manchester | AM peak,135637 -> 135627,135637,135627,Hazel Grove to Manchester,AM peak,E01005840,14.0,432.606,75,0.45423630000000004,284.0
135637 -> 135627 | Hazel Grove to Manchester | Evening off-peak,135637 -> 135627,135637,135627,Hazel Grove to Manchester,Evening off-peak,E01005840,8.0,432.606,75,0.2595636,480.0
135637 -> 135627 | Hazel Grove to Manchester | Night/Early morning off-peak,135637 -> 135627,135637,135627,Hazel Grove to Manchester,Night/Early morning off-peak,E01005840,9.0,432.606,75,0.29200905,444.0
135637 -> 135627 | Hazel Grove to Manchester | PM interpeak,135637 -> 135627,135637,135627,Hazel Grove to Manchester,PM interpeak,E01005840,12.0,432.606,75,0.3893454,355.0
135637 -> 135627 | Hazel Grove to Manchester | PM peak,135637 -> 135627,135637,135627,Hazel Grove to Manchester,PM peak,E01005840,12.0,432.606,75,0.3893454,355.0
135665 -> 135666 | Manchester to Hazel Grove | AM interpeak,135665 -> 135666,135665,135666,Manchester to Hazel Grove,AM interpeak,E01005877,25.0,396.8090000000011,75,0.744016875000002,106.0
135665 -> 135666 | Manchester to Hazel Grove | AM peak,135665 -> 135666,135665,135666,Manchester to Hazel Grove,AM peak,E01005877,39.0,396.8090000000011,75,1.160666325000003,27.0
135665 -> 135666 | Manchester to Hazel Grove | Evening off-peak,135665 -> 135666,135665,135666,Manchester to Hazel Grove,Evening off-peak,E01005877,11.0,396.8090000000011,75,0.3273674250000009,415.0
135665 -> 135666 | Manchester to Hazel Grove | Night/Early morning off-peak,135665 -> 135666,135665,135666,Manchester to Hazel Grove,Night/Early morning off-peak,E01005877,15.0,396.8090000000011,75,0.44641012500000127,295.0
135665 -> 135666 | Manchester to Hazel Grove | PM interpeak,135665 -> 135666,135665,135666,Manchester to Hazel Grove,PM interpeak,E01005877,27.0,396.8090000000011,75,0.8035382250000022,83.0
135665 -> 135666 | Manchester to Hazel Grove | PM peak,135665 -> 135666,135665,135666,Manchester to Hazel Grove,PM peak,E01005877,23.10000000000001,396.8090000000011,75,0.6874715925000022,127.0
135666 -> 135667 | Manchester to Hazel Grove | AM interpeak,135666 -> 135667,135666,135667,Manchester to Hazel Grove,AM interpeak,E01005877,23.0,258.0689999999995,75,0.44516902499999916,296.0
135666 -> 135667 | Manchester to Hazel Grove | AM peak,135666 -> 135667,135666,135667,Manchester to Hazel Grove,AM peak,E01005877,34.10000000000001,258.0689999999995,75,0.6600114674999988,145.0
135666 -> 135667 | Manchester to Hazel Grove | Evening off-peak,135666 -> 135667,135666,135667,Manchester to Hazel Grove,Evening off-peak,E01005877,10.0,258.0689999999995,75,0.19355174999999963,538.0
135666 -> 135667 | Manchester to Hazel Grove | Night/Early morning off-peak,135666 -> 135667,135666,135667,Manchester to Hazel Grove,Night/Early morning off-peak,E01005877,14.0,258.0689999999995,75,0.2709724499999995,464.0
135666 -> 135667 | Manchester to Hazel Grove | PM interpeak,135666 -> 135667,135666,135667,Manchester to Hazel Grove,PM interpeak,E01005877,25.0,258.0689999999995,75,0.48387937499999906,261.0
135666 -> 135667 | Manchester to Hazel Grove | PM peak,135666 -> 135667,135666,135667,Manchester to Hazel Grove,PM peak,E01005877,21.0,258.0689999999995,75,0.4064586749999992,333.0
135667 -> 135668 | Manchester to Hazel Grove | AM interpeak,135667 -> 135668,135667,135668,Manchester to Hazel Grove,AM interpeak,E01005825,21.0,227.60499999999956,75,0.3584778749999993,392.0
135667 -> 135668 | Manchester to Hazel Grove | AM peak,135667 -> 135668,135667,135668,Manchester to Hazel Grove,AM peak,E01005825,31.900000000000006,227.60499999999956,75,0.5445449624999991,220.0
135667 -> 135668 | Manchester to Hazel Grove | Evening off-peak,135667 -> 135668,135667,135668,Manchester to Hazel Grove,Evening off-peak,E01005825,9.0,227.60499999999956,75,0.1536333749999997,573.0
135667 -> 135668 | Manchester to Hazel Grove | Night/Early morning off-peak,135667 -> 135668,135667,135668,Manchester to Hazel Grove,Night/Early morning off-peak,E01005825,13.799999999999997,227.60499999999956,75,0.23557117499999947,507.0
135667 -> 135668 | Manchester to Hazel Grove | PM interpeak,135667 -> 135668,135667,135668,Manchester to Hazel Grove,PM interpeak,E01005825,22.0,227.60499999999956,75,0.37554824999999925,371.0
135667 -> 135668 | Manchester to Hazel Grove | PM peak,135667 -> 135668,135667,135668,Manchester to Hazel Grove,PM peak,E01005825,18.0,227.60499999999956,75,0.3072667499999994,434.0
135668 -> 135669 | Manchester to Hazel Grove | AM interpeak,135668 -> 135669,135668,135669,Manchester to Hazel Grove,AM interpeak,E01005825,18.700000000000017,284.28399999999965,75,0.3987083099999999,341.0
135668 -> 135669 | Manchester to Hazel Grove | AM peak,135668 -> 135669,135668,135669,Manchester to Hazel Grove,AM peak,E01005825,27.0,284.28399999999965,75,0.5756750999999992,201.0
135668 -> 135669 | Manchester to Hazel Grove | Evening off-peak,135668 -> 135669,135668,135669,Manchester to Hazel Grove,Evening off-peak,E01005825,9.0,284.28399999999965,75,0.19189169999999978,540.0
135668 -> 135669 | Manchester to Hazel Grove | Night/Early morning off-peak,135668 -> 135669,135668,135669,Manchester to Hazel Grove,Night/Early morning off-peak,E01005825,12.799999999999997,284.28399999999965,75,0.2729126399999996,462.0
135668 -> 135669 | Manchester to Hazel Grove | PM interpeak,135668 -> 135669,135668,135669,Manchester to Hazel Grove,PM interpeak,E01005825,21.0,284.28399999999965,75,0.4477472999999994,291.0
135668 -> 135669 | Manchester to Hazel Grove | PM peak,135668 -> 135669,135668,135669,Manchester to Hazel Grove,PM peak,E01005825,15.0,284.28399999999965,75,0.3198194999999996,423.0
135669 -> 135670 | Manchester to Hazel Grove | AM interpeak,135669 -> 135670,135669,135670,Manchester to Hazel Grove,AM interpeak,E01005825,17.0,419.746000000001,75,0.5351761500000013,223.0
135669 -> 135670 | Manchester to Hazel Grove | AM peak,135669 -> 135670,135669,135670,Manchester to Hazel Grove,AM peak,E01005825,26.0,419.746000000001,75,0.8185047000000019,77.0
135669 -> 135670 | Manchester to Hazel Grove | Evening off-peak,135669 -> 135670,135669,135670,Manchester to Hazel Grove,Evening off-peak,E01005825,8.0,419.746000000001,75,0.2518476000000006,486.0
135669 -> 135670 | Manchester to Hazel Grove | Night/Early morning off-peak,135669 -> 135670,135669,135670,Manchester to Hazel Grove,Night/Early morning off-peak,E01005825,12.0,419.746000000001,75,0.3777714000000009,367.0
135669 -> 135670 | Manchester to Hazel Grove | PM interpeak,135669 -> 135670,135669,135670,Manchester to Hazel Grove,PM interpeak,E01005825,19.9,419.746000000001,75,0.6264709050000015,169.0
135669 -> 135670 | Manchester to Hazel Grove | PM peak,135669 -> 135670,135669,135670,Manchester to Hazel Grove,PM peak,E01005825,13.0,419.746000000001,75,0.40925235000000093,329.0
135670 -> 135671 | Manchester to Hazel Grove | AM interpeak,135670 -> 135671,135670,135671,Manchester to Hazel Grove,AM interpeak,E01005830,17.0,332.5100000000002,75,0.42395025000000025,316.0
135670 -> 135671 | Manchester to Hazel Grove | AM peak,135670 -> 135671,135670,135671,Manchester to Hazel Grove,AM peak,E01005830,24.10000000000001,332.5100000000002,75,0.6010118250000006,182.0
135670 -> 135671 | Manchester to Hazel Grove | Evening off-peak,135670 -> 135671,135670,135671,Manchester to Hazel Grove,Evening off-peak,E01005830,7.0,332.5100000000002,75,0.17456775000000013,559.0
135670 -> 135671 | Manchester to Hazel Grove | Night/Early morning off-peak,135670 -> 135671,135670,135671,Manchester to Hazel Grove,Night/Early morning off-peak,E01005830,11.0,332.5100000000002,75,0.27432075000000017,460.0
135670 -> 135671 | Manchester to Hazel Grove | PM interpeak,135670 -> 135671,135670,135671,Manchester to Hazel Grove,PM interpeak,E01005830,18.0,332.5100000000002,75,0.4488885000000003,290.0
135670 -> 135671 | Manchester to Hazel Grove | PM peak,135670 -> 135671,135670,135671,Manchester to Hazel Grove,PM peak,E01005830,11.0,332.5100000000002,75,0.27432075000000017,460.0
135671 -> 135672 | Manchester to Hazel Grove | AM interpeak,135671 -> 135672,135671,135672,Manchester to Hazel Grove,AM interpeak,E01005831,15.0,245.95999999999913,75,0.27670499999999904,459.0
135671 -> 135672 | Manchester to Hazel Grove | AM peak,135671 -> 135672,135671,135672,Manchester to Hazel Grove,AM peak,E01005831,22.10000000000001,245.95999999999913,75,0.4076786999999987,332.0
135671 -> 135672 | Manchester to Hazel Grove | Evening off-peak,135671 -> 135672,135671,135672,Manchester to Hazel Grove,Evening off-peak,E01005831,7.0,245.95999999999913,75,0.12912899999999955,585.0
135671 -> 135672 | Manchester to Hazel Grove | Night/Early morning off-peak,135671 -> 135672,135671,135672,Manchester to Hazel Grove,Night/Early morning off-peak,E01005831,11.0,245.95999999999913,75,0.20291699999999926,528.0
135671 -> 135672 | Manchester to Hazel Grove | PM interpeak,135671 -> 135672,135671,135672,Manchester to Hazel Grove,PM interpeak,E01005831,16.9,245.95999999999913,75,0.31175429999999893,430.0
135671 -> 135672 | Manchester to Hazel Grove | PM peak,135671 -> 135672,135671,135672,Manchester to Hazel Grove,PM peak,E01005831,10.0,245.95999999999913,75,0.18446999999999936,545.0
135672 -> 135636 | Manchester to Hazel Grove | AM interpeak,135672 -> 135636,135672,135636,Manchester to Hazel Grove,AM interpeak,E01005831,12.0,401.02400000000125,75,0.3609216000000012,390.0
135672 -> 135636 | Manchester to Hazel Grove | AM peak,135672 -> 135636,135672,135636,Manchester to Hazel Grove,AM peak,E01005831,8.0,401.02400000000125,75,0.24061440000000073,500.0
135672 -> 135636 | Manchester to Hazel Grove | Evening off-peak,135672 -> 135636,135672,135636,Manchester to Hazel Grove,Evening off-peak,E01005831,4.100000000000001,401.02400000000125,75,0.12331488000000043,593.0
135672 -> 135636 | Manchester to Hazel Grove | Night/Early morning off-peak,135672 -> 135636,135672,135636,Manchester to Hazel Grove,Night/Early morning off-peak,E01005831,0.0,401.02400000000125,75,0.0,640.0
135672 -> 135636 | Manchester to Hazel Grove | PM interpeak,135672 -> 135636,135672,135636,Manchester to Hazel Grove,PM interpeak,E01005831,16.0,401.02400000000125,75,0.48122880000000146,267.0
135672 -> 135636 | Manchester to Hazel Grove | PM peak,135672 -> 135636,135672,135636,Manchester to Hazel Grove,PM peak,E01005831,6.0,401.02400000000125,75,0.1804608000000006,552.0
135672 -> 135673 | Manchester to Hazel Grove | AM interpeak,135672 -> 135673,135672,135673,Manchester to Hazel Grove,AM interpeak,E01005831,16.0,513.9050000000007,75,0.6166860000000007,173.0
135672 -> 135673 | Manchester to Hazel Grove | AM peak,135672 -> 135673,135672,135673,Manchester to Hazel Grove,AM peak,E01005831,22.800000000000004,513.9050000000007,75,0.8787775500000012,64.0
135672 -> 135673 | Manchester to Hazel Grove | Evening off-peak,135672 -> 135673,135672,135673,Manchester to Hazel Grove,Evening off-peak,E01005831,6.0,513.9050000000007,75,0.2312572500000003,512.0
135672 -> 135673 | Manchester to Hazel Grove | Night/Early morning off-peak,135672 -> 135673,135672,135673,Manchester to Hazel Grove,Night/Early morning off-peak,E01005831,10.0,513.9050000000007,75,0.3854287500000005,361.0
135672 -> 135673 | Manchester to Hazel Grove | PM interpeak,135672 -> 135673,135672,135673,Manchester to Hazel Grove,PM interpeak,E01005831,15.5,513.9050000000007,75,0.5974145625000008,184.0
135672 -> 135673 | Manchester to Hazel Grove | PM peak,135672 -> 135673,135672,135673,Manchester to Hazel Grove,PM peak,E01005831,10.799999999999997,513.9050000000007,75,0.41626305000000036,321.0
135673 -> 135674 | Manchester to Hazel Grove | AM interpeak,135673 -> 135674,135673,135674,Manchester to Hazel Grove,AM interpeak,E01005831,14.899999999999999,161.0660000000007,75,0.1799912550000008,553.0
135673 -> 135674 | Manchester to Hazel Grove | AM peak,135673 -> 135674,135673,135674,Manchester to Hazel Grove,AM peak,E01005831,21.0,161.0660000000007,75,0.2536789500000011,485.0
135673 -> 135674 | Manchester to Hazel Grove | Evening off-peak,135673 -> 135674,135673,135674,Manchester to Hazel Grove,Evening off-peak,E01005831,6.0,161.0660000000007,75,0.07247970000000033,628.0
135673 -> 135674 | Manchester to Hazel Grove | Night/Early morning off-peak,135673 -> 135674,135673,135674,Manchester to Hazel Grove,Night/Early morning off-peak,E01005831,9.799999999999997,161.0660000000007,75,0.11838351000000048,600.0
135673 -> 135674 | Manchester to Hazel Grove | PM interpeak,135673 -> 135674,135673,135674,Manchester to Hazel Grove,PM interpeak,E01005831,17.0,161.0660000000007,75,0.20535915000000088,526.0
135673 -> 135674 | Manchester to Hazel Grove | PM peak,135673 -> 135674,135673,135674,Manchester to Hazel Grove,PM peak,E01005831,9.0,161.0660000000007,75,0.1087195500000005,607.0
135674 -> 135675 | Manchester to Hazel Grove | AM interpeak,135674 -> 135675,135674,135675,Manchester to Hazel Grove,AM interpeak,E01005838,14.0,228.27799999999843,75,0.23969189999999835,502.0
135674 -> 135675 | Manchester to Hazel Grove | AM peak,135674 -> 135675,135674,135675,Manchester to Hazel Grove,AM peak,E01005838,21.0,228.27799999999843,75,0.3595378499999975,391.0
135674 -> 135675 | Manchester to Hazel Grove | Evening off-peak,135674 -> 135675,135674,135675,Manchester to Hazel Grove,Evening off-peak,E01005838,5.0,228.27799999999843,75,0.08560424999999941,619.0
135674 -> 135675 | Manchester to Hazel Grove | Night/Early morning off-peak,135674 -> 135675,135674,135675,Manchester to Hazel Grove,Night/Early morning off-peak,E01005838,9.0,228.27799999999843,75,0.15408764999999894,571.0
135674 -> 135675 | Manchester to Hazel Grove | PM interpeak,135674 -> 135675,135674,135675,Manchester to Hazel Grove,PM interpeak,E01005838,18.0,228.27799999999843,75,0.3081752999999979,432.0
135674 -> 135675 | Manchester to Hazel Grove | PM peak,135674 -> 135675,135674,135675,Manchester to Hazel Grove,PM peak,E01005838,9.0,228.27799999999843,75,0.15408764999999894,571.0
135675 -> 135676 | Manchester to Hazel Grove | AM interpeak,135675 -> 135676,135675,135676,Manchester to Hazel Grove,AM interpeak,E01005838,14.899999999999999,331.5750000000007,75,0.3705350625000008,379.0
135675 -> 135676 | Manchester to Hazel Grove | AM peak,135675 -> 135676,135675,135676,Manchester to Hazel Grove,AM peak,E01005838,18.0,331.5750000000007,75,0.447626250000001,292.0
135675 -> 135676 | Manchester to Hazel Grove | Evening off-peak,135675 -> 135676,135675,135676,Manchester to Hazel Grove,Evening off-peak,E01005838,5.0,331.5750000000007,75,0.12434062500000027,590.0
135675 -> 135676 | Manchester to Hazel Grove | Night/Early morning off-peak,135675 -> 135676,135675,135676,Manchester to Hazel Grove,Night/Early morning off-peak,E01005838,8.0,331.5750000000007,75,0.19894500000000043,530.0
135675 -> 135676 | Manchester to Hazel Grove | PM interpeak,135675 -> 135676,135675,135676,Manchester to Hazel Grove,PM interpeak,E01005838,17.0,331.5750000000007,75,0.42275812500000093,318.0
135675 -> 135676 | Manchester to Hazel Grove | PM peak,135675 -> 135676,135675,135676,Manchester to Hazel Grove,PM peak,E01005838,8.0,331.5750000000007,75,0.19894500000000043,530.0
135676 -> 134165 | Manchester to Hazel Grove | AM interpeak,135676 -> 134165,135676,134165,Manchester to Hazel Grove,AM interpeak,E01005840,15.0,161.51900000000023,75,0.18170887500000027,550.0
135676 -> 134165 | Manchester to Hazel Grove | AM peak,135676 -> 134165,135676,134165,Manchester to Hazel Grove,AM peak,E01005840,17.0,161.51900000000023,75,0.2059367250000003,524.0
135676 -> 134165 | Manchester to Hazel Grove | Evening off-peak,135676 -> 134165,135676,134165,Manchester to Hazel Grove,Evening off-peak,E01005840,5.0,161.51900000000023,75,0.060569625000000085,631.0
135676 -> 134165 | Manchester to Hazel Grove | Night/Early morning off-peak,135676 -> 134165,135676,134165,Manchester to Hazel Grove,Night/Early morning off-peak,E01005840,7.700000000000003,161.51900000000023,75,0.09327722250000017,612.0
135676 -> 134165 | Manchester to Hazel Grove | PM interpeak,135676 -> 134165,135676,134165,Manchester to Hazel Grove,PM interpeak,E01005840,17.0,161.51900000000023,75,0.2059367250000003,524.0
135676 -> 134165 | Manchester to Hazel Grove | PM peak,135676 -> 134165,135676,134165,Manchester to Hazel Grove,PM peak,E01005840,7.0,161.51900000000023,75,0.08479747500000012,620.0
135678 -> 135681 | Manchester to Hazel Grove | AM interpeak,135678 -> 135681,135678,135681,Manchester to Hazel Grove,AM interpeak,E01005866,27.0,313.3019999999997,75,0.6344365499999993,160.0
135678 -> 135681 | Manchester to Hazel Grove | AM peak,135678 -> 135681,135678,135681,Manchester to Hazel Grove,AM peak,E01005866,66.4,313.3019999999997,75,1.5602439599999987,10.0
135678 -> 135681 | Manchester to Hazel Grove | Evening off-peak,135678 -> 135681,135678,135681,Manchester to Hazel Grove,Evening off-peak,E01005866,14.0,313.3019999999997,75,0.3289670999999997,411.0
135678 -> 135681 | Manchester to Hazel Grove | Night/Early morning off-peak,135678 -> 135681,135678,135681,Manchester to Hazel Grove,Night/Early morning off-peak,E01005866,22.0,313.3019999999997,75,0.5169482999999995,243.0
135678 -> 135681 | Manchester to Hazel Grove | PM interpeak,135678 -> 135681,135678,135681,Manchester to Hazel Grove,PM interpeak,E01005866,44.5,313.3019999999997,75,1.0456454249999987,41.0
135678 -> 135681 | Manchester to Hazel Grove | PM peak,135678 -> 135681,135678,135681,Manchester to Hazel Grove,PM peak,E01005866,38.0,313.3019999999997,75,0.8929106999999991,61.0
135679 -> 135682 | Manchester to Hazel Grove | AM interpeak,135679 -> 135682,135679,135682,Manchester to Hazel Grove,AM interpeak,E01005863,30.900000000000006,331.53299999999945,75,0.7683277274999988,96.0
135679 -> 135682 | Manchester to Hazel Grove | AM peak,135679 -> 135682,135679,135682,Manchester to Hazel Grove,AM peak,E01005863,64.0,331.53299999999945,75,1.5913583999999974,8.0
135679 -> 135682 | Manchester to Hazel Grove | Evening off-peak,135679 -> 135682,135679,135682,Manchester to Hazel Grove,Evening off-peak,E01005863,14.0,331.53299999999945,75,0.34810964999999944,399.0
135679 -> 135682 | Manchester to Hazel Grove | Night/Early morning off-peak,135679 -> 135682,135679,135682,Manchester to Hazel Grove,Night/Early morning off-peak,E01005863,23.0,331.53299999999945,75,0.5718944249999991,208.0
135679 -> 135682 | Manchester to Hazel Grove | PM interpeak,135679 -> 135682,135679,135682,Manchester to Hazel Grove,PM interpeak,E01005863,44.0,331.53299999999945,75,1.0940588999999983,36.0
135679 -> 135682 | Manchester to Hazel Grove | PM peak,135679 -> 135682,135679,135682,Manchester to Hazel Grove,PM peak,E01005863,37.0,331.53299999999945,75,0.9200040749999985,55.0
135680 -> 135683 | Manchester to Hazel Grove | AM interpeak,135680 -> 135683,135680,135683,Manchester to Hazel Grove,AM interpeak,E01005917,33.0,186.32200000000012,75,0.4611469500000003,278.0
135680 -> 135683 | Manchester to Hazel Grove | AM peak,135680 -> 135683,135680,135683,Manchester to Hazel Grove,AM peak,E01005917,61.20000000000002,186.32200000000012,75,0.8552179800000007,72.0
135680 -> 135683 | Manchester to Hazel Grove | Evening off-peak,135680 -> 135683,135680,135683,Manchester to Hazel Grove,Evening off-peak,E01005917,14.0,186.32200000000012,75,0.19563810000000012,534.0
135680 -> 135683 | Manchester to Hazel Grove | Night/Early morning off-peak,135680 -> 135683,135680,135683,Manchester to Hazel Grove,Night/Early morning off-peak,E01005917,22.0,186.32200000000012,75,0.3074313000000002,433.0
135680 -> 135683 | Manchester to Hazel Grove | PM interpeak,135680 -> 135683,135680,135683,Manchester to Hazel Grove,PM interpeak,E01005917,41.20000000000002,186.32200000000012,75,0.5757349800000007,200.0
135680 -> 135683 | Manchester to Hazel Grove | PM peak,135680 -> 135683,135680,135683,Manchester to Hazel Grove,PM peak,E01005917,35.80000000000001,186.32200000000012,75,0.5002745700000005,248.0
135681 -> 135679 | Manchester to Hazel Grove | AM interpeak,135681 -> 135679,135681,135679,Manchester to Hazel Grove,AM interpeak,E01005866,29.0,272.9940000000006,75,0.5937619500000012,192.0
135681 -> 135679 | Manchester to Hazel Grove | AM peak,135681 -> 135679,135681,135679,Manchester to Hazel Grove,AM peak,E01005866,64.60000000000002,272.9940000000006,75,1.3226559300000034,18.0
135681 -> 135679 | Manchester to Hazel Grove | Evening off-peak,135681 -> 135679,135681,135679,Manchester to Hazel Grove,Evening off-peak,E01005866,14.0,272.9940000000006,75,0.28664370000000067,451.0
135681 -> 135679 | Manchester to Hazel Grove | Night/Early morning off-peak,135681 -> 135679,135681,135679,Manchester to Hazel Grove,Night/Early morning off-peak,E01005866,23.0,272.9940000000006,75,0.4709146500000011,275.0
135681 -> 135679 | Manchester to Hazel Grove | PM interpeak,135681 -> 135679,135681,135679,Manchester to Hazel Grove,PM interpeak,E01005866,44.20000000000002,272.9940000000006,75,0.9049751100000024,59.0
135681 -> 135679 | Manchester to Hazel Grove | PM peak,135681 -> 135679,135681,135679,Manchester to Hazel Grove,PM peak,E01005866,38.0,272.9940000000006,75,0.7780329000000017,94.0
135682 -> 135680 | Manchester to Hazel Grove | AM interpeak,135682 -> 135680,135682,135680,Manchester to Hazel Grove,AM interpeak,E01005916,32.0,377.97300000000087,75,0.9071352000000021,58.0
135682 -> 135680 | Manchester to Hazel Grove | AM peak,135682 -> 135680,135682,135680,Manchester to Hazel Grove,AM peak,E01005916,62.400000000000006,377.97300000000087,75,1.7689136400000038,4.0
135682 -> 135680 | Manchester to Hazel Grove | Evening off-peak,135682 -> 135680,135682,135680,Manchester to Hazel Grove,Evening off-peak,E01005916,14.0,377.97300000000087,75,0.3968716500000009,345.0
135682 -> 135680 | Manchester to Hazel Grove | Night/Early morning off-peak,135682 -> 135680,135682,135680,Manchester to Hazel Grove,Night/Early morning off-peak,E01005916,23.0,377.97300000000087,75,0.6520034250000015,148.0
135682 -> 135680 | Manchester to Hazel Grove | PM interpeak,135682 -> 135680,135682,135680,Manchester to Hazel Grove,PM interpeak,E01005916,43.400000000000006,377.97300000000087,75,1.2303021150000029,22.0
135682 -> 135680 | Manchester to Hazel Grove | PM peak,135682 -> 135680,135682,135680,Manchester to Hazel Grove,PM peak,E01005916,37.0,377.97300000000087,75,1.0488750750000024,40.0
135683 -> 135684 | Manchester to Hazel Grove | AM interpeak,135683 -> 135684,135683,135684,Manchester to Hazel Grove,AM interpeak,E01005917,35.0,267.6149999999998,75,0.7024893749999994,118.0
135683 -> 135684 | Manchester to Hazel Grove | AM peak,135683 -> 135684,135683,135684,Manchester to Hazel Grove,AM peak,E01005917,59.60000000000001,267.6149999999998,75,1.1962390499999993,25.0
135683 -> 135684 | Manchester to Hazel Grove | Evening off-peak,135683 -> 135684,135683,135684,Manchester to Hazel Grove,Evening off-peak,E01005917,13.0,267.6149999999998,75,0.26092462499999974,477.0
135683 -> 135684 | Manchester to Hazel Grove | Night/Early morning off-peak,135683 -> 135684,135683,135684,Manchester to Hazel Grove,Night/Early morning off-peak,E01005917,22.0,267.6149999999998,75,0.4415647499999996,299.0
135683 -> 135684 | Manchester to Hazel Grove | PM interpeak,135683 -> 135684,135683,135684,Manchester to Hazel Grove,PM interpeak,E01005917,40.60000000000001,267.6149999999998,75,0.8148876749999995,80.0
135683 -> 135684 | Manchester to Hazel Grove | PM peak,135683 -> 135684,135683,135684,Manchester to Hazel Grove,PM peak,E01005917,34.80000000000001,267.6149999999998,75,0.6984751499999996,120.0
135684 -> 135685 | Manchester to Hazel Grove | AM interpeak,135684 -> 135685,135684,135685,Manchester to Hazel Grove,AM interpeak,E01005917,33.0,305.7340000000004,75,0.756691650000001,102.0
135684 -> 135685 | Manchester to Hazel Grove | AM peak,135684 -> 135685,135684,135685,Manchester to Hazel Grove,AM peak,E01005917,60.0,305.7340000000004,75,1.3758030000000017,17.0
135684 -> 135685 | Manchester to Hazel Grove | Evening off-peak,135684 -> 135685,135684,135685,Manchester to Hazel Grove,Evening off-peak,E01005917,13.200000000000017,305.7340000000004,75,0.30267666000000076,437.0
135684 -> 135685 | Manchester to Hazel Grove | Night/Early morning off-peak,135684 -> 135685,135684,135685,Manchester to Hazel Grove,Night/Early morning off-peak,E01005917,22.0,305.7340000000004,75,0.5044611000000007,246.0
135684 -> 135685 | Manchester to Hazel Grove | PM interpeak,135684 -> 135685,135684,135685,Manchester to Hazel Grove,PM interpeak,E01005917,38.0,305.7340000000004,75,0.8713419000000011,66.0
135684 -> 135685 | Manchester to Hazel Grove | PM peak,135684 -> 135685,135684,135685,Manchester to Hazel Grove,PM peak,E01005917,31.0,305.7340000000004,75,0.7108315500000009,115.0
135685 -> 134397 | Manchester to Hazel Grove | AM interpeak,135685 -> 134397,135685,134397,Manchester to Hazel Grove,AM interpeak,E01005917,34.70000000000002,332.8119999999999,75,0.8661432300000003,68.0
135685 -> 134397 | Manchester to Hazel Grove | AM peak,135685 -> 134397,135685,134397,Manchester to Hazel Grove,AM peak,E01005917,58.70000000000002,332.8119999999999,75,1.4652048299999998,13.0
135685 -> 134397 | Manchester to Hazel Grove | Evening off-peak,135685 -> 134397,135685,134397,Manchester to Hazel Grove,Evening off-peak,E01005917,15.0,332.8119999999999,75,0.3744134999999999,373.0
135685 -> 134397 | Manchester to Hazel Grove | Night/Early morning off-peak,135685 -> 134397,135685,134397,Manchester to Hazel Grove,Night/Early morning off-peak,E01005917,20.9,332.8119999999999,75,0.5216828099999998,238.0
135685 -> 134397 | Manchester to Hazel Grove | PM interpeak,135685 -> 134397,135685,134397,Manchester to Hazel Grove,PM interpeak,E01005917,36.599999999999994,332.8119999999999,75,0.9135689399999997,57.0
135685 -> 134397 | Manchester to Hazel Grove | PM peak,135685 -> 134397,135685,134397,Manchester to Hazel Grove,PM peak,E01005917,30.5,332.8119999999999,75,0.7613074499999998,99.0
135685 -> 135792 | Manchester to Hazel Grove | AM interpeak,135685 -> 135792,135685,135792,Manchester to Hazel Grove,AM interpeak,E01005917,11.0,317.27499999999964,75,0.2617518749999997,475.0
135685 -> 135792 | Manchester to Hazel Grove | AM peak,135685 -> 135792,135685,135792,Manchester to Hazel Grove,AM peak,E01005917,4.0,317.27499999999964,75,0.09518249999999989,611.0
135685 -> 135792 | Manchester to Hazel Grove | Evening off-peak,135685 -> 135792,135685,135792,Manchester to Hazel Grove,Evening off-peak,E01005917,5.0,317.27499999999964,75,0.11897812499999987,598.0
135685 -> 135792 | Manchester to Hazel Grove | Night/Early morning off-peak,135685 -> 135792,135685,135792,Manchester to Hazel Grove,Night/Early morning off-peak,E01005917,1.0,317.27499999999964,75,0.023795624999999973,638.0
135685 -> 135792 | Manchester to Hazel Grove | PM interpeak,135685 -> 135792,135685,135792,Manchester to Hazel Grove,PM interpeak,E01005917,9.5,317.27499999999964,75,0.22605843749999974,514.0
135685 -> 135792 | Manchester to Hazel Grove | PM peak,135685 -> 135792,135685,135792,Manchester to Hazel Grove,PM peak,E01005917,11.0,317.27499999999964,75,0.2617518749999997,475.0
135687 -> 133049 | Manchester to Hazel Grove | AM interpeak,135687 -> 133049,135687,133049,Manchester to Hazel Grove,AM interpeak,E01033948,31.0,299.02000000000044,75,0.695221500000001,123.0
135687 -> 133049 | Manchester to Hazel Grove | AM peak,135687 -> 133049,135687,133049,Manchester to Hazel Grove,AM peak,E01033948,50.0,299.02000000000044,75,1.1213250000000017,31.0
135687 -> 133049 | Manchester to Hazel Grove | Evening off-peak,135687 -> 133049,135687,133049,Manchester to Hazel Grove,Evening off-peak,E01033948,13.0,299.02000000000044,75,0.29154450000000043,446.0
135687 -> 133049 | Manchester to Hazel Grove | Night/Early morning off-peak,135687 -> 133049,135687,133049,Manchester to Hazel Grove,Night/Early morning off-peak,E01033948,17.5,299.02000000000044,75,0.39246375000000056,351.0
135687 -> 133049 | Manchester to Hazel Grove | PM interpeak,135687 -> 133049,135687,133049,Manchester to Hazel Grove,PM interpeak,E01033948,34.8,299.02000000000044,75,0.7804422000000011,91.0
135687 -> 133049 | Manchester to Hazel Grove | PM peak,135687 -> 133049,135687,133049,Manchester to Hazel Grove,PM peak,E01033948,28.200000000000003,299.02000000000044,75,0.6324273000000009,163.0
135687 -> 134517 | Manchester to Hazel Grove | AM peak,135687 -> 134517,135687,134517,Manchester to Hazel Grove,AM peak,E01033948,9.0,635.4079999999994,75,0.4289003999999996,311.0
135687 -> 134517 | Manchester to Hazel Grove | PM interpeak,135687 -> 134517,135687,134517,Manchester to Hazel Grove,PM interpeak,E01033948,12.200000000000003,635.4079999999994,75,0.5813983199999997,196.0
135687 -> 134517 | Manchester to Hazel Grove | PM peak,135687 -> 134517,135687,134517,Manchester to Hazel Grove,PM peak,E01033948,7.100000000000001,635.4079999999994,75,0.33835475999999975,406.0
135689 -> 135634 | Hazel Grove to Manchester | AM interpeak,135689 -> 135634,135689,135634,Hazel Grove to Manchester,AM interpeak,E01005841,3.0,331.047,75,0.07448557500000001,627.0
135689 -> 135634 | Hazel Grove to Manchester | AM peak,135689 -> 135634,135689,135634,Hazel Grove to Manchester,AM peak,E01005841,5.0,331.047,75,0.124142625,591.0
135689 -> 135634 | Hazel Grove to Manchester | Evening off-peak,135689 -> 135634,135689,135634,Hazel Grove to Manchester,Evening off-peak,E01005841,2.0,331.047,75,0.04965705000000001,635.0
135689 -> 135634 | Hazel Grove to Manchester | Night/Early morning off-peak,135689 -> 135634,135689,135634,Hazel Grove to Manchester,Night/Early morning off-peak,E01005841,2.8999999999999986,331.047,75,0.07200272249999996,629.0
135689 -> 135634 | Hazel Grove to Manchester | PM interpeak,135689 -> 135634,135689,135634,Hazel Grove to Manchester,PM interpeak,E01005841,5.0,331.047,75,0.124142625,591.0
135689 -> 135634 | Hazel Grove to Manchester | PM peak,135689 -> 135634,135689,135634,Hazel Grove to Manchester,PM peak,E01005841,4.0,331.047,75,0.09931410000000002,610.0
48350 -> 48535 | Hazel Grove to Manchester | AM interpeak,48350 -> 48535,48350,48535,Hazel Grove to Manchester,AM interpeak,E01033654,6.0,259.9989999999998,75,0.11699954999999991,603.0
48350 -> 48535 | Hazel Grove to Manchester | AM peak,48350 -> 48535,48350,48535,Hazel Grove to Manchester,AM peak,E01033654,19.0,259.9989999999998,75,0.3704985749999997,380.0
48350 -> 48535 | Hazel Grove to Manchester | Evening off-peak,48350 -> 48535,48350,48535,Hazel Grove to Manchester,Evening off-peak,E01033654,21.0,259.9989999999998,75,0.40949842499999967,328.0
48350 -> 48535 | Hazel Grove to Manchester | Night/Early morning off-peak,48350 -> 48535,48350,48535,Hazel Grove to Manchester,Night/Early morning off-peak,E01033654,34.0,259.9989999999998,75,0.6629974499999994,141.0
48350 -> 48535 | Hazel Grove to Manchester | PM interpeak,48350 -> 48535,48350,48535,Hazel Grove to Manchester,PM interpeak,E01033654,22.0,259.9989999999998,75,0.42899834999999964,310.0
48350 -> 48535 | Hazel Grove to Manchester | PM peak,48350 -> 48535,48350,48535,Hazel Grove to Manchester,PM peak,E01033654,20.0,260.0,75,0.39,353.0
48356 -> 54154 | Manchester to Hazel Grove | AM interpeak,48356 -> 54154,48356,54154,Manchester to Hazel Grove,AM interpeak,E01033654,4.0,528.2570000000001,75,0.1584771,569.0
48356 -> 54154 | Manchester to Hazel Grove | AM peak,48356 -> 54154,48356,54154,Manchester to Hazel Grove,AM peak,E01033654,15.0,528.2570000000001,75,0.594289125,188.0
48356 -> 54154 | Manchester to Hazel Grove | Evening off-peak,48356 -> 54154,48356,54154,Manchester to Hazel Grove,Evening off-peak,E01033654,6.0,528.2570000000001,75,0.23771565000000003,505.0
48356 -> 54154 | Manchester to Hazel Grove | Night/Early morning off-peak,48356 -> 54154,48356,54154,Manchester to Hazel Grove,Night/Early morning off-peak,E01033654,10.600000000000009,528.2570000000001,75,0.4199643150000004,319.0
48356 -> 54154 | Manchester to Hazel Grove | PM interpeak,48356 -> 54154,48356,54154,Manchester to Hazel Grove,PM interpeak,E01033654,16.0,528.2570000000001,75,0.6339084,161.0
48356 -> 54154 | Manchester to Hazel Grove | PM peak,48356 -> 54154,48356,54154,Manchester to Hazel Grove,PM peak,E01033654,15.0,528.2570000000001,75,0.594289125,188.0
48363 -> 48356 | Manchester to Hazel Grove | AM interpeak,48363 -> 48356,48363,48356,Manchester to Hazel Grove,AM interpeak,E01033661,3.0,168.13199999999995,75,0.03782969999999999,637.0
48363 -> 48356 | Manchester to Hazel Grove | AM peak,48363 -> 48356,48363,48356,Manchester to Hazel Grove,AM peak,E01033661,10.0,168.13199999999995,75,0.12609899999999996,587.0
48363 -> 48356 | Manchester to Hazel Grove | Evening off-peak,48363 -> 48356,48363,48356,Manchester to Hazel Grove,Evening off-peak,E01033661,4.0,168.13199999999995,75,0.05043959999999999,634.0
48363 -> 48356 | Manchester to Hazel Grove | Night/Early morning off-peak,48363 -> 48356,48363,48356,Manchester to Hazel Grove,Night/Early morning off-peak,E01033661,7.0,168.13199999999995,75,0.08826929999999997,618.0
48363 -> 48356 | Manchester to Hazel Grove | PM interpeak,48363 -> 48356,48363,48356,Manchester to Hazel Grove,PM interpeak,E01033661,11.0,168.13199999999995,75,0.13870889999999994,582.0
48363 -> 48356 | Manchester to Hazel Grove | PM peak,48363 -> 48356,48363,48356,Manchester to Hazel Grove,PM peak,E01033661,10.0,168.13199999999995,75,0.12609899999999996,587.0
48378 -> 48363 | Manchester to Hazel Grove | AM interpeak,48378 -> 48363,48378,48363,Manchester to Hazel Grove,AM interpeak,E01033653,2.0,392.812,75,0.058921799999999996,633.0
48378 -> 48363 | Manchester to Hazel Grove | AM peak,48378 -> 48363,48378,48363,Manchester to Hazel Grove,AM peak,E01033653,6.0,392.812,75,0.1767654,556.0
48378 -> 48363 | Manchester to Hazel Grove | Evening off-peak,48378 -> 48363,48378,48363,Manchester to Hazel Grove,Evening off-peak,E01033653,3.0,392.812,75,0.0883827,617.0
48378 -> 48363 | Manchester to Hazel Grove | Night/Early morning off-peak,48378 -> 48363,48378,48363,Manchester to Hazel Grove,Night/Early morning off-peak,E01033653,4.0,392.812,75,0.11784359999999999,602.0
48378 -> 48363 | Manchester to Hazel Grove | PM interpeak,48378 -> 48363,48378,48363,Manchester to Hazel Grove,PM interpeak,E01033653,6.0,392.812,75,0.1767654,556.0
48378 -> 48363 | Manchester to Hazel Grove | PM peak,48378 -> 48363,48378,48363,Manchester to Hazel Grove,PM peak,E01033653,6.0,392.812,75,0.1767654,556.0
48535 -> 50826 | Hazel Grove to Manchester | AM interpeak,48535 -> 50826,48535,50826,Hazel Grove to Manchester,AM interpeak,E01033654,6.0,168.6790000000001,75,0.07590555000000004,626.0
48535 -> 50826 | Hazel Grove to Manchester | AM peak,48535 -> 50826,48535,50826,Hazel Grove to Manchester,AM peak,E01033654,19.599999999999994,168.6790000000001,75,0.24795813000000003,492.0
48535 -> 50826 | Hazel Grove to Manchester | Evening off-peak,48535 -> 50826,48535,50826,Hazel Grove to Manchester,Evening off-peak,E01033654,21.0,168.6790000000001,75,0.2656694250000001,470.0
48535 -> 50826 | Hazel Grove to Manchester | Night/Early morning off-peak,48535 -> 50826,48535,50826,Hazel Grove to Manchester,Night/Early morning off-peak,E01033654,32.0,168.6790000000001,75,0.4048296000000002,334.0
48535 -> 50826 | Hazel Grove to Manchester | PM interpeak,48535 -> 50826,48535,50826,Hazel Grove to Manchester,PM interpeak,E01033654,21.200000000000003,168.6790000000001,75,0.2681996100000002,467.0
48535 -> 50826 | Hazel Grove to Manchester | PM peak,48535 -> 50826,48535,50826,Hazel Grove to Manchester,PM peak,E01033654,19.0,168.67799999999988,75,0.24036614999999983,501.0
48642 -> 48669 | Manchester to Hazel Grove | AM interpeak,48642 -> 48669,48642,48669,Manchester to Hazel Grove,AM interpeak,E01005221,16.0,204.14199999999983,75,0.24497039999999978,494.0
48642 -> 48669 | Manchester to Hazel Grove | AM peak,48642 -> 48669,48642,48669,Manchester to Hazel Grove,AM peak,E01005221,72.0,204.14199999999983,75,1.102366799999999,35.0
48642 -> 48669 | Manchester to Hazel Grove | Evening off-peak,48642 -> 48669,48642,48669,Manchester to Hazel Grove,Evening off-peak,E01005221,16.0,204.14199999999983,75,0.24497039999999978,494.0
48642 -> 48669 | Manchester to Hazel Grove | Night/Early morning off-peak,48642 -> 48669,48642,48669,Manchester to Hazel Grove,Night/Early morning off-peak,E01005221,27.700000000000003,204.14199999999983,75,0.42410500499999965,315.0
48642 -> 48669 | Manchester to Hazel Grove | PM interpeak,48642 -> 48669,48642,48669,Manchester to Hazel Grove,PM interpeak,E01005221,51.0,204.14199999999983,75,0.7808431499999994,90.0
48642 -> 48669 | Manchester to Hazel Grove | PM peak,48642 -> 48669,48642,48669,Manchester to Hazel Grove,PM peak,E01005221,46.0,204.14199999999983,75,0.7042898999999995,117.0
48651 -> 48677 | Manchester to Hazel Grove | AM interpeak,48651 -> 48677,48651,48677,Manchester to Hazel Grove,AM interpeak,E01005221,18.80000000000001,191.53700000000026,75,0.2700671700000005,465.0
48651 -> 48677 | Manchester to Hazel Grove | AM peak,48651 -> 48677,48651,48677,Manchester to Hazel Grove,AM peak,E01005221,76.10000000000001,191.53700000000026,75,1.0931974275000018,37.0
48651 -> 48677 | Manchester to Hazel Grove | Evening off-peak,48651 -> 48677,48651,48677,Manchester to Hazel Grove,Evening off-peak,E01005221,17.0,191.53700000000026,75,0.24420967500000032,497.0
48651 -> 48677 | Manchester to Hazel Grove | Night/Early morning off-peak,48651 -> 48677,48651,48677,Manchester to Hazel Grove,Night/Early morning off-peak,E01005221,27.799999999999997,191.53700000000026,75,0.3993546450000005,339.0
48651 -> 48677 | Manchester to Hazel Grove | PM interpeak,48651 -> 48677,48651,48677,Manchester to Hazel Grove,PM interpeak,E01005221,49.60000000000001,191.53700000000026,75,0.7125176400000011,114.0
48651 -> 48677 | Manchester to Hazel Grove | PM peak,48651 -> 48677,48651,48677,Manchester to Hazel Grove,PM peak,E01005221,45.0,191.53700000000026,75,0.6464373750000009,151.0
48654 -> 48835 | Hazel Grove to Manchester | AM interpeak,48654 -> 48835,48654,48835,Hazel Grove to Manchester,AM interpeak,E01005238,10.0,387.6270000000004,75,0.2907202500000003,447.0
48654 -> 48835 | Hazel Grove to Manchester | AM peak,48654 -> 48835,48654,48835,Hazel Grove to Manchester,AM peak,E01005238,17.0,387.6270000000004,75,0.4942244250000005,254.0
48654 -> 48835 | Hazel Grove to Manchester | Evening off-peak,48654 -> 48835,48654,48835,Hazel Grove to Manchester,Evening off-peak,E01005238,28.10000000000001,387.6270000000004,75,0.8169239025000009,79.0
48654 -> 48835 | Hazel Grove to Manchester | Night/Early morning off-peak,48654 -> 48835,48654,48835,Hazel Grove to Manchester,Night/Early morning off-peak,E01005238,42.0,387.6270000000004,75,1.2210250500000013,24.0
48654 -> 48835 | Hazel Grove to Manchester | PM interpeak,48654 -> 48835,48654,48835,Hazel Grove to Manchester,PM interpeak,E01005238,20.0,387.6270000000004,75,0.5814405000000006,195.0
48654 -> 48835 | Hazel Grove to Manchester | PM peak,48654 -> 48835,48654,48835,Hazel Grove to Manchester,PM peak,E01005238,28.0,387.6270000000004,75,0.8140167000000009,81.0
48657 -> 48663 | Manchester to Hazel Grove | AM interpeak,48657 -> 48663,48657,48663,Manchester to Hazel Grove,AM interpeak,E01034137,13.0,305.85000000000036,75,0.2982037500000004,442.0
48657 -> 48663 | Manchester to Hazel Grove | AM peak,48657 -> 48663,48657,48663,Manchester to Hazel Grove,AM peak,E01034137,63.20000000000002,305.85000000000036,75,1.449729000000002,15.0
48657 -> 48663 | Manchester to Hazel Grove | Evening off-peak,48657 -> 48663,48657,48663,Manchester to Hazel Grove,Evening off-peak,E01034137,15.0,305.85000000000036,75,0.3440812500000004,402.0
48657 -> 48663 | Manchester to Hazel Grove | Night/Early morning off-peak,48657 -> 48663,48657,48663,Manchester to Hazel Grove,Night/Early morning off-peak,E01034137,25.0,305.85000000000036,75,0.5734687500000006,205.0
48657 -> 48663 | Manchester to Hazel Grove | PM interpeak,48657 -> 48663,48657,48663,Manchester to Hazel Grove,PM interpeak,E01034137,48.5,305.85000000000036,75,1.1125293750000014,33.0
48657 -> 48663 | Manchester to Hazel Grove | PM peak,48657 -> 48663,48657,48663,Manchester to Hazel Grove,PM peak,E01034137,44.0,305.85000000000036,75,1.0093050000000012,46.0
48660 -> 48654 | Hazel Grove to Manchester | AM interpeak,48660 -> 48654,48660,48654,Hazel Grove to Manchester,AM interpeak,E01005219,10.0,287.02299999999923,75,0.2152672499999994,519.0
48660 -> 48654 | Hazel Grove to Manchester | AM peak,48660 -> 48654,48660,48654,Hazel Grove to Manchester,AM peak,E01005219,16.0,287.02299999999923,75,0.34442759999999906,400.0
48660 -> 48654 | Hazel Grove to Manchester | Evening off-peak,48660 -> 48654,48660,48654,Hazel Grove to Manchester,Evening off-peak,E01005219,30.0,287.02299999999923,75,0.6458017499999983,153.0
48660 -> 48654 | Hazel Grove to Manchester | Night/Early morning off-peak,48660 -> 48654,48660,48654,Hazel Grove to Manchester,Night/Early morning off-peak,E01005219,42.0,287.02299999999923,75,0.9041224499999976,60.0
48660 -> 48654 | Hazel Grove to Manchester | PM interpeak,48660 -> 48654,48660,48654,Hazel Grove to Manchester,PM interpeak,E01005219,19.200000000000003,287.02299999999923,75,0.4133131199999989,325.0
48660 -> 48654 | Hazel Grove to Manchester | PM peak,48660 -> 48654,48660,48654,Hazel Grove to Manchester,PM peak,E01005219,28.0,287.02299999999923,75,0.6027482999999983,180.0
48663 -> 48642 | Manchester to Hazel Grove | AM interpeak,48663 -> 48642,48663,48642,Manchester to Hazel Grove,AM interpeak,E01034138,14.0,184.83399999999983,75,0.19407569999999985,536.0
48663 -> 48642 | Manchester to Hazel Grove | AM peak,48663 -> 48642,48663,48642,Manchester to Hazel Grove,AM peak,E01034138,68.10000000000001,184.83399999999983,75,0.9440396549999992,53.0
48663 -> 48642 | Manchester to Hazel Grove | Evening off-peak,48663 -> 48642,48663,48642,Manchester to Hazel Grove,Evening off-peak,E01034138,17.0,184.83399999999983,75,0.23566334999999977,506.0
48663 -> 48642 | Manchester to Hazel Grove | Night/Early morning off-peak,48663 -> 48642,48663,48642,Manchester to Hazel Grove,Night/Early morning off-peak,E01034138,26.799999999999997,184.83399999999983,75,0.3715163399999996,377.0
48663 -> 48642 | Manchester to Hazel Grove | PM interpeak,48663 -> 48642,48663,48642,Manchester to Hazel Grove,PM interpeak,E01034138,50.5,184.83399999999983,75,0.7000587749999994,119.0
48663 -> 48642 | Manchester to Hazel Grove | PM peak,48663 -> 48642,48663,48642,Manchester to Hazel Grove,PM peak,E01034138,46.0,184.83399999999983,75,0.6376772999999994,158.0
48666 -> 48660 | Hazel Grove to Manchester | AM interpeak,48666 -> 48660,48666,48660,Hazel Grove to Manchester,AM interpeak,E01005219,10.0,257.0030000000006,75,0.19275225000000046,539.0
48666 -> 48660 | Hazel Grove to Manchester | AM peak,48666 -> 48660,48666,48660,Hazel Grove to Manchester,AM peak,E01005219,15.0,257.0030000000006,75,0.2891283750000007,448.0
48666 -> 48660 | Hazel Grove to Manchester | Evening off-peak,48666 -> 48660,48666,48660,Hazel Grove to Manchester,Evening off-peak,E01005219,31.0,257.0030000000006,75,0.5975319750000014,183.0
48666 -> 48660 | Hazel Grove to Manchester | Night/Early morning off-peak,48666 -> 48660,48666,48660,Hazel Grove to Manchester,Night/Early morning off-peak,E01005219,41.0,257.0030000000006,75,0.790284225000002,86.0
48666 -> 48660 | Hazel Grove to Manchester | PM interpeak,48666 -> 48660,48666,48660,Hazel Grove to Manchester,PM interpeak,E01005219,19.10000000000001,257.0030000000006,75,0.3681567975000011,384.0
48666 -> 48660 | Hazel Grove to Manchester | PM peak,48666 -> 48660,48666,48660,Hazel Grove to Manchester,PM peak,E01005219,29.0,257.0030000000006,75,0.5589815250000013,213.0
48669 -> 48651 | Manchester to Hazel Grove | AM interpeak,48669 -> 48651,48669,48651,Manchester to Hazel Grove,AM interpeak,E01005221,17.0,202.44700000000012,75,0.25811992500000014,481.0
48669 -> 48651 | Manchester to Hazel Grove | AM peak,48669 -> 48651,48669,48651,Manchester to Hazel Grove,AM peak,E01005221,76.0,202.44700000000012,75,1.1539479000000008,29.0
48669 -> 48651 | Manchester to Hazel Grove | Evening off-peak,48669 -> 48651,48669,48651,Manchester to Hazel Grove,Evening off-peak,E01005221,17.0,202.44700000000012,75,0.25811992500000014,481.0
48669 -> 48651 | Manchester to Hazel Grove | Night/Early morning off-peak,48669 -> 48651,48669,48651,Manchester to Hazel Grove,Night/Early morning off-peak,E01005221,28.0,202.44700000000012,75,0.42513870000000026,313.0
48669 -> 48651 | Manchester to Hazel Grove | PM interpeak,48669 -> 48651,48669,48651,Manchester to Hazel Grove,PM interpeak,E01005221,52.0,202.44700000000012,75,0.7895433000000004,87.0
48669 -> 48651 | Manchester to Hazel Grove | PM peak,48669 -> 48651,48669,48651,Manchester to Hazel Grove,PM peak,E01005221,47.80000000000001,202.44700000000012,75,0.7257724950000006,109.0
48672 -> 48666 | Hazel Grove to Manchester | AM interpeak,48672 -> 48666,48672,48666,Hazel Grove to Manchester,AM interpeak,E01005221,10.0,311.46299999999974,75,0.2335972499999998,510.0
48672 -> 48666 | Hazel Grove to Manchester | AM peak,48672 -> 48666,48672,48666,Hazel Grove to Manchester,AM peak,E01005221,17.0,311.46299999999974,75,0.39711532499999963,343.0
48672 -> 48666 | Hazel Grove to Manchester | Evening off-peak,48672 -> 48666,48672,48666,Hazel Grove to Manchester,Evening off-peak,E01005221,31.0,311.46299999999974,75,0.7241514749999994,110.0
48672 -> 48666 | Hazel Grove to Manchester | Night/Early morning off-peak,48672 -> 48666,48672,48666,Hazel Grove to Manchester,Night/Early morning off-peak,E01005221,41.0,311.46299999999974,75,0.9577487249999992,50.0
48672 -> 48666 | Hazel Grove to Manchester | PM interpeak,48672 -> 48666,48672,48666,Hazel Grove to Manchester,PM interpeak,E01005221,19.0,311.46299999999974,75,0.4438347749999996,297.0
48672 -> 48666 | Hazel Grove to Manchester | PM peak,48672 -> 48666,48672,48666,Hazel Grove to Manchester,PM peak,E01005221,28.5,311.46299999999974,75,0.6657521624999995,140.0
48675 -> 48672 | Hazel Grove to Manchester | AM interpeak,48675 -> 48672,48675,48672,Hazel Grove to Manchester,AM interpeak,E01005221,10.900000000000006,221.54100000000017,75,0.18110976750000024,551.0
48675 -> 48672 | Hazel Grove to Manchester | AM peak,48675 -> 48672,48675,48672,Hazel Grove to Manchester,AM peak,E01005221,17.0,221.54100000000017,75,0.2824647750000002,454.0
48675 -> 48672 | Hazel Grove to Manchester | Evening off-peak,48675 -> 48672,48675,48672,Hazel Grove to Manchester,Evening off-peak,E01005221,29.0,221.54100000000108,75,0.4818516750000023,264.0
48675 -> 48672 | Hazel Grove to Manchester | Night/Early morning off-peak,48675 -> 48672,48675,48672,Hazel Grove to Manchester,Night/Early morning off-peak,E01005221,42.0,221.54100000000017,75,0.6978541500000005,121.0
48675 -> 48672 | Hazel Grove to Manchester | PM interpeak,48675 -> 48672,48675,48672,Hazel Grove to Manchester,PM interpeak,E01005221,19.200000000000003,221.54100000000017,75,0.3190190400000003,425.0
48675 -> 48672 | Hazel Grove to Manchester | PM peak,48675 -> 48672,48675,48672,Hazel Grove to Manchester,PM peak,E01005221,29.0,221.54100000000017,75,0.48185167500000037,265.0
48677 -> 48680 | Manchester to Hazel Grove | AM interpeak,48677 -> 48680,48677,48680,Manchester to Hazel Grove,AM interpeak,E01005222,20.0,199.52700000000004,75,0.29929050000000007,440.0
48677 -> 48680 | Manchester to Hazel Grove | AM peak,48677 -> 48680,48677,48680,Manchester to Hazel Grove,AM peak,E01005222,74.10000000000001,199.52700000000004,75,1.1088713025000003,34.0
48677 -> 48680 | Manchester to Hazel Grove | Evening off-peak,48677 -> 48680,48677,48680,Manchester to Hazel Grove,Evening off-peak,E01005222,16.0,199.52700000000004,75,0.23943240000000002,503.0
48677 -> 48680 | Manchester to Hazel Grove | Night/Early morning off-peak,48677 -> 48680,48677,48680,Manchester to Hazel Grove,Night/Early morning off-peak,E01005222,25.799999999999997,199.52700000000004,75,0.38608474500000006,359.0
48677 -> 48680 | Manchester to Hazel Grove | PM interpeak,48677 -> 48680,48677,48680,Manchester to Hazel Grove,PM interpeak,E01005222,49.0,199.52700000000004,75,0.7332617250000001,107.0
48677 -> 48680 | Manchester to Hazel Grove | PM peak,48677 -> 48680,48677,48680,Manchester to Hazel Grove,PM peak,E01005222,43.0,199.52700000000004,75,0.6434745750000002,157.0
48680 -> 134267 | Manchester to Hazel Grove | AM interpeak,48680 -> 134267,48680,134267,Manchester to Hazel Grove,AM interpeak,E01005222,22.0,522.777,75,0.86258205,69.0
48680 -> 134267 | Manchester to Hazel Grove | AM peak,48680 -> 134267,48680,134267,Manchester to Hazel Grove,AM peak,E01005222,72.4,522.777,75,2.83867911,1.0
48680 -> 134267 | Manchester to Hazel Grove | Evening off-peak,48680 -> 134267,48680,134267,Manchester to Hazel Grove,Evening off-peak,E01005222,16.0,522.777,75,0.6273324,167.0
48680 -> 134267 | Manchester to Hazel Grove | Night/Early morning off-peak,48680 -> 134267,48680,134267,Manchester to Hazel Grove,Night/Early morning off-peak,E01005222,25.799999999999997,522.777,75,1.011573495,45.0
48680 -> 134267 | Manchester to Hazel Grove | PM interpeak,48680 -> 134267,48680,134267,Manchester to Hazel Grove,PM interpeak,E01005222,48.5,522.777,75,1.9016013375000003,3.0
48680 -> 134267 | Manchester to Hazel Grove | PM peak,48680 -> 134267,48680,134267,Manchester to Hazel Grove,PM peak,E01005222,41.0,522.777,75,1.6075392750000004,7.0
48683 -> 48675 | Hazel Grove to Manchester | AM interpeak,48683 -> 48675,48683,48675,Hazel Grove to Manchester,AM interpeak,E01005216,11.0,224.1299999999992,75,0.18490724999999933,544.0
48683 -> 48675 | Hazel Grove to Manchester | AM peak,48683 -> 48675,48683,48675,Hazel Grove to Manchester,AM peak,E01005216,18.0,224.1299999999992,75,0.30257549999999894,438.0
48683 -> 48675 | Hazel Grove to Manchester | Evening off-peak,48683 -> 48675,48683,48675,Hazel Grove to Manchester,Evening off-peak,E01005216,29.0,224.1299999999992,75,0.4874827499999982,259.0
48683 -> 48675 | Hazel Grove to Manchester | Night/Early morning off-peak,48683 -> 48675,48683,48675,Hazel Grove to Manchester,Night/Early morning off-peak,E01005216,41.0,224.1299999999992,75,0.6891997499999976,125.0
48683 -> 48675 | Hazel Grove to Manchester | PM interpeak,48683 -> 48675,48683,48675,Hazel Grove to Manchester,PM interpeak,E01005216,20.0,224.1300000000001,75,0.3361950000000002,408.0
48683 -> 48675 | Hazel Grove to Manchester | PM peak,48683 -> 48675,48683,48675,Hazel Grove to Manchester,PM peak,E01005216,28.0,224.1300000000001,75,0.47067300000000023,276.0
48686 -> 48683 | Hazel Grove to Manchester | AM interpeak,48686 -> 48683,48686,48683,Hazel Grove to Manchester,AM interpeak,E01005215,11.0,381.47699999999986,75,0.31471852499999986,428.0
48686 -> 48683 | Hazel Grove to Manchester | AM peak,48686 -> 48683,48686,48683,Hazel Grove to Manchester,AM peak,E01005215,18.5,381.47699999999986,75,0.5292993374999998,231.0
48686 -> 48683 | Hazel Grove to Manchester | Evening off-peak,48686 -> 48683,48686,48683,Hazel Grove to Manchester,Evening off-peak,E01005215,28.0,381.47700000000077,75,0.8011017000000017,85.0
48686 -> 48683 | Hazel Grove to Manchester | Night/Early morning off-peak,48686 -> 48683,48686,48683,Hazel Grove to Manchester,Night/Early morning off-peak,E01005215,38.900000000000006,381.47699999999986,75,1.1129591474999998,32.0
48686 -> 48683 | Hazel Grove to Manchester | PM interpeak,48686 -> 48683,48686,48683,Hazel Grove to Manchester,PM interpeak,E01005215,20.10000000000001,381.47600000000057,75,0.5750750700000011,203.0
48686 -> 48683 | Hazel Grove to Manchester | PM peak,48686 -> 48683,48686,48683,Hazel Grove to Manchester,PM peak,E01005215,29.0,381.47600000000057,75,0.8297103000000012,76.0
48831 -> 50410 | Hazel Grove to Manchester | AM interpeak,48831 -> 50410,48831,50410,Hazel Grove to Manchester,AM interpeak,E01005234,9.0,496.5589999999993,75,0.3351773249999995,409.0
48831 -> 50410 | Hazel Grove to Manchester | AM peak,48831 -> 50410,48831,50410,Hazel Grove to Manchester,AM peak,E01005234,16.0,496.5589999999993,75,0.5958707999999991,185.0
48831 -> 50410 | Hazel Grove to Manchester | Evening off-peak,48831 -> 50410,48831,50410,Hazel Grove to Manchester,Evening off-peak,E01005234,27.0,496.5589999999993,75,1.0055319749999985,47.0
48831 -> 50410 | Hazel Grove to Manchester | Night/Early morning off-peak,48831 -> 50410,48831,50410,Hazel Grove to Manchester,Night/Early morning off-peak,E01005234,38.2,496.5589999999993,75,1.4226415349999981,16.0
48831 -> 50410 | Hazel Grove to Manchester | PM interpeak,48831 -> 50410,48831,50410,Hazel Grove to Manchester,PM interpeak,E01005234,20.200000000000003,496.5589999999993,75,0.752286884999999,104.0
48831 -> 50410 | Hazel Grove to Manchester | PM peak,48831 -> 50410,48831,50410,Hazel Grove to Manchester,PM peak,E01005234,27.200000000000017,496.5589999999993,75,1.0129803599999991,44.0
48833 -> 48837 | Manchester to Hazel Grove | AM interpeak,48833 -> 48837,48833,48837,Manchester to Hazel Grove,AM interpeak,E01005234,11.0,222.3729999999996,75,0.18345772499999963,547.0
48833 -> 48837 | Manchester to Hazel Grove | AM peak,48833 -> 48837,48833,48837,Manchester to Hazel Grove,AM peak,E01005234,56.900000000000006,222.3729999999996,75,0.9489767774999983,51.0
48833 -> 48837 | Manchester to Hazel Grove | Evening off-peak,48833 -> 48837,48833,48837,Manchester to Hazel Grove,Evening off-peak,E01005234,15.0,222.3729999999996,75,0.25016962499999956,490.0
48833 -> 48837 | Manchester to Hazel Grove | Night/Early morning off-peak,48833 -> 48837,48833,48837,Manchester to Hazel Grove,Night/Early morning off-peak,E01005234,24.0,222.3729999999996,75,0.4002713999999993,335.0
48833 -> 48837 | Manchester to Hazel Grove | PM interpeak,48833 -> 48837,48833,48837,Manchester to Hazel Grove,PM interpeak,E01005234,43.0,222.3729999999996,75,0.7171529249999987,112.0
48833 -> 48837 | Manchester to Hazel Grove | PM peak,48833 -> 48837,48833,48837,Manchester to Hazel Grove,PM peak,E01005234,42.80000000000001,222.3729999999996,75,0.7138173299999988,113.0
48835 -> 48831 | Hazel Grove to Manchester | AM interpeak,48835 -> 48831,48835,48831,Hazel Grove to Manchester,AM interpeak,E01005234,9.0,185.8130000000001,75,0.12542377500000007,589.0
48835 -> 48831 | Hazel Grove to Manchester | AM peak,48835 -> 48831,48835,48831,Hazel Grove to Manchester,AM peak,E01005234,16.0,185.8130000000001,75,0.22297560000000013,518.0
48835 -> 48831 | Hazel Grove to Manchester | Evening off-peak,48835 -> 48831,48835,48831,Hazel Grove to Manchester,Evening off-peak,E01005234,27.10000000000001,185.8130000000001,75,0.37766492250000033,368.0
48835 -> 48831 | Hazel Grove to Manchester | Night/Early morning off-peak,48835 -> 48831,48835,48831,Hazel Grove to Manchester,Night/Early morning off-peak,E01005234,41.0,185.8130000000001,75,0.5713749750000003,209.0
48835 -> 48831 | Hazel Grove to Manchester | PM interpeak,48835 -> 48831,48835,48831,Hazel Grove to Manchester,PM interpeak,E01005234,20.0,185.8130000000001,75,0.2787195000000002,456.0
48835 -> 48831 | Hazel Grove to Manchester | PM peak,48835 -> 48831,48835,48831,Hazel Grove to Manchester,PM peak,E01005234,27.0,185.8130000000001,75,0.3762713250000002,370.0
48837 -> 48657 | Manchester to Hazel Grove | AM interpeak,48837 -> 48657,48837,48657,Manchester to Hazel Grove,AM interpeak,E01034137,12.0,377.8609999999999,75,0.3400748999999999,405.0
48837 -> 48657 | Manchester to Hazel Grove | AM peak,48837 -> 48657,48837,48657,Manchester to Hazel Grove,AM peak,E01034137,58.900000000000006,377.8609999999999,75,1.6692009674999997,6.0
48837 -> 48657 | Manchester to Hazel Grove | Evening off-peak,48837 -> 48657,48837,48657,Manchester to Hazel Grove,Evening off-peak,E01034137,15.0,377.8609999999999,75,0.42509362499999986,314.0
48837 -> 48657 | Manchester to Hazel Grove | Night/Early morning off-peak,48837 -> 48657,48837,48657,Manchester to Hazel Grove,Night/Early morning off-peak,E01034137,23.799999999999997,377.8609999999999,75,0.6744818849999997,134.0
48837 -> 48657 | Manchester to Hazel Grove | PM interpeak,48837 -> 48657,48837,48657,Manchester to Hazel Grove,PM interpeak,E01034137,46.5,377.8609999999999,75,1.3177902374999995,19.0
48837 -> 48657 | Manchester to Hazel Grove | PM peak,48837 -> 48657,48837,48657,Manchester to Hazel Grove,PM peak,E01034137,44.0,377.8609999999999,75,1.2469412999999996,21.0
50410 -> 50414 | Hazel Grove to Manchester | AM interpeak,50410 -> 50414,50410,50414,Hazel Grove to Manchester,AM interpeak,E01005232,9.0,331.66799999999967,75,0.2238758999999998,517.0
50410 -> 50414 | Hazel Grove to Manchester | AM peak,50410 -> 50414,50410,50414,Hazel Grove to Manchester,AM peak,E01005232,17.0,331.66799999999967,75,0.4228766999999995,317.0
50410 -> 50414 | Hazel Grove to Manchester | Evening off-peak,50410 -> 50414,50410,50414,Hazel Grove to Manchester,Evening off-peak,E01005232,26.900000000000006,331.66799999999967,75,0.6691401899999995,138.0
50410 -> 50414 | Hazel Grove to Manchester | Night/Early morning off-peak,50410 -> 50414,50410,50414,Hazel Grove to Manchester,Night/Early morning off-peak,E01005232,38.10000000000001,331.66799999999967,75,0.9477413099999992,52.0
50410 -> 50414 | Hazel Grove to Manchester | PM interpeak,50410 -> 50414,50410,50414,Hazel Grove to Manchester,PM interpeak,E01005232,20.0,331.6680000000001,75,0.49750200000000017,252.0
50410 -> 50414 | Hazel Grove to Manchester | PM peak,50410 -> 50414,50410,50414,Hazel Grove to Manchester,PM peak,E01005232,25.0,331.6680000000006,75,0.6218775000000011,171.0
50414 -> 50416 | Hazel Grove to Manchester | AM interpeak,50414 -> 50416,50414,50416,Hazel Grove to Manchester,AM interpeak,E01034119,9.0,189.02399999999943,75,0.12759119999999963,586.0
50414 -> 50416 | Hazel Grove to Manchester | AM peak,50414 -> 50416,50414,50416,Hazel Grove to Manchester,AM peak,E01034119,17.0,189.02399999999943,75,0.24100559999999924,499.0
50414 -> 50416 | Hazel Grove to Manchester | Evening off-peak,50414 -> 50416,50414,50416,Hazel Grove to Manchester,Evening off-peak,E01034119,26.0,189.02400000000125,75,0.36859680000000244,383.0
50414 -> 50416 | Hazel Grove to Manchester | Night/Early morning off-peak,50414 -> 50416,50414,50416,Hazel Grove to Manchester,Night/Early morning off-peak,E01034119,37.599999999999994,189.02399999999943,75,0.5330476799999984,224.0
50414 -> 50416 | Hazel Grove to Manchester | PM interpeak,50414 -> 50416,50414,50416,Hazel Grove to Manchester,PM interpeak,E01034119,20.200000000000003,189.02399999999943,75,0.2863713599999992,452.0
50414 -> 50416 | Hazel Grove to Manchester | PM peak,50414 -> 50416,50414,50416,Hazel Grove to Manchester,PM peak,E01034119,25.200000000000017,189.02399999999943,75,0.3572553599999992,393.0
50416 -> 50418 | Hazel Grove to Manchester | AM interpeak,50416 -> 50418,50416,50418,Hazel Grove to Manchester,AM interpeak,E01034119,8.0,196.97199999999975,75,0.11818319999999985,601.0
50416 -> 50418 | Hazel Grove to Manchester | AM peak,50416 -> 50418,50416,50418,Hazel Grove to Manchester,AM peak,E01034119,17.200000000000003,196.97199999999975,75,0.2540938799999997,484.0
50416 -> 50418 | Hazel Grove to Manchester | Evening off-peak,50416 -> 50418,50416,50418,Hazel Grove to Manchester,Evening off-peak,E01034119,26.0,196.97199999999975,75,0.38409539999999953,363.0
50416 -> 50418 | Hazel Grove to Manchester | Night/Early morning off-peak,50416 -> 50418,50416,50418,Hazel Grove to Manchester,Night/Early morning off-peak,E01034119,36.0,196.97199999999975,75,0.5318243999999994,226.0
50416 -> 50418 | Hazel Grove to Manchester | PM interpeak,50416 -> 50418,50416,50418,Hazel Grove to Manchester,PM interpeak,E01034119,22.0,196.97199999999975,75,0.32500379999999957,418.0
50416 -> 50418 | Hazel Grove to Manchester | PM peak,50416 -> 50418,50416,50418,Hazel Grove to Manchester,PM peak,E01034119,24.099999999999994,196.97199999999975,75,0.3560268899999995,394.0
50418 -> 50420 | Hazel Grove to Manchester | AM interpeak,50418 -> 50420,50418,50420,Hazel Grove to Manchester,AM interpeak,E01005063,8.0,305.6999999999989,75,0.18341999999999933,548.0
50418 -> 50420 | Hazel Grove to Manchester | AM peak,50418 -> 50420,50418,50420,Hazel Grove to Manchester,AM peak,E01005063,17.0,305.6999999999989,75,0.38976749999999855,354.0
50418 -> 50420 | Hazel Grove to Manchester | Evening off-peak,50418 -> 50420,50418,50420,Hazel Grove to Manchester,Evening off-peak,E01005063,25.900000000000006,305.6999999999989,75,0.593822249999998,190.0
50418 -> 50420 | Hazel Grove to Manchester | Night/Early morning off-peak,50418 -> 50420,50418,50420,Hazel Grove to Manchester,Night/Early morning off-peak,E01005063,34.2,305.6999999999989,75,0.7841204999999971,89.0
50418 -> 50420 | Hazel Grove to Manchester | PM interpeak,50418 -> 50420,50418,50420,Hazel Grove to Manchester,PM interpeak,E01005063,21.0,305.6999999999998,75,0.48147749999999967,266.0
50418 -> 50420 | Hazel Grove to Manchester | PM peak,50418 -> 50420,50418,50420,Hazel Grove to Manchester,PM peak,E01005063,23.200000000000017,305.7000000000007,75,0.5319180000000017,225.0
50420 -> 50422 | Hazel Grove to Manchester | AM interpeak,50420 -> 50422,50420,50422,Hazel Grove to Manchester,AM interpeak,E01005063,7.800000000000011,250.82600000000093,75,0.14673321000000078,576.0
50420 -> 50422 | Hazel Grove to Manchester | AM peak,50420 -> 50422,50420,50422,Hazel Grove to Manchester,AM peak,E01005063,17.0,250.82600000000093,75,0.31980315000000115,424.0
50420 -> 50422 | Hazel Grove to Manchester | Evening off-peak,50420 -> 50422,50420,50422,Hazel Grove to Manchester,Evening off-peak,E01005063,24.200000000000003,250.82600000000093,75,0.45524919000000175,281.0
50420 -> 50422 | Hazel Grove to Manchester | Night/Early morning off-peak,50420 -> 50422,50420,50422,Hazel Grove to Manchester,Night/Early morning off-peak,E01005063,33.599999999999994,250.82600000000093,75,0.6320815200000023,164.0
50420 -> 50422 | Hazel Grove to Manchester | PM interpeak,50420 -> 50422,50420,50422,Hazel Grove to Manchester,PM interpeak,E01005063,22.0,250.82600000000093,75,0.4138629000000015,324.0
50420 -> 50422 | Hazel Grove to Manchester | PM peak,50420 -> 50422,50420,50422,Hazel Grove to Manchester,PM peak,E01005063,23.0,250.82600000000002,75,0.43267485000000006,305.0
50422 -> 50428 | Hazel Grove to Manchester | AM interpeak,50422 -> 50428,50422,50428,Hazel Grove to Manchester,AM interpeak,E01005063,7.0,302.8600000000006,75,0.1590015000000003,568.0
50422 -> 50428 | Hazel Grove to Manchester | AM peak,50422 -> 50428,50422,50428,Hazel Grove to Manchester,AM peak,E01005063,17.599999999999994,302.8600000000006,75,0.39977520000000066,336.0
50422 -> 50428 | Hazel Grove to Manchester | Evening off-peak,50422 -> 50428,50422,50428,Hazel Grove to Manchester,Evening off-peak,E01005063,24.200000000000003,302.8600000000006,75,0.5496909000000011,218.0
50422 -> 50428 | Hazel Grove to Manchester | Night/Early morning off-peak,50422 -> 50428,50422,50428,Hazel Grove to Manchester,Night/Early morning off-peak,E01005063,35.8,302.8600000000006,75,0.8131791000000015,82.0
50422 -> 50428 | Hazel Grove to Manchester | PM interpeak,50422 -> 50428,50422,50428,Hazel Grove to Manchester,PM interpeak,E01005063,23.0,302.8600000000006,75,0.522433500000001,236.0
50422 -> 50428 | Hazel Grove to Manchester | PM peak,50422 -> 50428,50422,50428,Hazel Grove to Manchester,PM peak,E01005063,23.0,302.8600000000006,75,0.522433500000001,236.0
50424 -> 50430 | Manchester to Hazel Grove | AM interpeak,50424 -> 50430,50424,50430,Manchester to Hazel Grove,AM interpeak,E01005065,6.0,302.961,75,0.13633245000000002,583.0
50424 -> 50430 | Manchester to Hazel Grove | AM peak,50424 -> 50430,50424,50430,Manchester to Hazel Grove,AM peak,E01005065,27.0,302.961,75,0.613496025,176.0
50424 -> 50430 | Manchester to Hazel Grove | Evening off-peak,50424 -> 50430,50424,50430,Manchester to Hazel Grove,Evening off-peak,E01005065,8.0,302.961,75,0.1817766,549.0
50424 -> 50430 | Manchester to Hazel Grove | Night/Early morning off-peak,50424 -> 50430,50424,50430,Manchester to Hazel Grove,Night/Early morning off-peak,E01005065,14.0,302.961,75,0.31810905,427.0
50424 -> 50430 | Manchester to Hazel Grove | PM interpeak,50424 -> 50430,50424,50430,Manchester to Hazel Grove,PM interpeak,E01005065,23.400000000000006,302.961,75,0.5316965550000002,227.0
50424 -> 50430 | Manchester to Hazel Grove | PM peak,50424 -> 50430,50424,50430,Manchester to Hazel Grove,PM peak,E01005065,23.0,302.961,75,0.5226077250000001,235.0
50426 -> 54156 | Hazel Grove to Manchester | AM interpeak,50426 -> 54156,50426,54156,Hazel Grove to Manchester,AM interpeak,E01005065,7.0,273.14600000000064,75,0.14340165000000032,579.0
50426 -> 54156 | Hazel Grove to Manchester | AM peak,50426 -> 54156,50426,54156,Hazel Grove to Manchester,AM peak,E01005065,19.0,273.14600000000064,75,0.3892330500000009,357.0
50426 -> 54156 | Hazel Grove to Manchester | Evening off-peak,50426 -> 54156,50426,54156,Hazel Grove to Manchester,Evening off-peak,E01005065,22.0,273.14600000000064,75,0.450690900000001,285.0
50426 -> 54156 | Hazel Grove to Manchester | Night/Early morning off-peak,50426 -> 54156,50426,54156,Hazel Grove to Manchester,Night/Early morning off-peak,E01005065,33.900000000000006,273.14600000000064,75,0.6944737050000017,124.0
50426 -> 54156 | Hazel Grove to Manchester | PM interpeak,50426 -> 54156,50426,54156,Hazel Grove to Manchester,PM interpeak,E01005065,22.200000000000003,273.14600000000064,75,0.45478809000000114,282.0
50426 -> 54156 | Hazel Grove to Manchester | PM peak,50426 -> 54156,50426,54156,Hazel Grove to Manchester,PM peak,E01005065,22.0,273.14600000000064,75,0.450690900000001,285.0
50428 -> 50426 | Hazel Grove to Manchester | AM interpeak,50428 -> 50426,50428,50426,Hazel Grove to Manchester,AM interpeak,E01005065,7.0,292.6129999999994,75,0.15362182499999968,574.0
50428 -> 50426 | Hazel Grove to Manchester | AM peak,50428 -> 50426,50428,50426,Hazel Grove to Manchester,AM peak,E01005065,19.5,292.6129999999994,75,0.4279465124999991,312.0
50428 -> 50426 | Hazel Grove to Manchester | Evening off-peak,50428 -> 50426,50428,50426,Hazel Grove to Manchester,Evening off-peak,E01005065,24.0,292.6129999999994,75,0.5267033999999988,233.0
50428 -> 50426 | Hazel Grove to Manchester | Night/Early morning off-peak,50428 -> 50426,50428,50426,Hazel Grove to Manchester,Night/Early morning off-peak,E01005065,32.900000000000006,292.6129999999994,75,0.7220225774999985,111.0
50428 -> 50426 | Hazel Grove to Manchester | PM interpeak,50428 -> 50426,50428,50426,Hazel Grove to Manchester,PM interpeak,E01005065,23.0,292.6129999999994,75,0.504757424999999,245.0
50428 -> 50426 | Hazel Grove to Manchester | PM peak,50428 -> 50426,50428,50426,Hazel Grove to Manchester,PM peak,E01005065,22.0,292.6129999999994,75,0.482811449999999,263.0
50430 -> 50432 | Manchester to Hazel Grove | AM interpeak,50430 -> 50432,50430,50432,Manchester to Hazel Grove,AM interpeak,E01005063,7.0,297.3700000000001,75,0.15611925000000007,570.0
50430 -> 50432 | Manchester to Hazel Grove | AM peak,50430 -> 50432,50430,50432,Manchester to Hazel Grove,AM peak,E01005063,30.200000000000017,297.3700000000001,75,0.6735430500000007,135.0
50430 -> 50432 | Manchester to Hazel Grove | Evening off-peak,50430 -> 50432,50430,50432,Manchester to Hazel Grove,Evening off-peak,E01005063,9.0,297.3700000000001,75,0.2007247500000001,529.0
50430 -> 50432 | Manchester to Hazel Grove | Night/Early morning off-peak,50430 -> 50432,50430,50432,Manchester to Hazel Grove,Night/Early morning off-peak,E01005063,16.60000000000001,297.3700000000001,75,0.37022565000000035,381.0
50430 -> 50432 | Manchester to Hazel Grove | PM interpeak,50430 -> 50432,50430,50432,Manchester to Hazel Grove,PM interpeak,E01005063,27.0,297.3700000000001,75,0.6021742500000002,181.0
50430 -> 50432 | Manchester to Hazel Grove | PM peak,50430 -> 50432,50430,50432,Manchester to Hazel Grove,PM peak,E01005063,25.900000000000006,297.3700000000001,75,0.5776412250000004,198.0
50432 -> 50434 | Manchester to Hazel Grove | AM interpeak,50432 -> 50434,50432,50434,Manchester to Hazel Grove,AM interpeak,E01005063,8.0,239.0590000000002,75,0.1434354000000001,578.0
50432 -> 50434 | Manchester to Hazel Grove | AM peak,50432 -> 50434,50432,50434,Manchester to Hazel Grove,AM peak,E01005063,34.599999999999994,239.0590000000002,75,0.6203581050000004,172.0
50432 -> 50434 | Manchester to Hazel Grove | Evening off-peak,50432 -> 50434,50432,50434,Manchester to Hazel Grove,Evening off-peak,E01005063,9.600000000000009,239.0590000000002,75,0.17212248000000027,560.0
50432 -> 50434 | Manchester to Hazel Grove | Night/Early morning off-peak,50432 -> 50434,50432,50434,Manchester to Hazel Grove,Night/Early morning off-peak,E01005063,18.0,239.0590000000002,75,0.32272965000000026,421.0
50432 -> 50434 | Manchester to Hazel Grove | PM interpeak,50432 -> 50434,50432,50434,Manchester to Hazel Grove,PM interpeak,E01005063,29.400000000000006,239.0590000000002,75,0.5271250950000006,232.0
50432 -> 50434 | Manchester to Hazel Grove | PM peak,50432 -> 50434,50432,50434,Manchester to Hazel Grove,PM peak,E01005063,29.0,239.0590000000002,75,0.5199533250000004,242.0
50434 -> 50436 | Manchester to Hazel Grove | AM interpeak,50434 -> 50436,50434,50436,Manchester to Hazel Grove,AM interpeak,E01005239,9.0,283.06899999999996,75,0.191071575,541.0
50434 -> 50436 | Manchester to Hazel Grove | AM peak,50434 -> 50436,50434,50436,Manchester to Hazel Grove,AM peak,E01005239,40.599999999999994,283.06899999999996,75,0.8619451049999998,70.0
50434 -> 50436 | Manchester to Hazel Grove | Evening off-peak,50434 -> 50436,50434,50436,Manchester to Hazel Grove,Evening off-peak,E01005239,10.600000000000009,283.06899999999996,75,0.22503985500000015,515.0
50434 -> 50436 | Manchester to Hazel Grove | Night/Early morning off-peak,50434 -> 50436,50434,50436,Manchester to Hazel Grove,Night/Early morning off-peak,E01005239,20.60000000000001,283.06899999999996,75,0.43734160500000013,303.0
50434 -> 50436 | Manchester to Hazel Grove | PM interpeak,50434 -> 50436,50434,50436,Manchester to Hazel Grove,PM interpeak,E01005239,32.0,283.06899999999996,75,0.6793655999999999,129.0
50434 -> 50436 | Manchester to Hazel Grove | PM peak,50434 -> 50436,50434,50436,Manchester to Hazel Grove,PM peak,E01005239,32.80000000000001,283.06899999999996,75,0.6963497400000002,122.0
50436 -> 50438 | Manchester to Hazel Grove | AM interpeak,50436 -> 50438,50436,50438,Manchester to Hazel Grove,AM interpeak,E01005239,10.0,309.6189999999997,75,0.23221424999999976,511.0
50436 -> 50438 | Manchester to Hazel Grove | AM peak,50436 -> 50438,50436,50438,Manchester to Hazel Grove,AM peak,E01005239,45.0,309.6189999999997,75,1.044964124999999,42.0
50436 -> 50438 | Manchester to Hazel Grove | Evening off-peak,50436 -> 50438,50436,50438,Manchester to Hazel Grove,Evening off-peak,E01005239,11.0,309.6189999999997,75,0.2554356749999997,483.0
50436 -> 50438 | Manchester to Hazel Grove | Night/Early morning off-peak,50436 -> 50438,50436,50438,Manchester to Hazel Grove,Night/Early morning off-peak,E01005239,20.0,309.6189999999997,75,0.4644284999999995,277.0
50436 -> 50438 | Manchester to Hazel Grove | PM interpeak,50436 -> 50438,50436,50438,Manchester to Hazel Grove,PM interpeak,E01005239,34.0,309.6189999999997,75,0.7895284499999992,88.0
50436 -> 50438 | Manchester to Hazel Grove | PM peak,50436 -> 50438,50436,50438,Manchester to Hazel Grove,PM peak,E01005239,35.80000000000001,309.6189999999997,75,0.8313270149999995,75.0
50438 -> 50442 | Manchester to Hazel Grove | AM interpeak,50438 -> 50442,50438,50442,Manchester to Hazel Grove,AM interpeak,E01005239,10.0,407.18499999999995,75,0.30538875,435.0
50438 -> 50442 | Manchester to Hazel Grove | AM peak,50438 -> 50442,50438,50442,Manchester to Hazel Grove,AM peak,E01005239,47.900000000000006,407.18499999999995,75,1.4628121125,14.0
50438 -> 50442 | Manchester to Hazel Grove | Evening off-peak,50438 -> 50442,50438,50442,Manchester to Hazel Grove,Evening off-peak,E01005239,13.0,407.18499999999995,75,0.39700537499999994,344.0
50438 -> 50442 | Manchester to Hazel Grove | Night/Early morning off-peak,50438 -> 50442,50438,50442,Manchester to Hazel Grove,Night/Early morning off-peak,E01005239,22.0,407.18499999999995,75,0.6718552499999998,137.0
50438 -> 50442 | Manchester to Hazel Grove | PM interpeak,50438 -> 50442,50438,50442,Manchester to Hazel Grove,PM interpeak,E01005239,37.80000000000001,407.18499999999995,75,1.1543694750000002,28.0
50438 -> 50442 | Manchester to Hazel Grove | PM peak,50438 -> 50442,50438,50442,Manchester to Hazel Grove,PM peak,E01005239,39.0,407.18499999999995,75,1.191016125,26.0
50442 -> 48833 | Manchester to Hazel Grove | AM interpeak,50442 -> 48833,50442,48833,Manchester to Hazel Grove,AM interpeak,E01005232,11.0,504.5060000000003,75,0.4162174500000002,322.0
50442 -> 48833 | Manchester to Hazel Grove | AM peak,50442 -> 48833,50442,48833,Manchester to Hazel Grove,AM peak,E01005232,56.0,504.5060000000003,75,2.1189252000000014,2.0
50442 -> 48833 | Manchester to Hazel Grove | Evening off-peak,50442 -> 48833,50442,48833,Manchester to Hazel Grove,Evening off-peak,E01005232,14.0,504.5060000000003,75,0.5297313000000003,229.0
50442 -> 48833 | Manchester to Hazel Grove | Night/Early morning off-peak,50442 -> 48833,50442,48833,Manchester to Hazel Grove,Night/Early morning off-peak,E01005232,23.0,504.5060000000003,75,0.8702728500000007,67.0
50442 -> 48833 | Manchester to Hazel Grove | PM interpeak,50442 -> 48833,50442,48833,Manchester to Hazel Grove,PM interpeak,E01005232,41.0,504.5060000000003,75,1.551355950000001,11.0
50442 -> 48833 | Manchester to Hazel Grove | PM peak,50442 -> 48833,50442,48833,Manchester to Hazel Grove,PM peak,E01005232,40.80000000000001,504.5060000000003,75,1.5437883600000013,12.0
50826 -> 129934 | Hazel Grove to Manchester | AM interpeak,50826 -> 129934,50826,129934,Hazel Grove to Manchester,AM interpeak,E01033654,6.0,371.98199999999997,75,0.16739189999999998,566.0
50826 -> 129934 | Hazel Grove to Manchester | AM peak,50826 -> 129934,50826,129934,Hazel Grove to Manchester,AM peak,E01033654,19.799999999999997,371.98199999999997,75,0.5523932699999999,215.0
50826 -> 129934 | Hazel Grove to Manchester | Evening off-peak,50826 -> 129934,50826,129934,Hazel Grove to Manchester,Evening off-peak,E01033654,20.60000000000001,371.98199999999997,75,0.5747121900000002,204.0
50826 -> 129934 | Hazel Grove to Manchester | Night/Early morning off-peak,50826 -> 129934,50826,129934,Hazel Grove to Manchester,Night/Early morning off-peak,E01033654,32.0,371.98199999999997,75,0.8927567999999999,62.0
50826 -> 129934 | Hazel Grove to Manchester | PM interpeak,50826 -> 129934,50826,129934,Hazel Grove to Manchester,PM interpeak,E01033654,23.200000000000003,371.98199999999997,75,0.64724868,150.0
50826 -> 129934 | Hazel Grove to Manchester | PM peak,50826 -> 129934,50826,129934,Hazel Grove to Manchester,PM peak,E01033654,19.0,371.98199999999997,75,0.53007435,228.0
54150 -> 48350 | Hazel Grove to Manchester | AM interpeak,54150 -> 48350,54150,48350,Hazel Grove to Manchester,AM interpeak,E01005065,6.0,430.6170000000002,75,0.19377765000000008,537.0
54150 -> 48350 | Hazel Grove to Manchester | AM peak,54150 -> 48350,54150,48350,Hazel Grove to Manchester,AM peak,E01005065,19.60000000000001,430.6170000000002,75,0.6330069900000005,162.0
54150 -> 48350 | Hazel Grove to Manchester | Evening off-peak,54150 -> 48350,54150,48350,Hazel Grove to Manchester,Evening off-peak,E01005065,21.0,430.6170000000002,75,0.6782217750000004,131.0
54150 -> 48350 | Hazel Grove to Manchester | Night/Early morning off-peak,54150 -> 48350,54150,48350,Hazel Grove to Manchester,Night/Early morning off-peak,E01005065,33.20000000000002,430.6170000000002,75,1.072236330000001,39.0
54150 -> 48350 | Hazel Grove to Manchester | PM interpeak,54150 -> 48350,54150,48350,Hazel Grove to Manchester,PM interpeak,E01005065,22.0,430.6170000000002,75,0.7105180500000002,116.0
54150 -> 48350 | Hazel Grove to Manchester | PM peak,54150 -> 48350,54150,48350,Hazel Grove to Manchester,PM peak,E01005065,20.0,430.6170000000002,75,0.6459255000000003,152.0
54154 -> 50424 | Manchester to Hazel Grove | AM interpeak,54154 -> 50424,54154,50424,Manchester to Hazel Grove,AM interpeak,E01005065,5.0,472.6109999999999,75,0.17722912499999996,554.0
54154 -> 50424 | Manchester to Hazel Grove | AM peak,54154 -> 50424,54154,50424,Manchester to Hazel Grove,AM peak,E01005065,21.400000000000006,472.6109999999999,75,0.758540655,100.0
54154 -> 50424 | Manchester to Hazel Grove | Evening off-peak,54154 -> 50424,54154,50424,Manchester to Hazel Grove,Evening off-peak,E01005065,7.0,472.6109999999999,75,0.24812077499999996,491.0
54154 -> 50424 | Manchester to Hazel Grove | Night/Early morning off-peak,54154 -> 50424,54154,50424,Manchester to Hazel Grove,Night/Early morning off-peak,E01005065,12.700000000000003,472.6109999999999,75,0.4501619775,287.0
54154 -> 50424 | Manchester to Hazel Grove | PM interpeak,54154 -> 50424,54154,50424,Manchester to Hazel Grove,PM interpeak,E01005065,19.0,472.6109999999999,75,0.6734706749999998,136.0
54154 -> 50424 | Manchester to Hazel Grove | PM peak,54154 -> 50424,54154,50424,Manchester to Hazel Grove,PM peak,E01005065,18.80000000000001,472.6109999999999,75,0.6663815100000001,139.0
54156 -> 54150 | Hazel Grove to Manchester | AM interpeak,54156 -> 54150,54156,54150,Hazel Grove to Manchester,AM interpeak,E01005065,7.0,251.012999999999,75,0.1317818249999995,584.0
54156 -> 54150 | Hazel Grove to Manchester | AM peak,54156 -> 54150,54156,54150,Hazel Grove to Manchester,AM peak,E01005065,20.0,251.012999999999,75,0.3765194999999985,369.0
54156 -> 54150 | Hazel Grove to Manchester | Evening off-peak,54156 -> 54150,54156,54150,Hazel Grove to Manchester,Evening off-peak,E01005065,21.0,251.012999999999,75,0.39534547499999845,347.0
54156 -> 54150 | Hazel Grove to Manchester | Night/Early morning off-peak,54156 -> 54150,54156,54150,Hazel Grove to Manchester,Night/Early morning off-peak,E01005065,35.0,251.012999999999,75,0.6589091249999974,146.0
54156 -> 54150 | Hazel Grove to Manchester | PM interpeak,54156 -> 54150,54156,54150,Hazel Grove to Manchester,PM interpeak,E01005065,22.0,251.012999999999,75,0.41417144999999833,323.0
54156 -> 54150 | Hazel Grove to Manchester | PM peak,54156 -> 54150,54156,54150,Hazel Grove to Manchester,PM peak,E01005065,20.200000000000017,251.012999999999,75,0.38028469499999884,364.0
133001 -> 135632 | Manchester to Hazel Grove | AM interpeak,133001 -> 135632,133001,135632,Manchester to Hazel Grove,AM interpeak,E01005869,25.0,252.27700000000004,85,0.5360886250000001,273.0
133001 -> 135632 | Manchester to Hazel Grove | AM peak,133001 -> 135632,133001,135632,Manchester to Hazel Grove,AM peak,E01005869,69.3,252.27700000000004,85,1.4860376685000003,20.0
133001 -> 135632 | Manchester to Hazel Grove | Evening off-peak,133001 -> 135632,133001,135632,Manchester to Hazel Grove,Evening off-peak,E01005869,14.0,252.27700000000004,85,0.30020963000000006,472.0
133001 -> 135632 | Manchester to Hazel Grove | Night/Early morning off-peak,133001 -> 135632,133001,135632,Manchester to Hazel Grove,Night/Early morning off-peak,E01005869,26.0,252.27700000000004,85,0.5575321700000001,257.0
133001 -> 135632 | Manchester to Hazel Grove | PM interpeak,133001 -> 135632,133001,135632,Manchester to Hazel Grove,PM interpeak,E01005869,46.60000000000001,252.27700000000004,85,0.9992691970000003,63.0
133001 -> 135632 | Manchester to Hazel Grove | PM peak,133001 -> 135632,133001,135632,Manchester to Hazel Grove,PM peak,E01005869,40.0,252.27700000000004,85,0.8577418000000001,101.0
133049 -> 135665 | Manchester to Hazel Grove | AM interpeak,133049 -> 135665,133049,135665,Manchester to Hazel Grove,AM interpeak,E01005874,27.0,214.71799999999894,85,0.49277780999999754,304.0
133049 -> 135665 | Manchester to Hazel Grove | AM peak,133049 -> 135665,133049,135665,Manchester to Hazel Grove,AM peak,E01005874,41.900000000000006,214.71799999999894,85,0.7647181569999963,133.0
133049 -> 135665 | Manchester to Hazel Grove | Evening off-peak,133049 -> 135665,133049,135665,Manchester to Hazel Grove,Evening off-peak,E01005874,11.0,214.71799999999894,85,0.20076132999999902,555.0
133049 -> 135665 | Manchester to Hazel Grove | Night/Early morning off-peak,133049 -> 135665,133049,135665,Manchester to Hazel Grove,Night/Early morning off-peak,E01005874,15.600000000000009,214.71799999999894,85,0.28471606799999877,488.0
133049 -> 135665 | Manchester to Hazel Grove | PM interpeak,133049 -> 135665,133049,135665,Manchester to Hazel Grove,PM interpeak,E01005874,30.0,214.71799999999894,85,0.5475308999999973,262.0
133049 -> 135665 | Manchester to Hazel Grove | PM peak,133049 -> 135665,133049,135665,Manchester to Hazel Grove,PM peak,E01005874,24.400000000000006,214.71799999999894,85,0.44532513199999785,350.0
133230 -> 133232 | Hazel Grove to Manchester | AM interpeak,133230 -> 133232,133230,133232,Hazel Grove to Manchester,AM interpeak,E01005866,12.0,308.5690000000004,85,0.31474038000000043,458.0
133230 -> 133232 | Hazel Grove to Manchester | AM peak,133230 -> 133232,133230,133232,Hazel Grove to Manchester,AM peak,E01005866,21.0,308.5699999999997,85,0.5507974499999995,260.0
133230 -> 133232 | Hazel Grove to Manchester | Evening off-peak,133230 -> 133232,133230,133232,Hazel Grove to Manchester,Evening off-peak,E01005866,27.0,308.5699999999997,85,0.7081681499999993,170.0
133230 -> 133232 | Hazel Grove to Manchester | Night/Early morning off-peak,133230 -> 133232,133230,133232,Hazel Grove to Manchester,Night/Early morning off-peak,E01005866,36.900000000000006,308.5699999999997,85,0.9678298049999992,73.0
133230 -> 133232 | Hazel Grove to Manchester | PM interpeak,133230 -> 133232,133230,133232,Hazel Grove to Manchester,PM interpeak,E01005866,19.10000000000001,308.5699999999997,85,0.5009633949999998,298.0
133230 -> 133232 | Hazel Grove to Manchester | PM peak,133230 -> 133232,133230,133232,Hazel Grove to Manchester,PM peak,E01005866,28.0,308.5699999999997,85,0.7343965999999993,149.0
133232 -> 133234 | Hazel Grove to Manchester | AM interpeak,133232 -> 133234,133232,133234,Hazel Grove to Manchester,AM interpeak,E01005869,12.0,236.08100000000013,85,0.24080262000000013,522.0
133232 -> 133234 | Hazel Grove to Manchester | AM peak,133232 -> 133234,133232,133234,Hazel Grove to Manchester,AM peak,E01005869,19.400000000000006,236.08100000000013,85,0.38929756900000034,403.0
133232 -> 133234 | Hazel Grove to Manchester | Evening off-peak,133232 -> 133234,133232,133234,Hazel Grove to Manchester,Evening off-peak,E01005869,27.0,236.08100000000013,85,0.5418058950000003,268.0
133232 -> 133234 | Hazel Grove to Manchester | Night/Early morning off-peak,133232 -> 133234,133232,133234,Hazel Grove to Manchester,Night/Early morning off-peak,E01005869,36.900000000000006,236.08100000000013,85,0.7404680565000005,147.0
133232 -> 133234 | Hazel Grove to Manchester | PM interpeak,133232 -> 133234,133232,133234,Hazel Grove to Manchester,PM interpeak,E01005869,20.0,236.08100000000013,85,0.4013377000000002,395.0
133232 -> 133234 | Hazel Grove to Manchester | PM peak,133232 -> 133234,133232,133234,Hazel Grove to Manchester,PM peak,E01005869,27.799999999999997,236.08100000000013,85,0.5578594030000001,256.0
133234 -> 48686 | Hazel Grove to Manchester | AM interpeak,133234 -> 48686,133234,48686,Hazel Grove to Manchester,AM interpeak,E01005869,12.0,275.3989999999999,85,0.28090697999999986,493.0
133234 -> 48686 | Hazel Grove to Manchester | AM peak,133234 -> 48686,133234,48686,Hazel Grove to Manchester,AM peak,E01005869,19.0,275.39899999999943,85,0.4447693849999991,352.0
133234 -> 48686 | Hazel Grove to Manchester | Evening off-peak,133234 -> 48686,133234,48686,Hazel Grove to Manchester,Evening off-peak,E01005869,27.299999999999997,275.39799999999923,85,0.6390610589999981,212.0
133234 -> 48686 | Hazel Grove to Manchester | Night/Early morning off-peak,133234 -> 48686,133234,48686,Hazel Grove to Manchester,Night/Early morning off-peak,E01005869,38.80000000000001,275.39899999999943,85,0.9082659019999983,84.0
133234 -> 48686 | Hazel Grove to Manchester | PM interpeak,133234 -> 48686,133234,48686,Hazel Grove to Manchester,PM interpeak,E01005869,20.0,275.39899999999943,85,0.468178299999999,326.0
133234 -> 48686 | Hazel Grove to Manchester | PM peak,133234 -> 48686,133234,48686,Hazel Grove to Manchester,PM peak,E01005869,27.700000000000017,275.39899999999943,85,0.648426945499999,207.0
133236 -> 133230 | Hazel Grove to Manchester | AM interpeak,133236 -> 133230,133236,133230,Hazel Grove to Manchester,AM interpeak,E01005866,12.0,271.4540000000002,85,0.27688308000000017,496.0
133236 -> 133230 | Hazel Grove to Manchester | AM peak,133236 -> 133230,133236,133230,Hazel Grove to Manchester,AM peak,E01005866,22.400000000000006,271.4539999999997,85,0.5168484159999995,280.0
133236 -> 133230 | Hazel Grove to Manchester | Evening off-peak,133236 -> 133230,133236,133230,Hazel Grove to Manchester,Evening off-peak,E01005866,26.0,271.4539999999997,85,0.5999133399999994,230.0
133236 -> 133230 | Hazel Grove to Manchester | Night/Early morning off-peak,133236 -> 133230,133236,133230,Hazel Grove to Manchester,Night/Early morning off-peak,E01005866,35.80000000000001,271.4539999999997,85,0.8260345219999995,108.0
133236 -> 133230 | Hazel Grove to Manchester | PM interpeak,133236 -> 133230,133236,133230,Hazel Grove to Manchester,PM interpeak,E01005866,19.10000000000001,271.4539999999997,85,0.44070556899999974,358.0
133236 -> 133230 | Hazel Grove to Manchester | PM peak,133236 -> 133230,133236,133230,Hazel Grove to Manchester,PM peak,E01005866,27.0,271.4539999999997,85,0.6229869299999994,217.0
134130 -> 135615 | Hazel Grove to Manchester | AM interpeak,134130 -> 135615,134130,135615,Hazel Grove to Manchester,AM interpeak,E01005797,17.0,237.61000000000013,85,0.3433464500000002,436.0
134130 -> 135615 | Hazel Grove to Manchester | AM peak,134130 -> 135615,134130,135615,Hazel Grove to Manchester,AM peak,E01005797,32.0,237.61000000000013,85,0.6462992000000004,210.0
134130 -> 135615 | Hazel Grove to Manchester | Evening off-peak,134130 -> 135615,134130,135615,Hazel Grove to Manchester,Evening off-peak,E01005797,15.0,237.61000000000013,85,0.30295275000000016,468.0
134130 -> 135615 | Hazel Grove to Manchester | Night/Early morning off-peak,134130 -> 135615,134130,135615,Hazel Grove to Manchester,Night/Early morning off-peak,E01005797,25.799999999999997,237.61000000000013,85,0.5210787300000002,279.0
134130 -> 135615 | Hazel Grove to Manchester | PM interpeak,134130 -> 135615,134130,135615,Hazel Grove to Manchester,PM interpeak,E01005797,21.0,237.60950000000003,85,0.4241329575,374.0
134130 -> 135615 | Hazel Grove to Manchester | PM peak,134130 -> 135615,134130,135615,Hazel Grove to Manchester,PM peak,E01005797,20.799999999999997,237.61000000000013,85,0.4200944800000002,378.0
134150 -> 135630 | Hazel Grove to Manchester | AM interpeak,134150 -> 135630,134150,135630,Hazel Grove to Manchester,AM interpeak,E01005838,14.899999999999999,237.07299999999987,85,0.3002529544999998,471.0
134150 -> 135630 | Hazel Grove to Manchester | AM peak,134150 -> 135630,134150,135630,Hazel Grove to Manchester,AM peak,E01005838,18.300000000000004,237.07299999999987,85,0.36876705149999994,417.0
134150 -> 135630 | Hazel Grove to Manchester | Evening off-peak,134150 -> 135630,134150,135630,Hazel Grove to Manchester,Evening off-peak,E01005838,9.600000000000009,237.07299999999987,85,0.19345156800000007,565.0
134150 -> 135630 | Hazel Grove to Manchester | Night/Early morning off-peak,134150 -> 135630,134150,135630,Hazel Grove to Manchester,Night/Early morning off-peak,E01005838,12.0,237.07299999999987,85,0.24181445999999984,520.0
134150 -> 135630 | Hazel Grove to Manchester | PM interpeak,134150 -> 135630,134150,135630,Hazel Grove to Manchester,PM interpeak,E01005838,16.4,237.07299999999987,85,0.33047976199999973,445.0
134150 -> 135630 | Hazel Grove to Manchester | PM peak,134150 -> 135630,134150,135630,Hazel Grove to Manchester,PM peak,E01005838,16.199999999999996,237.07299999999987,85,0.32644952099999974,450.0
134160 -> 134461 | Hazel Grove to Manchester | AM interpeak,134160 -> 134461,134160,134461,Hazel Grove to Manchester,AM interpeak,E01005917,17.0,236.89900000000034,85,0.3423190550000005,439.0
134160 -> 134461 | Hazel Grove to Manchester | AM peak,134160 -> 134461,134160,134461,Hazel Grove to Manchester,AM peak,E01005917,29.0,236.89900000000034,85,0.5839560350000008,244.0
134160 -> 134461 | Hazel Grove to Manchester | Evening off-peak,134160 -> 134461,134160,134461,Hazel Grove to Manchester,Evening off-peak,E01005917,19.0,236.89900000000034,85,0.3825918850000006,407.0
134160 -> 134461 | Hazel Grove to Manchester | Night/Early morning off-peak,134160 -> 134461,134160,134461,Hazel Grove to Manchester,Night/Early morning off-peak,E01005917,27.60000000000001,236.89900000000034,85,0.555765054000001,258.0
134160 -> 134461 | Hazel Grove to Manchester | PM interpeak,134160 -> 134461,134160,134461,Hazel Grove to Manchester,PM interpeak,E01005917,21.0,236.89900000000034,85,0.4228647150000006,375.0
134160 -> 134461 | Hazel Grove to Manchester | PM peak,134160 -> 134461,134160,134461,Hazel Grove to Manchester,PM peak,E01005917,23.0,236.89900000000034,85,0.46313754500000065,330.0
134165 -> 135633 | Manchester to Hazel Grove | AM interpeak,134165 -> 135633,134165,135633,Manchester to Hazel Grove,AM interpeak,E01005836,14.899999999999999,209.45899999999892,85,0.2652798234999986,509.0
134165 -> 135633 | Manchester to Hazel Grove | AM peak,134165 -> 135633,134165,135633,Manchester to Hazel Grove,AM peak,E01005836,15.200000000000003,209.45899999999892,85,0.27062102799999865,504.0
134165 -> 135633 | Manchester to Hazel Grove | Evening off-peak,134165 -> 135633,134165,135633,Manchester to Hazel Grove,Evening off-peak,E01005836,5.0,209.45899999999892,85,0.08902007499999953,625.0
134165 -> 135633 | Manchester to Hazel Grove | Night/Early morning off-peak,134165 -> 135633,134165,135633,Manchester to Hazel Grove,Night/Early morning off-peak,E01005836,7.0,209.45899999999892,85,0.12462810499999935,606.0
134165 -> 135633 | Manchester to Hazel Grove | PM interpeak,134165 -> 135633,134165,135633,Manchester to Hazel Grove,PM interpeak,E01005836,16.0,209.45899999999892,85,0.28486423999999855,487.0
134165 -> 135633 | Manchester to Hazel Grove | PM peak,134165 -> 135633,134165,135633,Manchester to Hazel Grove,PM peak,E01005836,7.399999999999999,209.45899999999892,85,0.1317497109999993,604.0
134227 -> 134266 | Hazel Grove to Manchester | AM interpeak,134227 -> 134266,134227,134266,Hazel Grove to Manchester,AM interpeak,E01005863,13.0,326.58399999999983,85,0.36087531999999983,426.0
134227 -> 134266 | Hazel Grove to Manchester | AM peak,134227 -> 134266,134227,134266,Hazel Grove to Manchester,AM peak,E01005863,22.0,326.58399999999983,85,0.6107120799999997,222.0
134227 -> 134266 | Hazel Grove to Manchester | Evening off-peak,134227 -> 134266,134227,134266,Hazel Grove to Manchester,Evening off-peak,E01005863,23.5,326.58399999999983,85,0.6523515399999996,202.0
134227 -> 134266 | Hazel Grove to Manchester | Night/Early morning off-peak,134227 -> 134266,134227,134266,Hazel Grove to Manchester,Night/Early morning off-peak,E01005863,31.799999999999997,326.58399999999983,85,0.8827565519999994,93.0
134227 -> 134266 | Hazel Grove to Manchester | PM interpeak,134227 -> 134266,134227,134266,Hazel Grove to Manchester,PM interpeak,E01005863,18.0,326.58399999999983,85,0.49967351999999976,300.0
134227 -> 134266 | Hazel Grove to Manchester | PM peak,134227 -> 134266,134227,134266,Hazel Grove to Manchester,PM peak,E01005863,25.799999999999997,326.58399999999983,85,0.7161987119999995,165.0
134266 -> 133236 | Hazel Grove to Manchester | AM interpeak,134266 -> 133236,134266,133236,Hazel Grove to Manchester,AM interpeak,E01005866,13.0,353.0010000000002,85,0.3900661050000002,401.0
134266 -> 133236 | Hazel Grove to Manchester | AM peak,134266 -> 133236,134266,133236,Hazel Grove to Manchester,AM peak,E01005866,22.0,353.0010000000002,85,0.6601118700000004,194.0
134266 -> 133236 | Hazel Grove to Manchester | Evening off-peak,134266 -> 133236,134266,133236,Hazel Grove to Manchester,Evening off-peak,E01005866,25.0,353.0010000000002,85,0.7501271250000004,142.0
134266 -> 133236 | Hazel Grove to Manchester | Night/Early morning off-peak,134266 -> 133236,134266,133236,Hazel Grove to Manchester,Night/Early morning off-peak,E01005866,33.0,353.0010000000002,85,0.9901678050000006,65.0
134266 -> 133236 | Hazel Grove to Manchester | PM interpeak,134266 -> 133236,134266,133236,Hazel Grove to Manchester,PM interpeak,E01005866,19.0,353.0010000000002,85,0.5700966150000003,247.0
134266 -> 133236 | Hazel Grove to Manchester | PM peak,134266 -> 133236,134266,133236,Hazel Grove to Manchester,PM peak,E01005866,26.0,353.0010000000002,85,0.7801322100000004,126.0
134267 -> 133001 | Manchester to Hazel Grove | AM interpeak,134267 -> 133001,134267,133001,Manchester to Hazel Grove,AM interpeak,E01005869,24.0,166.1189999999997,85,0.3388827599999994,441.0
134267 -> 133001 | Manchester to Hazel Grove | AM peak,134267 -> 133001,134267,133001,Manchester to Hazel Grove,AM peak,E01005869,69.0,166.1189999999997,85,0.9742879349999982,71.0
134267 -> 133001 | Manchester to Hazel Grove | Evening off-peak,134267 -> 133001,134267,133001,Manchester to Hazel Grove,Evening off-peak,E01005869,15.599999999999994,166.1189999999997,85,0.22027379399999952,535.0
134267 -> 133001 | Manchester to Hazel Grove | Night/Early morning off-peak,134267 -> 133001,134267,133001,Manchester to Hazel Grove,Night/Early morning off-peak,E01005869,26.0,166.1189999999997,85,0.36712298999999926,420.0
134267 -> 133001 | Manchester to Hazel Grove | PM interpeak,134267 -> 133001,134267,133001,Manchester to Hazel Grove,PM interpeak,E01005869,46.0,166.1189999999997,85,0.6495252899999988,206.0
134267 -> 133001 | Manchester to Hazel Grove | PM peak,134267 -> 133001,134267,133001,Manchester to Hazel Grove,PM peak,E01005869,41.80000000000001,166.1189999999997,85,0.590220806999999,241.0
134281 -> 135790 | Hazel Grove to Manchester | AM interpeak,134281 -> 135790,134281,135790,Hazel Grove to Manchester,AM interpeak,E01005822,12.0,268.66699999999946,85,0.27404033999999944,498.0
134281 -> 135790 | Hazel Grove to Manchester | AM peak,134281 -> 135790,134281,135790,Hazel Grove to Manchester,AM peak,E01005822,8.5,268.66700000000037,85,0.1941119075000003,563.0
134281 -> 135790 | Hazel Grove to Manchester | Evening off-peak,134281 -> 135790,134281,135790,Hazel Grove to Manchester,Evening off-peak,E01005822,32.0,268.66699999999946,85,0.7307742399999986,156.0
134281 -> 135790 | Hazel Grove to Manchester | Night/Early morning off-peak,134281 -> 135790,134281,135790,Hazel Grove to Manchester,Night/Early morning off-peak,E01005822,29.20000000000003,268.66699999999946,85,0.6668314939999994,193.0
134281 -> 135790 | Hazel Grove to Manchester | PM peak,134281 -> 135790,134281,135790,Hazel Grove to Manchester,PM peak,E01005822,19.6,268.66699999999946,85,0.44759922199999913,348.0
134378 -> 135687 | Manchester to Hazel Grove | AM interpeak,134378 -> 135687,134378,135687,Manchester to Hazel Grove,AM interpeak,E01033948,35.0,292.1190000000006,85,0.8690540250000018,98.0
134378 -> 135687 | Manchester to Hazel Grove | AM peak,134378 -> 135687,134378,135687,Manchester to Hazel Grove,AM peak,E01033948,56.0,292.1190000000006,85,1.3904864400000028,23.0
134378 -> 135687 | Manchester to Hazel Grove | Evening off-peak,134378 -> 135687,134378,135687,Manchester to Hazel Grove,Evening off-peak,E01033948,15.0,292.1190000000006,85,0.37245172500000073,414.0
134378 -> 135687 | Manchester to Hazel Grove | Night/Early morning off-peak,134378 -> 135687,134378,135687,Manchester to Hazel Grove,Night/Early morning off-peak,E01033948,20.0,292.1190000000006,85,0.496602300000001,302.0
134378 -> 135687 | Manchester to Hazel Grove | PM interpeak,134378 -> 135687,134378,135687,Manchester to Hazel Grove,PM interpeak,E01033948,34.400000000000006,292.1190000000006,85,0.8541559560000018,103.0
134378 -> 135687 | Manchester to Hazel Grove | PM peak,134378 -> 135687,134378,135687,Manchester to Hazel Grove,PM peak,E01033948,31.0,292.1190000000006,85,0.7697335650000015,130.0
134397 -> 134378 | Manchester to Hazel Grove | AM interpeak,134397 -> 134378,134397,134378,Manchester to Hazel Grove,AM interpeak,E01033947,34.0,367.15399999999863,85,1.061075059999996,54.0
134397 -> 134378 | Manchester to Hazel Grove | AM peak,134397 -> 134378,134397,134378,Manchester to Hazel Grove,AM peak,E01033947,56.70000000000002,367.15399999999863,85,1.7694987029999938,9.0
134397 -> 134378 | Manchester to Hazel Grove | Evening off-peak,134397 -> 134378,134397,134378,Manchester to Hazel Grove,Evening off-peak,E01033947,13.400000000000006,367.15399999999863,85,0.4181884059999986,382.0
134397 -> 134378 | Manchester to Hazel Grove | Night/Early morning off-peak,134397 -> 134378,134397,134378,Manchester to Hazel Grove,Night/Early morning off-peak,E01033947,20.0,367.15399999999863,85,0.6241617999999977,216.0
134397 -> 134378 | Manchester to Hazel Grove | PM interpeak,134397 -> 134378,134397,134378,Manchester to Hazel Grove,PM interpeak,E01033947,35.0,367.15399999999863,85,1.0922831499999959,49.0
134397 -> 134378 | Manchester to Hazel Grove | PM peak,134397 -> 134378,134397,134378,Manchester to Hazel Grove,PM peak,E01033947,31.0,367.15399999999863,85,0.9674507899999963,74.0
134448 -> 134160 | Hazel Grove to Manchester | AM interpeak,134448 -> 134160,134448,134160,Hazel Grove to Manchester,AM interpeak,E01005822,19.0,452.952,85,0.7315174799999999,155.0
134448 -> 134160 | Hazel Grove to Manchester | AM peak,134448 -> 134160,134448,134160,Hazel Grove to Manchester,AM peak,E01005822,32.0,452.9520000000002,85,1.2320294400000007,38.0
134448 -> 134160 | Hazel Grove to Manchester | Evening off-peak,134448 -> 134160,134448,134160,Hazel Grove to Manchester,Evening off-peak,E01005822,19.0,452.9520000000002,85,0.7315174800000003,154.0
134448 -> 134160 | Hazel Grove to Manchester | Night/Early morning off-peak,134448 -> 134160,134448,134160,Hazel Grove to Manchester,Night/Early morning off-peak,E01005822,27.0,452.9520000000002,85,1.0395248400000006,56.0
134448 -> 134160 | Hazel Grove to Manchester | PM interpeak,134448 -> 134160,134448,134160,Hazel Grove to Manchester,PM interpeak,E01005822,20.0,452.9519999999999,85,0.7700183999999998,128.0
134448 -> 134160 | Hazel Grove to Manchester | PM peak,134448 -> 134160,134448,134160,Hazel Grove to Manchester,PM peak,E01005822,22.0,452.9519999999999,85,0.8470202399999999,105.0
134448 -> 134281 | Hazel Grove to Manchester | AM interpeak,134448 -> 134281,134448,134281,Hazel Grove to Manchester,AM interpeak,E01005822,10.0,161.78800000000047,85,0.13751980000000041,595.0
134448 -> 134281 | Hazel Grove to Manchester | AM peak,134448 -> 134281,134448,134281,Hazel Grove to Manchester,AM peak,E01005822,6.6,161.78899999999976,85,0.09076362899999989,623.0
134448 -> 134281 | Hazel Grove to Manchester | Evening off-peak,134448 -> 134281,134448,134281,Hazel Grove to Manchester,Evening off-peak,E01005822,23.6,161.78800000000047,85,0.324546728000001,453.0
134448 -> 134281 | Hazel Grove to Manchester | Night/Early morning off-peak,134448 -> 134281,134448,134281,Hazel Grove to Manchester,Night/Early morning off-peak,E01005822,25.600000000000037,161.78800000000047,85,0.3520506880000015,431.0
134448 -> 134281 | Hazel Grove to Manchester | PM peak,134448 -> 134281,134448,134281,Hazel Grove to Manchester,PM peak,E01005822,15.6,161.78800000000047,85,0.21453088800000064,542.0
134461 -> 135618 | Hazel Grove to Manchester | AM interpeak,134461 -> 135618,134461,135618,Hazel Grove to Manchester,AM interpeak,E01005917,16.0,303.16099999999994,85,0.41229896,386.0
134461 -> 135618 | Hazel Grove to Manchester | AM peak,134461 -> 135618,134461,135618,Hazel Grove to Manchester,AM peak,E01005917,27.0,303.16099999999994,85,0.6957544949999999,175.0
134461 -> 135618 | Hazel Grove to Manchester | Evening off-peak,134461 -> 135618,134461,135618,Hazel Grove to Manchester,Evening off-peak,E01005917,20.0,303.16099999999915,85,0.5153736999999985,283.0
134461 -> 135618 | Hazel Grove to Manchester | Night/Early morning off-peak,134461 -> 135618,134461,135618,Hazel Grove to Manchester,Night/Early morning off-peak,E01005917,28.0,303.16099999999994,85,0.7215231799999998,159.0
134461 -> 135618 | Hazel Grove to Manchester | PM interpeak,134461 -> 135618,134461,135618,Hazel Grove to Manchester,PM interpeak,E01005917,21.0,303.16100000000006,85,0.5411423850000001,270.0
134461 -> 135618 | Hazel Grove to Manchester | PM peak,134461 -> 135618,134461,135618,Hazel Grove to Manchester,PM peak,E01005917,23.0,303.16100000000006,85,0.5926797550000001,234.0
134517 -> 135617 | Hazel Grove to Manchester | AM peak,134517 -> 135617,134517,135617,Hazel Grove to Manchester,AM peak,E01005766,4.199999999999999,264.423,85,0.09439901099999999,621.0
134517 -> 135617 | Hazel Grove to Manchester | PM interpeak,134517 -> 135617,134517,135617,Hazel Grove to Manchester,PM interpeak,E01005766,3.0,264.423,85,0.067427865,632.0
134517 -> 135617 | Hazel Grove to Manchester | PM peak,134517 -> 135617,134517,135617,Hazel Grove to Manchester,PM peak,E01005766,4.0,264.423,85,0.08990382000000001,624.0
135615 -> 135616 | Hazel Grove to Manchester | AM interpeak,135615 -> 135616,135615,135616,Hazel Grove to Manchester,AM interpeak,E01005760,18.0,331.0970000000002,85,0.5065784100000003,293.0
135615 -> 135616 | Hazel Grove to Manchester | AM peak,135615 -> 135616,135615,135616,Hazel Grove to Manchester,AM peak,E01005760,31.200000000000017,331.0970000000002,85,0.8780692440000011,95.0
135615 -> 135616 | Hazel Grove to Manchester | Evening off-peak,135615 -> 135616,135615,135616,Hazel Grove to Manchester,Evening off-peak,E01005760,15.5,331.0970000000002,85,0.43622029750000024,362.0
135615 -> 135616 | Hazel Grove to Manchester | Night/Early morning off-peak,135615 -> 135616,135615,135616,Hazel Grove to Manchester,Night/Early morning off-peak,E01005760,24.699999999999996,331.0970000000002,85,0.6951381515000002,177.0
135615 -> 135616 | Hazel Grove to Manchester | PM interpeak,135615 -> 135616,135615,135616,Hazel Grove to Manchester,PM interpeak,E01005760,21.0,331.0970000000002,85,0.5910081450000003,239.0
135615 -> 135616 | Hazel Grove to Manchester | PM peak,135615 -> 135616,135615,135616,Hazel Grove to Manchester,PM peak,E01005760,21.0,331.0970000000002,85,0.5910081450000003,239.0
135616 -> 135617 | Hazel Grove to Manchester | AM interpeak,135616 -> 135617,135616,135617,Hazel Grove to Manchester,AM interpeak,E01005766,19.0,253.7550000000001,85,0.40981432500000015,389.0
135616 -> 135617 | Hazel Grove to Manchester | AM peak,135616 -> 135617,135616,135617,Hazel Grove to Manchester,AM peak,E01005766,31.200000000000003,253.7550000000001,85,0.6729582600000005,191.0
135616 -> 135617 | Hazel Grove to Manchester | Evening off-peak,135616 -> 135617,135616,135617,Hazel Grove to Manchester,Evening off-peak,E01005766,16.5,253.7550000000001,85,0.35589138750000016,429.0
135616 -> 135617 | Hazel Grove to Manchester | Night/Early morning off-peak,135616 -> 135617,135616,135617,Hazel Grove to Manchester,Night/Early morning off-peak,E01005766,25.9,253.7550000000001,85,0.5586416325000002,255.0
135616 -> 135617 | Hazel Grove to Manchester | PM interpeak,135616 -> 135617,135616,135617,Hazel Grove to Manchester,PM interpeak,E01005766,21.0,253.7550000000001,85,0.4529526750000002,337.0
135616 -> 135617 | Hazel Grove to Manchester | PM peak,135616 -> 135617,135616,135617,Hazel Grove to Manchester,PM peak,E01005766,21.0,253.7550000000001,85,0.4529526750000002,337.0
135617 -> 134448 | Hazel Grove to Manchester | AM interpeak,135617 -> 134448,135617,134448,Hazel Grove to Manchester,AM interpeak,E01005766,19.599999999999994,419.10899999999947,85,0.6982355939999989,174.0
135617 -> 134448 | Hazel Grove to Manchester | AM peak,135617 -> 134448,135617,134448,Hazel Grove to Manchester,AM peak,E01005766,33.0,419.10899999999947,85,1.1756007449999986,43.0
135617 -> 134448 | Hazel Grove to Manchester | Evening off-peak,135617 -> 134448,135617,134448,Hazel Grove to Manchester,Evening off-peak,E01005766,18.0,419.10899999999947,85,0.6412367699999992,211.0
135617 -> 134448 | Hazel Grove to Manchester | Night/Early morning off-peak,135617 -> 134448,135617,134448,Hazel Grove to Manchester,Night/Early morning off-peak,E01005766,26.0,419.10899999999947,85,0.9262308899999988,78.0
135617 -> 134448 | Hazel Grove to Manchester | PM interpeak,135617 -> 134448,135617,134448,Hazel Grove to Manchester,PM interpeak,E01005766,21.0,419.1089999999999,85,0.7481095649999998,143.0
135617 -> 134448 | Hazel Grove to Manchester | PM peak,135617 -> 134448,135617,134448,Hazel Grove to Manchester,PM peak,E01005766,21.0,419.1089999999999,85,0.7481095649999998,143.0
135618 -> 135619 | Hazel Grove to Manchester | AM interpeak,135618 -> 135619,135618,135619,Hazel Grove to Manchester,AM interpeak,E01005917,16.0,221.86,85,0.30172960000000004,469.0
135618 -> 135619 | Hazel Grove to Manchester | AM peak,135618 -> 135619,135618,135619,Hazel Grove to Manchester,AM peak,E01005917,26.0,221.86,85,0.49031060000000004,306.0
135618 -> 135619 | Hazel Grove to Manchester | Evening off-peak,135618 -> 135619,135618,135619,Hazel Grove to Manchester,Evening off-peak,E01005917,21.0,221.86000000000058,85,0.39602010000000104,398.0
135618 -> 135619 | Hazel Grove to Manchester | Night/Early morning off-peak,135618 -> 135619,135618,135619,Hazel Grove to Manchester,Night/Early morning off-peak,E01005917,30.0,221.86,85,0.5657430000000001,249.0
135618 -> 135619 | Hazel Grove to Manchester | PM interpeak,135618 -> 135619,135618,135619,Hazel Grove to Manchester,PM interpeak,E01005917,20.0,221.8599999999999,85,0.37716199999999983,410.0
135618 -> 135619 | Hazel Grove to Manchester | PM peak,135618 -> 135619,135618,135619,Hazel Grove to Manchester,PM peak,E01005917,24.0,221.8599999999999,85,0.4525943999999998,340.0
135619 -> 135620 | Hazel Grove to Manchester | AM interpeak,135619 -> 135620,135619,135620,Hazel Grove to Manchester,AM interpeak,E01005917,15.0,330.2460000000001,85,0.4210636500000001,376.0
135619 -> 135620 | Hazel Grove to Manchester | AM peak,135619 -> 135620,135619,135620,Hazel Grove to Manchester,AM peak,E01005917,25.299999999999997,330.2460000000001,85,0.7101940230000001,168.0
135619 -> 135620 | Hazel Grove to Manchester | Evening off-peak,135619 -> 135620,135619,135620,Hazel Grove to Manchester,Evening off-peak,E01005917,22.0,330.2460000000001,85,0.6175600200000002,219.0
135619 -> 135620 | Hazel Grove to Manchester | Night/Early morning off-peak,135619 -> 135620,135619,135620,Hazel Grove to Manchester,Night/Early morning off-peak,E01005917,31.0,330.2460000000001,85,0.8701982100000001,97.0
135619 -> 135620 | Hazel Grove to Manchester | PM interpeak,135619 -> 135620,135619,135620,Hazel Grove to Manchester,PM interpeak,E01005917,20.0,330.2460000000001,85,0.5614182000000002,253.0
135619 -> 135620 | Hazel Grove to Manchester | PM peak,135619 -> 135620,135619,135620,Hazel Grove to Manchester,PM peak,E01005917,24.0,330.2460000000001,85,0.6737018400000002,187.0
135620 -> 134227 | Hazel Grove to Manchester | AM interpeak,135620 -> 134227,135620,134227,Hazel Grove to Manchester,AM interpeak,E01005916,14.0,335.4200000000001,85,0.3991498000000001,397.0
135620 -> 134227 | Hazel Grove to Manchester | AM peak,135620 -> 134227,135620,134227,Hazel Grove to Manchester,AM peak,E01005916,24.0,335.4200000000001,85,0.6842568000000001,179.0
135620 -> 134227 | Hazel Grove to Manchester | Evening off-peak,135620 -> 134227,135620,134227,Hazel Grove to Manchester,Evening off-peak,E01005916,23.0,335.4200000000001,85,0.6557461000000002,197.0
135620 -> 134227 | Hazel Grove to Manchester | Night/Early morning off-peak,135620 -> 134227,135620,134227,Hazel Grove to Manchester,Night/Early morning off-peak,E01005916,31.0,335.4200000000001,85,0.8838317000000001,92.0
135620 -> 134227 | Hazel Grove to Manchester | PM interpeak,135620 -> 134227,135620,134227,Hazel Grove to Manchester,PM interpeak,E01005916,19.0,335.4200000000001,85,0.5417033000000001,269.0
135620 -> 134227 | Hazel Grove to Manchester | PM peak,135620 -> 134227,135620,134227,Hazel Grove to Manchester,PM peak,E01005916,25.0,335.4200000000001,85,0.7127675000000001,166.0
135623 -> 135624 | Hazel Grove to Manchester | AM interpeak,135623 -> 135624,135623,135624,Hazel Grove to Manchester,AM interpeak,E01005798,15.0,230.82900000000018,85,0.2943069750000002,479.0
135623 -> 135624 | Hazel Grove to Manchester | AM peak,135623 -> 135624,135623,135624,Hazel Grove to Manchester,AM peak,E01005798,26.0,230.82900000000018,85,0.5101320900000004,288.0
135623 -> 135624 | Hazel Grove to Manchester | Evening off-peak,135623 -> 135624,135623,135624,Hazel Grove to Manchester,Evening off-peak,E01005798,12.0,230.82900000000018,85,0.23544558000000018,523.0
135623 -> 135624 | Hazel Grove to Manchester | Night/Early morning off-peak,135623 -> 135624,135623,135624,Hazel Grove to Manchester,Night/Early morning off-peak,E01005798,20.9,230.82900000000018,85,0.41006771850000023,388.0
135623 -> 135624 | Hazel Grove to Manchester | PM interpeak,135623 -> 135624,135623,135624,Hazel Grove to Manchester,PM interpeak,E01005798,18.799999999999997,230.82899999999995,85,0.36886474199999986,416.0
135623 -> 135624 | Hazel Grove to Manchester | PM peak,135623 -> 135624,135623,135624,Hazel Grove to Manchester,PM peak,E01005798,19.0,230.82900000000018,85,0.37278883500000026,412.0
135624 -> 135625 | Hazel Grove to Manchester | AM interpeak,135624 -> 135625,135624,135625,Hazel Grove to Manchester,AM interpeak,E01005798,16.0,216.42999999999984,85,0.2943447999999998,478.0
135624 -> 135625 | Hazel Grove to Manchester | AM peak,135624 -> 135625,135624,135625,Hazel Grove to Manchester,AM peak,E01005798,27.0,216.42999999999984,85,0.49670684999999964,301.0
135624 -> 135625 | Hazel Grove to Manchester | Evening off-peak,135624 -> 135625,135624,135625,Hazel Grove to Manchester,Evening off-peak,E01005798,14.0,216.42999999999984,85,0.25755169999999983,513.0
135624 -> 135625 | Hazel Grove to Manchester | Night/Early morning off-peak,135624 -> 135625,135624,135625,Hazel Grove to Manchester,Night/Early morning off-peak,E01005798,21.0,216.42999999999984,85,0.3863275499999997,404.0
135624 -> 135625 | Hazel Grove to Manchester | PM interpeak,135624 -> 135625,135624,135625,Hazel Grove to Manchester,PM interpeak,E01005798,19.799999999999997,216.43100000000004,85,0.364253373,422.0
135624 -> 135625 | Hazel Grove to Manchester | PM peak,135624 -> 135625,135624,135625,Hazel Grove to Manchester,PM peak,E01005798,18.0,216.42999999999984,85,0.33113789999999976,443.0
135625 -> 135626 | Hazel Grove to Manchester | AM interpeak,135625 -> 135626,135625,135626,Hazel Grove to Manchester,AM interpeak,E01005797,16.599999999999994,188.91700000000037,85,0.26656188700000044,508.0
135625 -> 135626 | Hazel Grove to Manchester | AM peak,135625 -> 135626,135625,135626,Hazel Grove to Manchester,AM peak,E01005797,29.0,188.91700000000037,85,0.46568040500000085,327.0
135625 -> 135626 | Hazel Grove to Manchester | Evening off-peak,135625 -> 135626,135625,135626,Hazel Grove to Manchester,Evening off-peak,E01005797,15.0,188.91700000000037,85,0.24086917500000046,521.0
135625 -> 135626 | Hazel Grove to Manchester | Night/Early morning off-peak,135625 -> 135626,135625,135626,Hazel Grove to Manchester,Night/Early morning off-peak,E01005797,22.9,188.91700000000037,85,0.36772694050000065,419.0
135625 -> 135626 | Hazel Grove to Manchester | PM interpeak,135625 -> 135626,135625,135626,Hazel Grove to Manchester,PM interpeak,E01005797,19.799999999999997,188.91599999999994,85,0.31794562799999987,455.0
135625 -> 135626 | Hazel Grove to Manchester | PM peak,135625 -> 135626,135625,135626,Hazel Grove to Manchester,PM peak,E01005797,19.0,188.91700000000037,85,0.3051009550000006,466.0
135626 -> 134130 | Hazel Grove to Manchester | AM interpeak,135626 -> 134130,135626,134130,Hazel Grove to Manchester,AM interpeak,E01005797,17.0,176.04999999999973,85,0.2543922499999996,516.0
135626 -> 134130 | Hazel Grove to Manchester | AM peak,135626 -> 134130,135626,134130,Hazel Grove to Manchester,AM peak,E01005797,30.0,176.04999999999973,85,0.44892749999999926,346.0
135626 -> 134130 | Hazel Grove to Manchester | Evening off-peak,135626 -> 134130,135626,134130,Hazel Grove to Manchester,Evening off-peak,E01005797,15.0,176.04999999999973,85,0.22446374999999963,532.0
135626 -> 134130 | Hazel Grove to Manchester | Night/Early morning off-peak,135626 -> 134130,135626,134130,Hazel Grove to Manchester,Night/Early morning off-peak,E01005797,24.9,176.04999999999973,85,0.3726098249999994,413.0
135626 -> 134130 | Hazel Grove to Manchester | PM interpeak,135626 -> 134130,135626,134130,Hazel Grove to Manchester,PM interpeak,E01005797,20.0,176.05049999999983,85,0.2992858499999997,473.0
135626 -> 134130 | Hazel Grove to Manchester | PM peak,135626 -> 134130,135626,134130,Hazel Grove to Manchester,PM peak,E01005797,19.0,176.04999999999973,85,0.28432074999999957,489.0
135627 -> 134150 | Hazel Grove to Manchester | AM interpeak,135627 -> 134150,135627,134150,Hazel Grove to Manchester,AM interpeak,E01005838,13.0,175.61300000000006,85,0.19405236500000006,564.0
135627 -> 134150 | Hazel Grove to Manchester | AM peak,135627 -> 134150,135627,134150,Hazel Grove to Manchester,AM peak,E01005838,15.0,175.61300000000006,85,0.22390657500000005,533.0
135627 -> 134150 | Hazel Grove to Manchester | Evening off-peak,135627 -> 134150,135627,134150,Hazel Grove to Manchester,Evening off-peak,E01005838,9.0,175.61300000000006,85,0.13434394500000005,599.0
135627 -> 134150 | Hazel Grove to Manchester | Night/Early morning off-peak,135627 -> 134150,135627,134150,Hazel Grove to Manchester,Night/Early morning off-peak,E01005838,11.0,175.61300000000006,85,0.16419815500000007,577.0
135627 -> 134150 | Hazel Grove to Manchester | PM interpeak,135627 -> 134150,135627,134150,Hazel Grove to Manchester,PM interpeak,E01005838,15.5,175.61300000000006,85,0.23137012750000005,527.0
135627 -> 134150 | Hazel Grove to Manchester | PM peak,135627 -> 134150,135627,134150,Hazel Grove to Manchester,PM peak,E01005838,14.0,175.61300000000006,85,0.20897947000000006,546.0
135628 -> 135629 | Hazel Grove to Manchester | AM interpeak,135628 -> 135629,135628,135629,Hazel Grove to Manchester,AM interpeak,E01005801,15.0,337.1000000000001,85,0.4298025000000001,366.0
135628 -> 135629 | Hazel Grove to Manchester | AM peak,135628 -> 135629,135628,135629,Hazel Grove to Manchester,AM peak,E01005801,22.0,337.10000000000014,85,0.6303770000000003,214.0
135628 -> 135629 | Hazel Grove to Manchester | Evening off-peak,135628 -> 135629,135628,135629,Hazel Grove to Manchester,Evening off-peak,E01005801,11.0,337.10000000000014,85,0.31518850000000015,457.0
135628 -> 135629 | Hazel Grove to Manchester | Night/Early morning off-peak,135628 -> 135629,135628,135629,Hazel Grove to Manchester,Night/Early morning off-peak,E01005801,15.0,337.10000000000014,85,0.42980250000000014,365.0
135628 -> 135629 | Hazel Grove to Manchester | PM interpeak,135628 -> 135629,135628,135629,Hazel Grove to Manchester,PM interpeak,E01005801,17.799999999999997,337.10000000000014,85,0.5100323000000001,289.0
135628 -> 135629 | Hazel Grove to Manchester | PM peak,135628 -> 135629,135628,135629,Hazel Grove to Manchester,PM peak,E01005801,17.0,337.10000000000014,85,0.4871095000000002,308.0
135629 -> 135631 | Hazel Grove to Manchester | AM interpeak,135629 -> 135631,135629,135631,Hazel Grove to Manchester,AM interpeak,E01005801,15.0,350.40749999999986,85,0.4467695624999998,349.0
135629 -> 135631 | Hazel Grove to Manchester | AM peak,135629 -> 135631,135629,135631,Hazel Grove to Manchester,AM peak,E01005801,23.0,350.4069999999997,85,0.6850456849999995,178.0
135629 -> 135631 | Hazel Grove to Manchester | Evening off-peak,135629 -> 135631,135629,135631,Hazel Grove to Manchester,Evening off-peak,E01005801,11.0,350.4069999999997,85,0.3276305449999998,449.0
135629 -> 135631 | Hazel Grove to Manchester | Night/Early morning off-peak,135629 -> 135631,135629,135631,Hazel Grove to Manchester,Night/Early morning off-peak,E01005801,17.0,350.4069999999997,85,0.5063381149999996,294.0
135629 -> 135631 | Hazel Grove to Manchester | PM interpeak,135629 -> 135631,135629,135631,Hazel Grove to Manchester,PM interpeak,E01005801,18.0,350.40749999999986,85,0.5361234749999998,271.0
135629 -> 135631 | Hazel Grove to Manchester | PM peak,135629 -> 135631,135629,135631,Hazel Grove to Manchester,PM peak,E01005801,18.0,350.4069999999997,85,0.5361227099999996,272.0
135630 -> 135628 | Hazel Grove to Manchester | AM interpeak,135630 -> 135628,135630,135628,Hazel Grove to Manchester,AM interpeak,E01005801,15.899999999999999,349.374,85,0.4721789609999999,320.0
135630 -> 135628 | Hazel Grove to Manchester | AM peak,135630 -> 135628,135630,135628,Hazel Grove to Manchester,AM peak,E01005801,22.0,349.374,85,0.6533293800000002,199.0
135630 -> 135628 | Hazel Grove to Manchester | Evening off-peak,135630 -> 135628,135630,135628,Hazel Grove to Manchester,Evening off-peak,E01005801,10.0,349.374,85,0.2969679,474.0
135630 -> 135628 | Hazel Grove to Manchester | Night/Early morning off-peak,135630 -> 135628,135630,135628,Hazel Grove to Manchester,Night/Early morning off-peak,E01005801,13.899999999999999,349.374,85,0.41278538099999995,385.0
135630 -> 135628 | Hazel Grove to Manchester | PM interpeak,135630 -> 135628,135630,135628,Hazel Grove to Manchester,PM interpeak,E01005801,19.0,349.374,85,0.56423901,251.0
135630 -> 135628 | Hazel Grove to Manchester | PM peak,135630 -> 135628,135630,135628,Hazel Grove to Manchester,PM peak,E01005801,18.0,349.374,85,0.5345422200000001,274.0
135631 -> 135623 | Hazel Grove to Manchester | AM interpeak,135631 -> 135623,135631,135623,Hazel Grove to Manchester,AM interpeak,E01005801,16.0,302.46900000000005,85,0.41135784000000014,387.0
135631 -> 135623 | Hazel Grove to Manchester | AM peak,135631 -> 135623,135631,135623,Hazel Grove to Manchester,AM peak,E01005801,24.0,302.46900000000005,85,0.6170367600000001,221.0
135631 -> 135623 | Hazel Grove to Manchester | Evening off-peak,135631 -> 135623,135631,135623,Hazel Grove to Manchester,Evening off-peak,E01005801,12.0,302.46900000000005,85,0.30851838000000004,463.0
135631 -> 135623 | Hazel Grove to Manchester | Night/Early morning off-peak,135631 -> 135623,135631,135623,Hazel Grove to Manchester,Night/Early morning off-peak,E01005801,17.0,302.46900000000005,85,0.4370677050000001,360.0
135631 -> 135623 | Hazel Grove to Manchester | PM interpeak,135631 -> 135623,135631,135623,Hazel Grove to Manchester,PM interpeak,E01005801,19.0,302.46799999999996,85,0.48848581999999996,307.0
135631 -> 135623 | Hazel Grove to Manchester | PM peak,135631 -> 135623,135631,135623,Hazel Grove to Manchester,PM peak,E01005801,18.0,302.46900000000005,85,0.4627775700000001,331.0
135632 -> 135678 | Manchester to Hazel Grove | AM interpeak,135632 -> 135678,135632,135678,Manchester to Hazel Grove,AM interpeak,E01005866,27.0,333.2330000000002,85,0.7647697350000005,132.0
135632 -> 135678 | Manchester to Hazel Grove | AM peak,135632 -> 135678,135632,135678,Manchester to Hazel Grove,AM peak,E01005866,67.80000000000001,333.2330000000002,85,1.9204217790000013,5.0
135632 -> 135678 | Manchester to Hazel Grove | Evening off-peak,135632 -> 135678,135632,135678,Manchester to Hazel Grove,Evening off-peak,E01005866,15.0,333.2330000000002,85,0.4248720750000002,372.0
135632 -> 135678 | Manchester to Hazel Grove | Night/Early morning off-peak,135632 -> 135678,135632,135678,Manchester to Hazel Grove,Night/Early morning off-peak,E01005866,23.799999999999997,333.2330000000002,85,0.6741303590000002,186.0
135632 -> 135678 | Manchester to Hazel Grove | PM interpeak,135632 -> 135678,135632,135678,Manchester to Hazel Grove,PM interpeak,E01005866,45.0,333.2330000000002,85,1.2746162250000006,30.0
135632 -> 135678 | Manchester to Hazel Grove | PM peak,135632 -> 135678,135632,135678,Manchester to Hazel Grove,PM peak,E01005866,40.0,333.2330000000002,85,1.1329922000000006,48.0
135633 -> 135689 | Manchester to Hazel Grove | AM interpeak,135633 -> 135689,135633,135689,Manchester to Hazel Grove,AM interpeak,E01005836,13.899999999999999,381.52000000000044,85,0.45076588000000045,342.0
135633 -> 135689 | Manchester to Hazel Grove | AM peak,135633 -> 135689,135633,135689,Manchester to Hazel Grove,AM peak,E01005836,15.0,381.52000000000044,85,0.4864380000000005,309.0
135633 -> 135689 | Manchester to Hazel Grove | Evening off-peak,135633 -> 135689,135633,135689,Manchester to Hazel Grove,Evening off-peak,E01005836,4.0,381.52000000000044,85,0.12971680000000016,605.0
135633 -> 135689 | Manchester to Hazel Grove | Night/Early morning off-peak,135633 -> 135689,135633,135689,Manchester to Hazel Grove,Night/Early morning off-peak,E01005836,6.0,381.52000000000044,85,0.19457520000000023,561.0
135633 -> 135689 | Manchester to Hazel Grove | PM interpeak,135633 -> 135689,135633,135689,Manchester to Hazel Grove,PM interpeak,E01005836,17.4,381.52000000000044,85,0.5642680800000006,250.0
135633 -> 135689 | Manchester to Hazel Grove | PM peak,135633 -> 135689,135633,135689,Manchester to Hazel Grove,PM peak,E01005836,6.0,381.52000000000044,85,0.19457520000000023,561.0
135634 -> 135635 | Hazel Grove to Manchester | AM interpeak,135634 -> 135635,135634,135635,Hazel Grove to Manchester,AM interpeak,E01005836,6.0,268.8109999999999,85,0.13709360999999995,596.0
135634 -> 135635 | Hazel Grove to Manchester | AM peak,135634 -> 135635,135634,135635,Hazel Grove to Manchester,AM peak,E01005836,8.0,268.8109999999999,85,0.18279147999999995,567.0
135634 -> 135635 | Hazel Grove to Manchester | Evening off-peak,135634 -> 135635,135634,135635,Hazel Grove to Manchester,Evening off-peak,E01005836,4.0,268.8109999999999,85,0.09139573999999998,622.0
135634 -> 135635 | Hazel Grove to Manchester | Night/Early morning off-peak,135634 -> 135635,135634,135635,Hazel Grove to Manchester,Night/Early morning off-peak,E01005836,5.0,268.8109999999999,85,0.11424467499999996,609.0
135634 -> 135635 | Hazel Grove to Manchester | PM interpeak,135634 -> 135635,135634,135635,Hazel Grove to Manchester,PM interpeak,E01005836,7.0,268.8109999999999,85,0.15994254499999994,581.0
135634 -> 135635 | Hazel Grove to Manchester | PM peak,135634 -> 135635,135634,135635,Hazel Grove to Manchester,PM peak,E01005836,6.0,268.8109999999999,85,0.13709360999999995,596.0
135635 -> 135637 | Hazel Grove to Manchester | AM interpeak,135635 -> 135637,135635,135637,Hazel Grove to Manchester,AM interpeak,E01005840,8.0,203.05500000000006,85,0.13807740000000004,594.0
135635 -> 135637 | Hazel Grove to Manchester | AM peak,135635 -> 135637,135635,135637,Hazel Grove to Manchester,AM peak,E01005840,12.200000000000003,203.05500000000006,85,0.2105680350000001,543.0
135635 -> 135637 | Hazel Grove to Manchester | Evening off-peak,135635 -> 135637,135635,135637,Hazel Grove to Manchester,Evening off-peak,E01005840,6.0,203.05500000000006,85,0.10355805000000004,613.0
135635 -> 135637 | Hazel Grove to Manchester | Night/Early morning off-peak,135635 -> 135637,135635,135637,Hazel Grove to Manchester,Night/Early morning off-peak,E01005840,7.0,203.05500000000006,85,0.12081772500000004,608.0
135635 -> 135637 | Hazel Grove to Manchester | PM interpeak,135635 -> 135637,135635,135637,Hazel Grove to Manchester,PM interpeak,E01005840,10.0,203.05500000000006,85,0.17259675000000005,575.0
135635 -> 135637 | Hazel Grove to Manchester | PM peak,135635 -> 135637,135635,135637,Hazel Grove to Manchester,PM peak,E01005840,9.300000000000004,203.05500000000006,85,0.1605149775000001,580.0
135636 -> 135628 | Hazel Grove to Manchester | AM interpeak,135636 -> 135628,135636,135628,Hazel Grove to Manchester,AM interpeak,E01005801,3.0,303.274,85,0.07733487,630.0
135636 -> 135628 | Hazel Grove to Manchester | AM peak,135636 -> 135628,135636,135628,Hazel Grove to Manchester,AM peak,E01005801,4.0,303.274,85,0.10311316000000001,614.0
135636 -> 135628 | Hazel Grove to Manchester | Evening off-peak,135636 -> 135628,135636,135628,Hazel Grove to Manchester,Evening off-peak,E01005801,2.1000000000000014,303.274,85,0.054134409000000036,636.0
135636 -> 135628 | Hazel Grove to Manchester | Night/Early morning off-peak,135636 -> 135628,135636,135628,Hazel Grove to Manchester,Night/Early morning off-peak,E01005801,1.0,303.274,85,0.025778290000000002,639.0
135636 -> 135628 | Hazel Grove to Manchester | PM interpeak,135636 -> 135628,135636,135628,Hazel Grove to Manchester,PM interpeak,E01005801,4.0,303.274,85,0.10311316000000001,614.0
135636 -> 135628 | Hazel Grove to Manchester | PM peak,135636 -> 135628,135636,135628,Hazel Grove to Manchester,PM peak,E01005801,4.0,303.274,85,0.10311316000000001,614.0
135637 -> 135627 | Hazel Grove to Manchester | AM interpeak,135637 -> 135627,135637,135627,Hazel Grove to Manchester,AM interpeak,E01005840,10.899999999999999,432.606,85,0.4008094589999999,396.0
135637 -> 135627 | Hazel Grove to Manchester | AM peak,135637 -> 135627,135637,135627,Hazel Grove to Manchester,AM peak,E01005840,14.0,432.606,85,0.5148011399999999,284.0
135637 -> 135627 | Hazel Grove to Manchester | Evening off-peak,135637 -> 135627,135637,135627,Hazel Grove to Manchester,Evening off-peak,E01005840,8.0,432.606,85,0.29417208,480.0
135637 -> 135627 | Hazel Grove to Manchester | Night/Early morning off-peak,135637 -> 135627,135637,135627,Hazel Grove to Manchester,Night/Early morning off-peak,E01005840,9.0,432.606,85,0.33094359,444.0
135637 -> 135627 | Hazel Grove to Manchester | PM interpeak,135637 -> 135627,135637,135627,Hazel Grove to Manchester,PM interpeak,E01005840,12.0,432.606,85,0.44125812000000003,355.0
135637 -> 135627 | Hazel Grove to Manchester | PM peak,135637 -> 135627,135637,135627,Hazel Grove to Manchester,PM peak,E01005840,12.0,432.606,85,0.44125812000000003,355.0
135665 -> 135666 | Manchester to Hazel Grove | AM interpeak,135665 -> 135666,135665,135666,Manchester to Hazel Grove,AM interpeak,E01005877,25.0,396.8090000000011,85,0.8432191250000024,106.0
135665 -> 135666 | Manchester to Hazel Grove | AM peak,135665 -> 135666,135665,135666,Manchester to Hazel Grove,AM peak,E01005877,39.0,396.8090000000011,85,1.3154218350000038,27.0
135665 -> 135666 | Manchester to Hazel Grove | Evening off-peak,135665 -> 135666,135665,135666,Manchester to Hazel Grove,Evening off-peak,E01005877,11.0,396.8090000000011,85,0.3710164150000011,415.0
135665 -> 135666 | Manchester to Hazel Grove | Night/Early morning off-peak,135665 -> 135666,135665,135666,Manchester to Hazel Grove,Night/Early morning off-peak,E01005877,15.0,396.8090000000011,85,0.5059314750000014,295.0
135665 -> 135666 | Manchester to Hazel Grove | PM interpeak,135665 -> 135666,135665,135666,Manchester to Hazel Grove,PM interpeak,E01005877,27.0,396.8090000000011,85,0.9106766550000025,83.0
135665 -> 135666 | Manchester to Hazel Grove | PM peak,135665 -> 135666,135665,135666,Manchester to Hazel Grove,PM peak,E01005877,23.10000000000001,396.8090000000011,85,0.7791344715000024,127.0
135666 -> 135667 | Manchester to Hazel Grove | AM interpeak,135666 -> 135667,135666,135667,Manchester to Hazel Grove,AM interpeak,E01005877,23.0,258.0689999999995,85,0.5045248949999991,296.0
135666 -> 135667 | Manchester to Hazel Grove | AM peak,135666 -> 135667,135666,135667,Manchester to Hazel Grove,AM peak,E01005877,34.10000000000001,258.0689999999995,85,0.7480129964999988,145.0
135666 -> 135667 | Manchester to Hazel Grove | Evening off-peak,135666 -> 135667,135666,135667,Manchester to Hazel Grove,Evening off-peak,E01005877,10.0,258.0689999999995,85,0.21935864999999957,538.0
135666 -> 135667 | Manchester to Hazel Grove | Night/Early morning off-peak,135666 -> 135667,135666,135667,Manchester to Hazel Grove,Night/Early morning off-peak,E01005877,14.0,258.0689999999995,85,0.30710210999999943,464.0
135666 -> 135667 | Manchester to Hazel Grove | PM interpeak,135666 -> 135667,135666,135667,Manchester to Hazel Grove,PM interpeak,E01005877,25.0,258.0689999999995,85,0.548396624999999,261.0
135666 -> 135667 | Manchester to Hazel Grove | PM peak,135666 -> 135667,135666,135667,Manchester to Hazel Grove,PM peak,E01005877,21.0,258.0689999999995,85,0.4606531649999991,333.0
135667 -> 135668 | Manchester to Hazel Grove | AM interpeak,135667 -> 135668,135667,135668,Manchester to Hazel Grove,AM interpeak,E01005825,21.0,227.60499999999956,85,0.4062749249999992,392.0
135667 -> 135668 | Manchester to Hazel Grove | AM peak,135667 -> 135668,135667,135668,Manchester to Hazel Grove,AM peak,E01005825,31.900000000000006,227.60499999999956,85,0.6171509574999988,220.0
135667 -> 135668 | Manchester to Hazel Grove | Evening off-peak,135667 -> 135668,135667,135668,Manchester to Hazel Grove,Evening off-peak,E01005825,9.0,227.60499999999956,85,0.17411782499999967,573.0
135667 -> 135668 | Manchester to Hazel Grove | Night/Early morning off-peak,135667 -> 135668,135667,135668,Manchester to Hazel Grove,Night/Early morning off-peak,E01005825,13.799999999999997,227.60499999999956,85,0.2669806649999994,507.0
135667 -> 135668 | Manchester to Hazel Grove | PM interpeak,135667 -> 135668,135667,135668,Manchester to Hazel Grove,PM interpeak,E01005825,22.0,227.60499999999956,85,0.42562134999999923,371.0
135667 -> 135668 | Manchester to Hazel Grove | PM peak,135667 -> 135668,135667,135668,Manchester to Hazel Grove,PM peak,E01005825,18.0,227.60499999999956,85,0.34823564999999934,434.0
135668 -> 135669 | Manchester to Hazel Grove | AM interpeak,135668 -> 135669,135668,135669,Manchester to Hazel Grove,AM interpeak,E01005825,18.700000000000017,284.28399999999965,85,0.45186941799999986,341.0
135668 -> 135669 | Manchester to Hazel Grove | AM peak,135668 -> 135669,135668,135669,Manchester to Hazel Grove,AM peak,E01005825,27.0,284.28399999999965,85,0.6524317799999992,201.0
135668 -> 135669 | Manchester to Hazel Grove | Evening off-peak,135668 -> 135669,135668,135669,Manchester to Hazel Grove,Evening off-peak,E01005825,9.0,284.28399999999965,85,0.21747725999999976,540.0
135668 -> 135669 | Manchester to Hazel Grove | Night/Early morning off-peak,135668 -> 135669,135668,135669,Manchester to Hazel Grove,Night/Early morning off-peak,E01005825,12.799999999999997,284.28399999999965,85,0.30930099199999955,462.0
135668 -> 135669 | Manchester to Hazel Grove | PM interpeak,135668 -> 135669,135668,135669,Manchester to Hazel Grove,PM interpeak,E01005825,21.0,284.28399999999965,85,0.5074469399999993,291.0
135668 -> 135669 | Manchester to Hazel Grove | PM peak,135668 -> 135669,135668,135669,Manchester to Hazel Grove,PM peak,E01005825,15.0,284.28399999999965,85,0.3624620999999995,423.0
135669 -> 135670 | Manchester to Hazel Grove | AM interpeak,135669 -> 135670,135669,135670,Manchester to Hazel Grove,AM interpeak,E01005825,17.0,419.746000000001,85,0.6065329700000015,223.0
135669 -> 135670 | Manchester to Hazel Grove | AM peak,135669 -> 135670,135669,135670,Manchester to Hazel Grove,AM peak,E01005825,26.0,419.746000000001,85,0.9276386600000023,77.0
135669 -> 135670 | Manchester to Hazel Grove | Evening off-peak,135669 -> 135670,135669,135670,Manchester to Hazel Grove,Evening off-peak,E01005825,8.0,419.746000000001,85,0.28542728000000067,486.0
135669 -> 135670 | Manchester to Hazel Grove | Night/Early morning off-peak,135669 -> 135670,135669,135670,Manchester to Hazel Grove,Night/Early morning off-peak,E01005825,12.0,419.746000000001,85,0.42814092000000104,367.0
135669 -> 135670 | Manchester to Hazel Grove | PM interpeak,135669 -> 135670,135669,135670,Manchester to Hazel Grove,PM interpeak,E01005825,19.9,419.746000000001,85,0.7100003590000016,169.0
135669 -> 135670 | Manchester to Hazel Grove | PM peak,135669 -> 135670,135669,135670,Manchester to Hazel Grove,PM peak,E01005825,13.0,419.746000000001,85,0.46381933000000114,329.0
135670 -> 135671 | Manchester to Hazel Grove | AM interpeak,135670 -> 135671,135670,135671,Manchester to Hazel Grove,AM interpeak,E01005830,17.0,332.5100000000002,85,0.48047695000000035,316.0
135670 -> 135671 | Manchester to Hazel Grove | AM peak,135670 -> 135671,135670,135671,Manchester to Hazel Grove,AM peak,E01005830,24.10000000000001,332.5100000000002,85,0.6811467350000008,182.0
135670 -> 135671 | Manchester to Hazel Grove | Evening off-peak,135670 -> 135671,135670,135671,Manchester to Hazel Grove,Evening off-peak,E01005830,7.0,332.5100000000002,85,0.19784345000000014,559.0
135670 -> 135671 | Manchester to Hazel Grove | Night/Early morning off-peak,135670 -> 135671,135670,135671,Manchester to Hazel Grove,Night/Early morning off-peak,E01005830,11.0,332.5100000000002,85,0.3108968500000002,460.0
135670 -> 135671 | Manchester to Hazel Grove | PM interpeak,135670 -> 135671,135670,135671,Manchester to Hazel Grove,PM interpeak,E01005830,18.0,332.5100000000002,85,0.5087403000000004,290.0
135670 -> 135671 | Manchester to Hazel Grove | PM peak,135670 -> 135671,135670,135671,Manchester to Hazel Grove,PM peak,E01005830,11.0,332.5100000000002,85,0.3108968500000002,460.0
135671 -> 135672 | Manchester to Hazel Grove | AM interpeak,135671 -> 135672,135671,135672,Manchester to Hazel Grove,AM interpeak,E01005831,15.0,245.95999999999913,85,0.31359899999999885,459.0
135671 -> 135672 | Manchester to Hazel Grove | AM peak,135671 -> 135672,135671,135672,Manchester to Hazel Grove,AM peak,E01005831,22.10000000000001,245.95999999999913,85,0.4620358599999985,332.0
135671 -> 135672 | Manchester to Hazel Grove | Evening off-peak,135671 -> 135672,135671,135672,Manchester to Hazel Grove,Evening off-peak,E01005831,7.0,245.95999999999913,85,0.14634619999999948,585.0
135671 -> 135672 | Manchester to Hazel Grove | Night/Early morning off-peak,135671 -> 135672,135671,135672,Manchester to Hazel Grove,Night/Early morning off-peak,E01005831,11.0,245.95999999999913,85,0.2299725999999992,528.0
135671 -> 135672 | Manchester to Hazel Grove | PM interpeak,135671 -> 135672,135671,135672,Manchester to Hazel Grove,PM interpeak,E01005831,16.9,245.95999999999913,85,0.35332153999999866,430.0
135671 -> 135672 | Manchester to Hazel Grove | PM peak,135671 -> 135672,135671,135672,Manchester to Hazel Grove,PM peak,E01005831,10.0,245.95999999999913,85,0.20906599999999925,545.0
135672 -> 135636 | Manchester to Hazel Grove | AM interpeak,135672 -> 135636,135672,135636,Manchester to Hazel Grove,AM interpeak,E01005831,12.0,401.02400000000125,85,0.40904448000000126,390.0
135672 -> 135636 | Manchester to Hazel Grove | AM peak,135672 -> 135636,135672,135636,Manchester to Hazel Grove,AM peak,E01005831,8.0,401.02400000000125,85,0.2726963200000009,500.0
135672 -> 135636 | Manchester to Hazel Grove | Evening off-peak,135672 -> 135636,135672,135636,Manchester to Hazel Grove,Evening off-peak,E01005831,4.100000000000001,401.02400000000125,85,0.13975686400000045,593.0
135672 -> 135636 | Manchester to Hazel Grove | Night/Early morning off-peak,135672 -> 135636,135672,135636,Manchester to Hazel Grove,Night/Early morning off-peak,E01005831,0.0,401.02400000000125,85,0.0,640.0
135672 -> 135636 | Manchester to Hazel Grove | PM interpeak,135672 -> 135636,135672,135636,Manchester to Hazel Grove,PM interpeak,E01005831,16.0,401.02400000000125,85,0.5453926400000018,267.0
135672 -> 135636 | Manchester to Hazel Grove | PM peak,135672 -> 135636,135672,135636,Manchester to Hazel Grove,PM peak,E01005831,6.0,401.02400000000125,85,0.20452224000000063,552.0
135672 -> 135673 | Manchester to Hazel Grove | AM interpeak,135672 -> 135673,135672,135673,Manchester to Hazel Grove,AM interpeak,E01005831,16.0,513.9050000000007,85,0.6989108000000009,173.0
135672 -> 135673 | Manchester to Hazel Grove | AM peak,135672 -> 135673,135672,135673,Manchester to Hazel Grove,AM peak,E01005831,22.800000000000004,513.9050000000007,85,0.9959478900000015,64.0
135672 -> 135673 | Manchester to Hazel Grove | Evening off-peak,135672 -> 135673,135672,135673,Manchester to Hazel Grove,Evening off-peak,E01005831,6.0,513.9050000000007,85,0.26209155000000034,512.0
135672 -> 135673 | Manchester to Hazel Grove | Night/Early morning off-peak,135672 -> 135673,135672,135673,Manchester to Hazel Grove,Night/Early morning off-peak,E01005831,10.0,513.9050000000007,85,0.43681925000000055,361.0
135672 -> 135673 | Manchester to Hazel Grove | PM interpeak,135672 -> 135673,135672,135673,Manchester to Hazel Grove,PM interpeak,E01005831,15.5,513.9050000000007,85,0.6770698375000008,184.0
135672 -> 135673 | Manchester to Hazel Grove | PM peak,135672 -> 135673,135672,135673,Manchester to Hazel Grove,PM peak,E01005831,10.799999999999997,513.9050000000007,85,0.4717647900000005,321.0
135673 -> 135674 | Manchester to Hazel Grove | AM interpeak,135673 -> 135674,135673,135674,Manchester to Hazel Grove,AM interpeak,E01005831,14.899999999999999,161.0660000000007,85,0.20399008900000087,553.0
135673 -> 135674 | Manchester to Hazel Grove | AM peak,135673 -> 135674,135673,135674,Manchester to Hazel Grove,AM peak,E01005831,21.0,161.0660000000007,85,0.2875028100000013,485.0
135673 -> 135674 | Manchester to Hazel Grove | Evening off-peak,135673 -> 135674,135673,135674,Manchester to Hazel Grove,Evening off-peak,E01005831,6.0,161.0660000000007,85,0.08214366000000037,628.0
135673 -> 135674 | Manchester to Hazel Grove | Night/Early morning off-peak,135673 -> 135674,135673,135674,Manchester to Hazel Grove,Night/Early morning off-peak,E01005831,9.799999999999997,161.0660000000007,85,0.13416797800000055,600.0
135673 -> 135674 | Manchester to Hazel Grove | PM interpeak,135673 -> 135674,135673,135674,Manchester to Hazel Grove,PM interpeak,E01005831,17.0,161.0660000000007,85,0.23274037000000103,526.0
135673 -> 135674 | Manchester to Hazel Grove | PM peak,135673 -> 135674,135673,135674,Manchester to Hazel Grove,PM peak,E01005831,9.0,161.0660000000007,85,0.12321549000000054,607.0
135674 -> 135675 | Manchester to Hazel Grove | AM interpeak,135674 -> 135675,135674,135675,Manchester to Hazel Grove,AM interpeak,E01005838,14.0,228.27799999999843,85,0.2716508199999981,502.0
135674 -> 135675 | Manchester to Hazel Grove | AM peak,135674 -> 135675,135674,135675,Manchester to Hazel Grove,AM peak,E01005838,21.0,228.27799999999843,85,0.4074762299999972,391.0
135674 -> 135675 | Manchester to Hazel Grove | Evening off-peak,135674 -> 135675,135674,135675,Manchester to Hazel Grove,Evening off-peak,E01005838,5.0,228.27799999999843,85,0.09701814999999932,619.0
135674 -> 135675 | Manchester to Hazel Grove | Night/Early morning off-peak,135674 -> 135675,135674,135675,Manchester to Hazel Grove,Night/Early morning off-peak,E01005838,9.0,228.27799999999843,85,0.1746326699999988,571.0
135674 -> 135675 | Manchester to Hazel Grove | PM interpeak,135674 -> 135675,135674,135675,Manchester to Hazel Grove,PM interpeak,E01005838,18.0,228.27799999999843,85,0.3492653399999976,432.0
135674 -> 135675 | Manchester to Hazel Grove | PM peak,135674 -> 135675,135674,135675,Manchester to Hazel Grove,PM peak,E01005838,9.0,228.27799999999843,85,0.1746326699999988,571.0
135675 -> 135676 | Manchester to Hazel Grove | AM interpeak,135675 -> 135676,135675,135676,Manchester to Hazel Grove,AM interpeak,E01005838,14.899999999999999,331.5750000000007,85,0.41993973750000085,379.0
135675 -> 135676 | Manchester to Hazel Grove | AM peak,135675 -> 135676,135675,135676,Manchester to Hazel Grove,AM peak,E01005838,18.0,331.5750000000007,85,0.5073097500000011,292.0
135675 -> 135676 | Manchester to Hazel Grove | Evening off-peak,135675 -> 135676,135675,135676,Manchester to Hazel Grove,Evening off-peak,E01005838,5.0,331.5750000000007,85,0.14091937500000032,590.0
135675 -> 135676 | Manchester to Hazel Grove | Night/Early morning off-peak,135675 -> 135676,135675,135676,Manchester to Hazel Grove,Night/Early morning off-peak,E01005838,8.0,331.5750000000007,85,0.2254710000000005,530.0
135675 -> 135676 | Manchester to Hazel Grove | PM interpeak,135675 -> 135676,135675,135676,Manchester to Hazel Grove,PM interpeak,E01005838,17.0,331.5750000000007,85,0.4791258750000011,318.0
135675 -> 135676 | Manchester to Hazel Grove | PM peak,135675 -> 135676,135675,135676,Manchester to Hazel Grove,PM peak,E01005838,8.0,331.5750000000007,85,0.2254710000000005,530.0
135676 -> 134165 | Manchester to Hazel Grove | AM interpeak,135676 -> 134165,135676,134165,Manchester to Hazel Grove,AM interpeak,E01005840,15.0,161.51900000000023,85,0.2059367250000003,550.0
135676 -> 134165 | Manchester to Hazel Grove | AM peak,135676 -> 134165,135676,134165,Manchester to Hazel Grove,AM peak,E01005840,17.0,161.51900000000023,85,0.23339495500000035,524.0
135676 -> 134165 | Manchester to Hazel Grove | Evening off-peak,135676 -> 134165,135676,134165,Manchester to Hazel Grove,Evening off-peak,E01005840,5.0,161.51900000000023,85,0.0686455750000001,631.0
135676 -> 134165 | Manchester to Hazel Grove | Night/Early morning off-peak,135676 -> 134165,135676,134165,Manchester to Hazel Grove,Night/Early morning off-peak,E01005840,7.700000000000003,161.51900000000023,85,0.10571418550000018,612.0
135676 -> 134165 | Manchester to Hazel Grove | PM interpeak,135676 -> 134165,135676,134165,Manchester to Hazel Grove,PM interpeak,E01005840,17.0,161.51900000000023,85,0.23339495500000035,524.0
135676 -> 134165 | Manchester to Hazel Grove | PM peak,135676 -> 134165,135676,134165,Manchester to Hazel Grove,PM peak,E01005840,7.0,161.51900000000023,85,0.09610380500000014,620.0
135678 -> 135681 | Manchester to Hazel Grove | AM interpeak,135678 -> 135681,135678,135681,Manchester to Hazel Grove,AM interpeak,E01005866,27.0,313.3019999999997,85,0.7190280899999992,160.0
135678 -> 135681 | Manchester to Hazel Grove | AM peak,135678 -> 135681,135678,135681,Manchester to Hazel Grove,AM peak,E01005866,66.4,313.3019999999997,85,1.7682764879999986,10.0
135678 -> 135681 | Manchester to Hazel Grove | Evening off-peak,135678 -> 135681,135678,135681,Manchester to Hazel Grove,Evening off-peak,E01005866,14.0,313.3019999999997,85,0.3728293799999996,411.0
135678 -> 135681 | Manchester to Hazel Grove | Night/Early morning off-peak,135678 -> 135681,135678,135681,Manchester to Hazel Grove,Night/Early morning off-peak,E01005866,22.0,313.3019999999997,85,0.5858747399999994,243.0
135678 -> 135681 | Manchester to Hazel Grove | PM interpeak,135678 -> 135681,135678,135681,Manchester to Hazel Grove,PM interpeak,E01005866,44.5,313.3019999999997,85,1.1850648149999987,41.0
135678 -> 135681 | Manchester to Hazel Grove | PM peak,135678 -> 135681,135678,135681,Manchester to Hazel Grove,PM peak,E01005866,38.0,313.3019999999997,85,1.011965459999999,61.0
135679 -> 135682 | Manchester to Hazel Grove | AM interpeak,135679 -> 135682,135679,135682,Manchester to Hazel Grove,AM interpeak,E01005863,30.900000000000006,331.53299999999945,85,0.8707714244999987,96.0
135679 -> 135682 | Manchester to Hazel Grove | AM peak,135679 -> 135682,135679,135682,Manchester to Hazel Grove,AM peak,E01005863,64.0,331.53299999999945,85,1.803539519999997,8.0
135679 -> 135682 | Manchester to Hazel Grove | Evening off-peak,135679 -> 135682,135679,135682,Manchester to Hazel Grove,Evening off-peak,E01005863,14.0,331.53299999999945,85,0.39452426999999934,399.0
135679 -> 135682 | Manchester to Hazel Grove | Night/Early morning off-peak,135679 -> 135682,135679,135682,Manchester to Hazel Grove,Night/Early morning off-peak,E01005863,23.0,331.53299999999945,85,0.6481470149999989,208.0
135679 -> 135682 | Manchester to Hazel Grove | PM interpeak,135679 -> 135682,135679,135682,Manchester to Hazel Grove,PM interpeak,E01005863,44.0,331.53299999999945,85,1.239933419999998,36.0
135679 -> 135682 | Manchester to Hazel Grove | PM peak,135679 -> 135682,135679,135682,Manchester to Hazel Grove,PM peak,E01005863,37.0,331.53299999999945,85,1.0426712849999984,55.0
135680 -> 135683 | Manchester to Hazel Grove | AM interpeak,135680 -> 135683,135680,135683,Manchester to Hazel Grove,AM interpeak,E01005917,33.0,186.32200000000012,85,0.5226332100000003,278.0
135680 -> 135683 | Manchester to Hazel Grove | AM peak,135680 -> 135683,135680,135683,Manchester to Hazel Grove,AM peak,E01005917,61.20000000000002,186.32200000000012,85,0.969247044000001,72.0
135680 -> 135683 | Manchester to Hazel Grove | Evening off-peak,135680 -> 135683,135680,135683,Manchester to Hazel Grove,Evening off-peak,E01005917,14.0,186.32200000000012,85,0.22172318000000013,534.0
135680 -> 135683 | Manchester to Hazel Grove | Night/Early morning off-peak,135680 -> 135683,135680,135683,Manchester to Hazel Grove,Night/Early morning off-peak,E01005917,22.0,186.32200000000012,85,0.3484221400000002,433.0
135680 -> 135683 | Manchester to Hazel Grove | PM interpeak,135680 -> 135683,135680,135683,Manchester to Hazel Grove,PM interpeak,E01005917,41.20000000000002,186.32200000000012,85,0.6524996440000007,200.0
135680 -> 135683 | Manchester to Hazel Grove | PM peak,135680 -> 135683,135680,135683,Manchester to Hazel Grove,PM peak,E01005917,35.80000000000001,186.32200000000012,85,0.5669778460000006,248.0
135681 -> 135679 | Manchester to Hazel Grove | AM interpeak,135681 -> 135679,135681,135679,Manchester to Hazel Grove,AM interpeak,E01005866,29.0,272.9940000000006,85,0.6729302100000014,192.0
135681 -> 135679 | Manchester to Hazel Grove | AM peak,135681 -> 135679,135681,135679,Manchester to Hazel Grove,AM peak,E01005866,64.60000000000002,272.9940000000006,85,1.4990100540000038,18.0
135681 -> 135679 | Manchester to Hazel Grove | Evening off-peak,135681 -> 135679,135681,135679,Manchester to Hazel Grove,Evening off-peak,E01005866,14.0,272.9940000000006,85,0.3248628600000007,451.0
135681 -> 135679 | Manchester to Hazel Grove | Night/Early morning off-peak,135681 -> 135679,135681,135679,Manchester to Hazel Grove,Night/Early morning off-peak,E01005866,23.0,272.9940000000006,85,0.5337032700000012,275.0
135681 -> 135679 | Manchester to Hazel Grove | PM interpeak,135681 -> 135679,135681,135679,Manchester to Hazel Grove,PM interpeak,E01005866,44.20000000000002,272.9940000000006,85,1.0256384580000026,59.0
135681 -> 135679 | Manchester to Hazel Grove | PM peak,135681 -> 135679,135681,135679,Manchester to Hazel Grove,PM peak,E01005866,38.0,272.9940000000006,85,0.881770620000002,94.0
135682 -> 135680 | Manchester to Hazel Grove | AM interpeak,135682 -> 135680,135682,135680,Manchester to Hazel Grove,AM interpeak,E01005916,32.0,377.97300000000087,85,1.0280865600000024,58.0
135682 -> 135680 | Manchester to Hazel Grove | AM peak,135682 -> 135680,135682,135680,Manchester to Hazel Grove,AM peak,E01005916,62.400000000000006,377.97300000000087,85,2.004768792000005,4.0
135682 -> 135680 | Manchester to Hazel Grove | Evening off-peak,135682 -> 135680,135682,135680,Manchester to Hazel Grove,Evening off-peak,E01005916,14.0,377.97300000000087,85,0.44978787000000103,345.0
135682 -> 135680 | Manchester to Hazel Grove | Night/Early morning off-peak,135682 -> 135680,135682,135680,Manchester to Hazel Grove,Night/Early morning off-peak,E01005916,23.0,377.97300000000087,85,0.7389372150000018,148.0
135682 -> 135680 | Manchester to Hazel Grove | PM interpeak,135682 -> 135680,135682,135680,Manchester to Hazel Grove,PM interpeak,E01005916,43.400000000000006,377.97300000000087,85,1.3943423970000033,22.0
135682 -> 135680 | Manchester to Hazel Grove | PM peak,135682 -> 135680,135682,135680,Manchester to Hazel Grove,PM peak,E01005916,37.0,377.97300000000087,85,1.1887250850000028,40.0
135683 -> 135684 | Manchester to Hazel Grove | AM interpeak,135683 -> 135684,135683,135684,Manchester to Hazel Grove,AM interpeak,E01005917,35.0,267.6149999999998,85,0.7961546249999993,118.0
135683 -> 135684 | Manchester to Hazel Grove | AM peak,135683 -> 135684,135683,135684,Manchester to Hazel Grove,AM peak,E01005917,59.60000000000001,267.6149999999998,85,1.355737589999999,25.0
135683 -> 135684 | Manchester to Hazel Grove | Evening off-peak,135683 -> 135684,135683,135684,Manchester to Hazel Grove,Evening off-peak,E01005917,13.0,267.6149999999998,85,0.29571457499999976,477.0
135683 -> 135684 | Manchester to Hazel Grove | Night/Early morning off-peak,135683 -> 135684,135683,135684,Manchester to Hazel Grove,Night/Early morning off-peak,E01005917,22.0,267.6149999999998,85,0.5004400499999997,299.0
135683 -> 135684 | Manchester to Hazel Grove | PM interpeak,135683 -> 135684,135683,135684,Manchester to Hazel Grove,PM interpeak,E01005917,40.60000000000001,267.6149999999998,85,0.9235393649999996,80.0
135683 -> 135684 | Manchester to Hazel Grove | PM peak,135683 -> 135684,135683,135684,Manchester to Hazel Grove,PM peak,E01005917,34.80000000000001,267.6149999999998,85,0.7916051699999996,120.0
135684 -> 135685 | Manchester to Hazel Grove | AM interpeak,135684 -> 135685,135684,135685,Manchester to Hazel Grove,AM interpeak,E01005917,33.0,305.7340000000004,85,0.857583870000001,102.0
135684 -> 135685 | Manchester to Hazel Grove | AM peak,135684 -> 135685,135684,135685,Manchester to Hazel Grove,AM peak,E01005917,60.0,305.7340000000004,85,1.559243400000002,17.0
135684 -> 135685 | Manchester to Hazel Grove | Evening off-peak,135684 -> 135685,135684,135685,Manchester to Hazel Grove,Evening off-peak,E01005917,13.200000000000017,305.7340000000004,85,0.34303354800000085,437.0
135684 -> 135685 | Manchester to Hazel Grove | Night/Early morning off-peak,135684 -> 135685,135684,135685,Manchester to Hazel Grove,Night/Early morning off-peak,E01005917,22.0,305.7340000000004,85,0.5717225800000008,246.0
135684 -> 135685 | Manchester to Hazel Grove | PM interpeak,135684 -> 135685,135684,135685,Manchester to Hazel Grove,PM interpeak,E01005917,38.0,305.7340000000004,85,0.9875208200000012,66.0
135684 -> 135685 | Manchester to Hazel Grove | PM peak,135684 -> 135685,135684,135685,Manchester to Hazel Grove,PM peak,E01005917,31.0,305.7340000000004,85,0.8056090900000009,115.0
135685 -> 134397 | Manchester to Hazel Grove | AM interpeak,135685 -> 134397,135685,134397,Manchester to Hazel Grove,AM interpeak,E01005917,34.70000000000002,332.8119999999999,85,0.9816289940000001,68.0
135685 -> 134397 | Manchester to Hazel Grove | AM peak,135685 -> 134397,135685,134397,Manchester to Hazel Grove,AM peak,E01005917,58.70000000000002,332.8119999999999,85,1.660565474,13.0
135685 -> 134397 | Manchester to Hazel Grove | Evening off-peak,135685 -> 134397,135685,134397,Manchester to Hazel Grove,Evening off-peak,E01005917,15.0,332.8119999999999,85,0.42433529999999986,373.0
135685 -> 134397 | Manchester to Hazel Grove | Night/Early morning off-peak,135685 -> 134397,135685,134397,Manchester to Hazel Grove,Night/Early morning off-peak,E01005917,20.9,332.8119999999999,85,0.5912405179999998,238.0
135685 -> 134397 | Manchester to Hazel Grove | PM interpeak,135685 -> 134397,135685,134397,Manchester to Hazel Grove,PM interpeak,E01005917,36.599999999999994,332.8119999999999,85,1.0353781319999995,57.0
135685 -> 134397 | Manchester to Hazel Grove | PM peak,135685 -> 134397,135685,134397,Manchester to Hazel Grove,PM peak,E01005917,30.5,332.8119999999999,85,0.8628151099999997,99.0
135685 -> 135792 | Manchester to Hazel Grove | AM interpeak,135685 -> 135792,135685,135792,Manchester to Hazel Grove,AM interpeak,E01005917,11.0,317.27499999999964,85,0.29665212499999966,475.0
135685 -> 135792 | Manchester to Hazel Grove | AM peak,135685 -> 135792,135685,135792,Manchester to Hazel Grove,AM peak,E01005917,4.0,317.27499999999964,85,0.10787349999999987,611.0
135685 -> 135792 | Manchester to Hazel Grove | Evening off-peak,135685 -> 135792,135685,135792,Manchester to Hazel Grove,Evening off-peak,E01005917,5.0,317.27499999999964,85,0.13484187499999983,598.0
135685 -> 135792 | Manchester to Hazel Grove | Night/Early morning off-peak,135685 -> 135792,135685,135792,Manchester to Hazel Grove,Night/Early morning off-peak,E01005917,1.0,317.27499999999964,85,0.026968374999999968,638.0
135685 -> 135792 | Manchester to Hazel Grove | PM interpeak,135685 -> 135792,135685,135792,Manchester to Hazel Grove,PM interpeak,E01005917,9.5,317.27499999999964,85,0.25619956249999976,514.0
135685 -> 135792 | Manchester to Hazel Grove | PM peak,135685 -> 135792,135685,135792,Manchester to Hazel Grove,PM peak,E01005917,11.0,317.27499999999964,85,0.29665212499999966,475.0
135687 -> 133049 | Manchester to Hazel Grove | AM interpeak,135687 -> 133049,135687,133049,Manchester to Hazel Grove,AM interpeak,E01033948,31.0,299.02000000000044,85,0.787917700000001,123.0
135687 -> 133049 | Manchester to Hazel Grove | AM peak,135687 -> 133049,135687,133049,Manchester to Hazel Grove,AM peak,E01033948,50.0,299.02000000000044,85,1.270835000000002,31.0
135687 -> 133049 | Manchester to Hazel Grove | Evening off-peak,135687 -> 133049,135687,133049,Manchester to Hazel Grove,Evening off-peak,E01033948,13.0,299.02000000000044,85,0.33041710000000046,446.0
135687 -> 133049 | Manchester to Hazel Grove | Night/Early morning off-peak,135687 -> 133049,135687,133049,Manchester to Hazel Grove,Night/Early morning off-peak,E01033948,17.5,299.02000000000044,85,0.44479225000000067,351.0
135687 -> 133049 | Manchester to Hazel Grove | PM interpeak,135687 -> 133049,135687,133049,Manchester to Hazel Grove,PM interpeak,E01033948,34.8,299.02000000000044,85,0.8845011600000011,91.0
135687 -> 133049 | Manchester to Hazel Grove | PM peak,135687 -> 133049,135687,133049,Manchester to Hazel Grove,PM peak,E01033948,28.200000000000003,299.02000000000044,85,0.7167509400000012,163.0
135687 -> 134517 | Manchester to Hazel Grove | AM peak,135687 -> 134517,135687,134517,Manchester to Hazel Grove,AM peak,E01033948,9.0,635.4079999999994,85,0.4860871199999996,311.0
135687 -> 134517 | Manchester to Hazel Grove | PM interpeak,135687 -> 134517,135687,134517,Manchester to Hazel Grove,PM interpeak,E01033948,12.200000000000003,635.4079999999994,85,0.6589180959999995,196.0
135687 -> 134517 | Manchester to Hazel Grove | PM peak,135687 -> 134517,135687,134517,Manchester to Hazel Grove,PM peak,E01033948,7.100000000000001,635.4079999999994,85,0.38346872799999976,406.0
135689 -> 135634 | Hazel Grove to Manchester | AM interpeak,135689 -> 135634,135689,135634,Hazel Grove to Manchester,AM interpeak,E01005841,3.0,331.047,85,0.08441698500000001,627.0
135689 -> 135634 | Hazel Grove to Manchester | AM peak,135689 -> 135634,135689,135634,Hazel Grove to Manchester,AM peak,E01005841,5.0,331.047,85,0.140694975,591.0
135689 -> 135634 | Hazel Grove to Manchester | Evening off-peak,135689 -> 135634,135689,135634,Hazel Grove to Manchester,Evening off-peak,E01005841,2.0,331.047,85,0.05627799000000001,635.0
135689 -> 135634 | Hazel Grove to Manchester | Night/Early morning off-peak,135689 -> 135634,135689,135634,Hazel Grove to Manchester,Night/Early morning off-peak,E01005841,2.8999999999999986,331.047,85,0.08160308549999996,629.0
135689 -> 135634 | Hazel Grove to Manchester | PM interpeak,135689 -> 135634,135689,135634,Hazel Grove to Manchester,PM interpeak,E01005841,5.0,331.047,85,0.140694975,591.0
135689 -> 135634 | Hazel Grove to Manchester | PM peak,135689 -> 135634,135689,135634,Hazel Grove to Manchester,PM peak,E01005841,4.0,331.047,85,0.11255598000000001,610.0
48350 -> 48535 | Hazel Grove to Manchester | AM interpeak,48350 -> 48535,48350,48535,Hazel Grove to Manchester,AM interpeak,E01033654,6.0,259.9989999999998,85,0.13259948999999988,603.0
48350 -> 48535 | Hazel Grove to Manchester | AM peak,48350 -> 48535,48350,48535,Hazel Grove to Manchester,AM peak,E01033654,19.0,259.9989999999998,85,0.41989838499999965,380.0
48350 -> 48535 | Hazel Grove to Manchester | Evening off-peak,48350 -> 48535,48350,48535,Hazel Grove to Manchester,Evening off-peak,E01033654,21.0,259.9989999999998,85,0.46409821499999965,328.0
48350 -> 48535 | Hazel Grove to Manchester | Night/Early morning off-peak,48350 -> 48535,48350,48535,Hazel Grove to Manchester,Night/Early morning off-peak,E01033654,34.0,259.9989999999998,85,0.7513971099999994,141.0
48350 -> 48535 | Hazel Grove to Manchester | PM interpeak,48350 -> 48535,48350,48535,Hazel Grove to Manchester,PM interpeak,E01033654,22.0,259.9989999999998,85,0.4861981299999997,310.0
48350 -> 48535 | Hazel Grove to Manchester | PM peak,48350 -> 48535,48350,48535,Hazel Grove to Manchester,PM peak,E01033654,20.0,260.0,85,0.442,353.0
48356 -> 54154 | Manchester to Hazel Grove | AM interpeak,48356 -> 54154,48356,54154,Manchester to Hazel Grove,AM interpeak,E01033654,4.0,528.2570000000001,85,0.17960738000000004,569.0
48356 -> 54154 | Manchester to Hazel Grove | AM peak,48356 -> 54154,48356,54154,Manchester to Hazel Grove,AM peak,E01033654,15.0,528.2570000000001,85,0.673527675,188.0
48356 -> 54154 | Manchester to Hazel Grove | Evening off-peak,48356 -> 54154,48356,54154,Manchester to Hazel Grove,Evening off-peak,E01033654,6.0,528.2570000000001,85,0.26941107000000003,505.0
48356 -> 54154 | Manchester to Hazel Grove | Night/Early morning off-peak,48356 -> 54154,48356,54154,Manchester to Hazel Grove,Night/Early morning off-peak,E01033654,10.600000000000009,528.2570000000001,85,0.4759595570000004,319.0
48356 -> 54154 | Manchester to Hazel Grove | PM interpeak,48356 -> 54154,48356,54154,Manchester to Hazel Grove,PM interpeak,E01033654,16.0,528.2570000000001,85,0.7184295200000002,161.0
48356 -> 54154 | Manchester to Hazel Grove | PM peak,48356 -> 54154,48356,54154,Manchester to Hazel Grove,PM peak,E01033654,15.0,528.2570000000001,85,0.673527675,188.0
48363 -> 48356 | Manchester to Hazel Grove | AM interpeak,48363 -> 48356,48363,48356,Manchester to Hazel Grove,AM interpeak,E01033661,3.0,168.13199999999995,85,0.04287365999999999,637.0
48363 -> 48356 | Manchester to Hazel Grove | AM peak,48363 -> 48356,48363,48356,Manchester to Hazel Grove,AM peak,E01033661,10.0,168.13199999999995,85,0.14291219999999996,587.0
48363 -> 48356 | Manchester to Hazel Grove | Evening off-peak,48363 -> 48356,48363,48356,Manchester to Hazel Grove,Evening off-peak,E01033661,4.0,168.13199999999995,85,0.05716487999999999,634.0
48363 -> 48356 | Manchester to Hazel Grove | Night/Early morning off-peak,48363 -> 48356,48363,48356,Manchester to Hazel Grove,Night/Early morning off-peak,E01033661,7.0,168.13199999999995,85,0.10003853999999997,618.0
48363 -> 48356 | Manchester to Hazel Grove | PM interpeak,48363 -> 48356,48363,48356,Manchester to Hazel Grove,PM interpeak,E01033661,11.0,168.13199999999995,85,0.15720341999999995,582.0
48363 -> 48356 | Manchester to Hazel Grove | PM peak,48363 -> 48356,48363,48356,Manchester to Hazel Grove,PM peak,E01033661,10.0,168.13199999999995,85,0.14291219999999996,587.0
48378 -> 48363 | Manchester to Hazel Grove | AM interpeak,48378 -> 48363,48378,48363,Manchester to Hazel Grove,AM interpeak,E01033653,2.0,392.812,85,0.06677804000000001,633.0
48378 -> 48363 | Manchester to Hazel Grove | AM peak,48378 -> 48363,48378,48363,Manchester to Hazel Grove,AM peak,E01033653,6.0,392.812,85,0.20033412,556.0
48378 -> 48363 | Manchester to Hazel Grove | Evening off-peak,48378 -> 48363,48378,48363,Manchester to Hazel Grove,Evening off-peak,E01033653,3.0,392.812,85,0.10016706,617.0
48378 -> 48363 | Manchester to Hazel Grove | Night/Early morning off-peak,48378 -> 48363,48378,48363,Manchester to Hazel Grove,Night/Early morning off-peak,E01033653,4.0,392.812,85,0.13355608000000002,602.0
48378 -> 48363 | Manchester to Hazel Grove | PM interpeak,48378 -> 48363,48378,48363,Manchester to Hazel Grove,PM interpeak,E01033653,6.0,392.812,85,0.20033412,556.0
48378 -> 48363 | Manchester to Hazel Grove | PM peak,48378 -> 48363,48378,48363,Manchester to Hazel Grove,PM peak,E01033653,6.0,392.812,85,0.20033412,556.0
48535 -> 50826 | Hazel Grove to Manchester | AM interpeak,48535 -> 50826,48535,50826,Hazel Grove to Manchester,AM interpeak,E01033654,6.0,168.6790000000001,85,0.08602629000000005,626.0
48535 -> 50826 | Hazel Grove to Manchester | AM peak,48535 -> 50826,48535,50826,Hazel Grove to Manchester,AM peak,E01033654,19.599999999999994,168.6790000000001,85,0.281019214,492.0
48535 -> 50826 | Hazel Grove to Manchester | Evening off-peak,48535 -> 50826,48535,50826,Hazel Grove to Manchester,Evening off-peak,E01033654,21.0,168.6790000000001,85,0.3010920150000001,470.0
48535 -> 50826 | Hazel Grove to Manchester | Night/Early morning off-peak,48535 -> 50826,48535,50826,Hazel Grove to Manchester,Night/Early morning off-peak,E01033654,32.0,168.6790000000001,85,0.45880688000000025,334.0
48535 -> 50826 | Hazel Grove to Manchester | PM interpeak,48535 -> 50826,48535,50826,Hazel Grove to Manchester,PM interpeak,E01033654,21.200000000000003,168.6790000000001,85,0.3039595580000002,467.0
48535 -> 50826 | Hazel Grove to Manchester | PM peak,48535 -> 50826,48535,50826,Hazel Grove to Manchester,PM peak,E01033654,19.0,168.67799999999988,85,0.2724149699999998,501.0
48642 -> 48669 | Manchester to Hazel Grove | AM interpeak,48642 -> 48669,48642,48669,Manchester to Hazel Grove,AM interpeak,E01005221,16.0,204.14199999999983,85,0.2776331199999998,494.0
48642 -> 48669 | Manchester to Hazel Grove | AM peak,48642 -> 48669,48642,48669,Manchester to Hazel Grove,AM peak,E01005221,72.0,204.14199999999983,85,1.249349039999999,35.0
48642 -> 48669 | Manchester to Hazel Grove | Evening off-peak,48642 -> 48669,48642,48669,Manchester to Hazel Grove,Evening off-peak,E01005221,16.0,204.14199999999983,85,0.2776331199999998,494.0
48642 -> 48669 | Manchester to Hazel Grove | Night/Early morning off-peak,48642 -> 48669,48642,48669,Manchester to Hazel Grove,Night/Early morning off-peak,E01005221,27.700000000000003,204.14199999999983,85,0.48065233899999965,315.0
48642 -> 48669 | Manchester to Hazel Grove | PM interpeak,48642 -> 48669,48642,48669,Manchester to Hazel Grove,PM interpeak,E01005221,51.0,204.14199999999983,85,0.8849555699999992,90.0
48642 -> 48669 | Manchester to Hazel Grove | PM peak,48642 -> 48669,48642,48669,Manchester to Hazel Grove,PM peak,E01005221,46.0,204.14199999999983,85,0.7981952199999994,117.0
48651 -> 48677 | Manchester to Hazel Grove | AM interpeak,48651 -> 48677,48651,48677,Manchester to Hazel Grove,AM interpeak,E01005221,18.80000000000001,191.53700000000026,85,0.3060761260000006,465.0
48651 -> 48677 | Manchester to Hazel Grove | AM peak,48651 -> 48677,48651,48677,Manchester to Hazel Grove,AM peak,E01005221,76.10000000000001,191.53700000000026,85,1.238957084500002,37.0
48651 -> 48677 | Manchester to Hazel Grove | Evening off-peak,48651 -> 48677,48651,48677,Manchester to Hazel Grove,Evening off-peak,E01005221,17.0,191.53700000000026,85,0.27677096500000037,497.0
48651 -> 48677 | Manchester to Hazel Grove | Night/Early morning off-peak,48651 -> 48677,48651,48677,Manchester to Hazel Grove,Night/Early morning off-peak,E01005221,27.799999999999997,191.53700000000026,85,0.45260193100000057,339.0
48651 -> 48677 | Manchester to Hazel Grove | PM interpeak,48651 -> 48677,48651,48677,Manchester to Hazel Grove,PM interpeak,E01005221,49.60000000000001,191.53700000000026,85,0.8075199920000014,114.0
48651 -> 48677 | Manchester to Hazel Grove | PM peak,48651 -> 48677,48651,48677,Manchester to Hazel Grove,PM peak,E01005221,45.0,191.53700000000026,85,0.7326290250000009,151.0
48654 -> 48835 | Hazel Grove to Manchester | AM interpeak,48654 -> 48835,48654,48835,Hazel Grove to Manchester,AM interpeak,E01005238,10.0,387.6270000000004,85,0.3294829500000004,447.0
48654 -> 48835 | Hazel Grove to Manchester | AM peak,48654 -> 48835,48654,48835,Hazel Grove to Manchester,AM peak,E01005238,17.0,387.6270000000004,85,0.5601210150000007,254.0
48654 -> 48835 | Hazel Grove to Manchester | Evening off-peak,48654 -> 48835,48654,48835,Hazel Grove to Manchester,Evening off-peak,E01005238,28.10000000000001,387.6270000000004,85,0.9258470895000013,79.0
48654 -> 48835 | Hazel Grove to Manchester | Night/Early morning off-peak,48654 -> 48835,48654,48835,Hazel Grove to Manchester,Night/Early morning off-peak,E01005238,42.0,387.6270000000004,85,1.3838283900000015,24.0
48654 -> 48835 | Hazel Grove to Manchester | PM interpeak,48654 -> 48835,48654,48835,Hazel Grove to Manchester,PM interpeak,E01005238,20.0,387.6270000000004,85,0.6589659000000008,195.0
48654 -> 48835 | Hazel Grove to Manchester | PM peak,48654 -> 48835,48654,48835,Hazel Grove to Manchester,PM peak,E01005238,28.0,387.6270000000004,85,0.9225522600000009,81.0
48657 -> 48663 | Manchester to Hazel Grove | AM interpeak,48657 -> 48663,48657,48663,Manchester to Hazel Grove,AM interpeak,E01034137,13.0,305.85000000000036,85,0.3379642500000004,442.0
48657 -> 48663 | Manchester to Hazel Grove | AM peak,48657 -> 48663,48657,48663,Manchester to Hazel Grove,AM peak,E01034137,63.20000000000002,305.85000000000036,85,1.6430262000000024,15.0
48657 -> 48663 | Manchester to Hazel Grove | Evening off-peak,48657 -> 48663,48657,48663,Manchester to Hazel Grove,Evening off-peak,E01034137,15.0,305.85000000000036,85,0.38995875000000046,402.0
48657 -> 48663 | Manchester to Hazel Grove | Night/Early morning off-peak,48657 -> 48663,48657,48663,Manchester to Hazel Grove,Night/Early morning off-peak,E01034137,25.0,305.85000000000036,85,0.6499312500000007,205.0
48657 -> 48663 | Manchester to Hazel Grove | PM interpeak,48657 -> 48663,48657,48663,Manchester to Hazel Grove,PM interpeak,E01034137,48.5,305.85000000000036,85,1.2608666250000016,33.0
48657 -> 48663 | Manchester to Hazel Grove | PM peak,48657 -> 48663,48657,48663,Manchester to Hazel Grove,PM peak,E01034137,44.0,305.85000000000036,85,1.1438790000000014,46.0
48660 -> 48654 | Hazel Grove to Manchester | AM interpeak,48660 -> 48654,48660,48654,Hazel Grove to Manchester,AM interpeak,E01005219,10.0,287.02299999999923,85,0.24396954999999934,519.0
48660 -> 48654 | Hazel Grove to Manchester | AM peak,48660 -> 48654,48660,48654,Hazel Grove to Manchester,AM peak,E01005219,16.0,287.02299999999923,85,0.39035127999999897,400.0
48660 -> 48654 | Hazel Grove to Manchester | Evening off-peak,48660 -> 48654,48660,48654,Hazel Grove to Manchester,Evening off-peak,E01005219,30.0,287.02299999999923,85,0.731908649999998,153.0
48660 -> 48654 | Hazel Grove to Manchester | Night/Early morning off-peak,48660 -> 48654,48660,48654,Hazel Grove to Manchester,Night/Early morning off-peak,E01005219,42.0,287.02299999999923,85,1.0246721099999971,60.0
48660 -> 48654 | Hazel Grove to Manchester | PM interpeak,48660 -> 48654,48660,48654,Hazel Grove to Manchester,PM interpeak,E01005219,19.200000000000003,287.02299999999923,85,0.46842153599999875,325.0
48660 -> 48654 | Hazel Grove to Manchester | PM peak,48660 -> 48654,48660,48654,Hazel Grove to Manchester,PM peak,E01005219,28.0,287.02299999999923,85,0.6831147399999982,180.0
48663 -> 48642 | Manchester to Hazel Grove | AM interpeak,48663 -> 48642,48663,48642,Manchester to Hazel Grove,AM interpeak,E01034138,14.0,184.83399999999983,85,0.2199524599999998,536.0
48663 -> 48642 | Manchester to Hazel Grove | AM peak,48663 -> 48642,48663,48642,Manchester to Hazel Grove,AM peak,E01034138,68.10000000000001,184.83399999999983,85,1.0699116089999992,53.0
48663 -> 48642 | Manchester to Hazel Grove | Evening off-peak,48663 -> 48642,48663,48642,Manchester to Hazel Grove,Evening off-peak,E01034138,17.0,184.83399999999983,85,0.2670851299999998,506.0
48663 -> 48642 | Manchester to Hazel Grove | Night/Early morning off-peak,48663 -> 48642,48663,48642,Manchester to Hazel Grove,Night/Early morning off-peak,E01034138,26.799999999999997,184.83399999999983,85,0.42105185199999956,377.0
48663 -> 48642 | Manchester to Hazel Grove | PM interpeak,48663 -> 48642,48663,48642,Manchester to Hazel Grove,PM interpeak,E01034138,50.5,184.83399999999983,85,0.7933999449999993,119.0
48663 -> 48642 | Manchester to Hazel Grove | PM peak,48663 -> 48642,48663,48642,Manchester to Hazel Grove,PM peak,E01034138,46.0,184.83399999999983,85,0.7227009399999994,158.0
48666 -> 48660 | Hazel Grove to Manchester | AM interpeak,48666 -> 48660,48666,48660,Hazel Grove to Manchester,AM interpeak,E01005219,10.0,257.0030000000006,85,0.21845255000000052,539.0
48666 -> 48660 | Hazel Grove to Manchester | AM peak,48666 -> 48660,48666,48660,Hazel Grove to Manchester,AM peak,E01005219,15.0,257.0030000000006,85,0.3276788250000008,448.0
48666 -> 48660 | Hazel Grove to Manchester | Evening off-peak,48666 -> 48660,48666,48660,Hazel Grove to Manchester,Evening off-peak,E01005219,31.0,257.0030000000006,85,0.6772029050000016,183.0
48666 -> 48660 | Hazel Grove to Manchester | Night/Early morning off-peak,48666 -> 48660,48666,48660,Hazel Grove to Manchester,Night/Early morning off-peak,E01005219,41.0,257.0030000000006,85,0.8956554550000021,86.0
48666 -> 48660 | Hazel Grove to Manchester | PM interpeak,48666 -> 48660,48666,48660,Hazel Grove to Manchester,PM interpeak,E01005219,19.10000000000001,257.0030000000006,85,0.4172443705000011,384.0
48666 -> 48660 | Hazel Grove to Manchester | PM peak,48666 -> 48660,48666,48660,Hazel Grove to Manchester,PM peak,E01005219,29.0,257.0030000000006,85,0.6335123950000014,213.0
48669 -> 48651 | Manchester to Hazel Grove | AM interpeak,48669 -> 48651,48669,48651,Manchester to Hazel Grove,AM interpeak,E01005221,17.0,202.44700000000012,85,0.29253591500000015,481.0
48669 -> 48651 | Manchester to Hazel Grove | AM peak,48669 -> 48651,48669,48651,Manchester to Hazel Grove,AM peak,E01005221,76.0,202.44700000000012,85,1.3078076200000006,29.0
48669 -> 48651 | Manchester to Hazel Grove | Evening off-peak,48669 -> 48651,48669,48651,Manchester to Hazel Grove,Evening off-peak,E01005221,17.0,202.44700000000012,85,0.29253591500000015,481.0
48669 -> 48651 | Manchester to Hazel Grove | Night/Early morning off-peak,48669 -> 48651,48669,48651,Manchester to Hazel Grove,Night/Early morning off-peak,E01005221,28.0,202.44700000000012,85,0.48182386000000027,313.0
48669 -> 48651 | Manchester to Hazel Grove | PM interpeak,48669 -> 48651,48669,48651,Manchester to Hazel Grove,PM interpeak,E01005221,52.0,202.44700000000012,85,0.8948157400000004,87.0
48669 -> 48651 | Manchester to Hazel Grove | PM peak,48669 -> 48651,48669,48651,Manchester to Hazel Grove,PM peak,E01005221,47.80000000000001,202.44700000000012,85,0.8225421610000007,109.0
48672 -> 48666 | Hazel Grove to Manchester | AM interpeak,48672 -> 48666,48672,48666,Hazel Grove to Manchester,AM interpeak,E01005221,10.0,311.46299999999974,85,0.2647435499999997,510.0
48672 -> 48666 | Hazel Grove to Manchester | AM peak,48672 -> 48666,48672,48666,Hazel Grove to Manchester,AM peak,E01005221,17.0,311.46299999999974,85,0.45006403499999964,343.0
48672 -> 48666 | Hazel Grove to Manchester | Evening off-peak,48672 -> 48666,48672,48666,Hazel Grove to Manchester,Evening off-peak,E01005221,31.0,311.46299999999974,85,0.8207050049999992,110.0
48672 -> 48666 | Hazel Grove to Manchester | Night/Early morning off-peak,48672 -> 48666,48672,48666,Hazel Grove to Manchester,Night/Early morning off-peak,E01005221,41.0,311.46299999999974,85,1.085448554999999,50.0
48672 -> 48666 | Hazel Grove to Manchester | PM interpeak,48672 -> 48666,48672,48666,Hazel Grove to Manchester,PM interpeak,E01005221,19.0,311.46299999999974,85,0.5030127449999996,297.0
48672 -> 48666 | Hazel Grove to Manchester | PM peak,48672 -> 48666,48672,48666,Hazel Grove to Manchester,PM peak,E01005221,28.5,311.46299999999974,85,0.7545191174999993,140.0
48675 -> 48672 | Hazel Grove to Manchester | AM interpeak,48675 -> 48672,48675,48672,Hazel Grove to Manchester,AM interpeak,E01005221,10.900000000000006,221.54100000000017,85,0.20525773650000026,551.0
48675 -> 48672 | Hazel Grove to Manchester | AM peak,48675 -> 48672,48675,48672,Hazel Grove to Manchester,AM peak,E01005221,17.0,221.54100000000017,85,0.32012674500000027,454.0
48675 -> 48672 | Hazel Grove to Manchester | Evening off-peak,48675 -> 48672,48675,48672,Hazel Grove to Manchester,Evening off-peak,E01005221,29.0,221.54100000000108,85,0.5460985650000026,264.0
48675 -> 48672 | Hazel Grove to Manchester | Night/Early morning off-peak,48675 -> 48672,48675,48672,Hazel Grove to Manchester,Night/Early morning off-peak,E01005221,42.0,221.54100000000017,85,0.7909013700000006,121.0
48675 -> 48672 | Hazel Grove to Manchester | PM interpeak,48675 -> 48672,48675,48672,Hazel Grove to Manchester,PM interpeak,E01005221,19.200000000000003,221.54100000000017,85,0.3615549120000003,425.0
48675 -> 48672 | Hazel Grove to Manchester | PM peak,48675 -> 48672,48675,48672,Hazel Grove to Manchester,PM peak,E01005221,29.0,221.54100000000017,85,0.5460985650000003,265.0
48677 -> 48680 | Manchester to Hazel Grove | AM interpeak,48677 -> 48680,48677,48680,Manchester to Hazel Grove,AM interpeak,E01005222,20.0,199.52700000000004,85,0.33919590000000005,440.0
48677 -> 48680 | Manchester to Hazel Grove | AM peak,48677 -> 48680,48677,48680,Manchester to Hazel Grove,AM peak,E01005222,74.10000000000001,199.52700000000004,85,1.2567208095000004,34.0
48677 -> 48680 | Manchester to Hazel Grove | Evening off-peak,48677 -> 48680,48677,48680,Manchester to Hazel Grove,Evening off-peak,E01005222,16.0,199.52700000000004,85,0.27135672000000005,503.0
48677 -> 48680 | Manchester to Hazel Grove | Night/Early morning off-peak,48677 -> 48680,48677,48680,Manchester to Hazel Grove,Night/Early morning off-peak,E01005222,25.799999999999997,199.52700000000004,85,0.43756271100000005,359.0
48677 -> 48680 | Manchester to Hazel Grove | PM interpeak,48677 -> 48680,48677,48680,Manchester to Hazel Grove,PM interpeak,E01005222,49.0,199.52700000000004,85,0.8310299550000002,107.0
48677 -> 48680 | Manchester to Hazel Grove | PM peak,48677 -> 48680,48677,48680,Manchester to Hazel Grove,PM peak,E01005222,43.0,199.52700000000004,85,0.7292711850000002,157.0
48680 -> 134267 | Manchester to Hazel Grove | AM interpeak,48680 -> 134267,48680,134267,Manchester to Hazel Grove,AM interpeak,E01005222,22.0,522.777,85,0.9775929900000001,69.0
48680 -> 134267 | Manchester to Hazel Grove | AM peak,48680 -> 134267,48680,134267,Manchester to Hazel Grove,AM peak,E01005222,72.4,522.777,85,3.217169658000001,1.0
48680 -> 134267 | Manchester to Hazel Grove | Evening off-peak,48680 -> 134267,48680,134267,Manchester to Hazel Grove,Evening off-peak,E01005222,16.0,522.777,85,0.7109767200000001,167.0
48680 -> 134267 | Manchester to Hazel Grove | Night/Early morning off-peak,48680 -> 134267,48680,134267,Manchester to Hazel Grove,Night/Early morning off-peak,E01005222,25.799999999999997,522.777,85,1.1464499609999999,45.0
48680 -> 134267 | Manchester to Hazel Grove | PM interpeak,48680 -> 134267,48680,134267,Manchester to Hazel Grove,PM interpeak,E01005222,48.5,522.777,85,2.1551481825,3.0
48680 -> 134267 | Manchester to Hazel Grove | PM peak,48680 -> 134267,48680,134267,Manchester to Hazel Grove,PM peak,E01005222,41.0,522.777,85,1.821877845,7.0
48683 -> 48675 | Hazel Grove to Manchester | AM interpeak,48683 -> 48675,48683,48675,Hazel Grove to Manchester,AM interpeak,E01005216,11.0,224.1299999999992,85,0.20956154999999926,544.0
48683 -> 48675 | Hazel Grove to Manchester | AM peak,48683 -> 48675,48683,48675,Hazel Grove to Manchester,AM peak,E01005216,18.0,224.1299999999992,85,0.34291889999999875,438.0
48683 -> 48675 | Hazel Grove to Manchester | Evening off-peak,48683 -> 48675,48683,48675,Hazel Grove to Manchester,Evening off-peak,E01005216,29.0,224.1299999999992,85,0.552480449999998,259.0
48683 -> 48675 | Hazel Grove to Manchester | Night/Early morning off-peak,48683 -> 48675,48683,48675,Hazel Grove to Manchester,Night/Early morning off-peak,E01005216,41.0,224.1299999999992,85,0.7810930499999972,125.0
48683 -> 48675 | Hazel Grove to Manchester | PM interpeak,48683 -> 48675,48683,48675,Hazel Grove to Manchester,PM interpeak,E01005216,20.0,224.1300000000001,85,0.38102100000000017,408.0
48683 -> 48675 | Hazel Grove to Manchester | PM peak,48683 -> 48675,48683,48675,Hazel Grove to Manchester,PM peak,E01005216,28.0,224.1300000000001,85,0.5334294000000002,276.0
48686 -> 48683 | Hazel Grove to Manchester | AM interpeak,48686 -> 48683,48686,48683,Hazel Grove to Manchester,AM interpeak,E01005215,11.0,381.47699999999986,85,0.3566809949999999,428.0
48686 -> 48683 | Hazel Grove to Manchester | AM peak,48686 -> 48683,48686,48683,Hazel Grove to Manchester,AM peak,E01005215,18.5,381.47699999999986,85,0.5998725824999998,231.0
48686 -> 48683 | Hazel Grove to Manchester | Evening off-peak,48686 -> 48683,48686,48683,Hazel Grove to Manchester,Evening off-peak,E01005215,28.0,381.47700000000077,85,0.9079152600000018,85.0
48686 -> 48683 | Hazel Grove to Manchester | Night/Early morning off-peak,48686 -> 48683,48686,48683,Hazel Grove to Manchester,Night/Early morning off-peak,E01005215,38.900000000000006,381.47699999999986,85,1.2613537004999997,32.0
48686 -> 48683 | Hazel Grove to Manchester | PM interpeak,48686 -> 48683,48686,48683,Hazel Grove to Manchester,PM interpeak,E01005215,20.10000000000001,381.47600000000057,85,0.6517517460000012,203.0
48686 -> 48683 | Hazel Grove to Manchester | PM peak,48686 -> 48683,48686,48683,Hazel Grove to Manchester,PM peak,E01005215,29.0,381.47600000000057,85,0.9403383400000014,76.0
48831 -> 50410 | Hazel Grove to Manchester | AM interpeak,48831 -> 50410,48831,50410,Hazel Grove to Manchester,AM interpeak,E01005234,9.0,496.5589999999993,85,0.3798676349999994,409.0
48831 -> 50410 | Hazel Grove to Manchester | AM peak,48831 -> 50410,48831,50410,Hazel Grove to Manchester,AM peak,E01005234,16.0,496.5589999999993,85,0.6753202399999991,185.0
48831 -> 50410 | Hazel Grove to Manchester | Evening off-peak,48831 -> 50410,48831,50410,Hazel Grove to Manchester,Evening off-peak,E01005234,27.0,496.5589999999993,85,1.1396029049999983,47.0
48831 -> 50410 | Hazel Grove to Manchester | Night/Early morning off-peak,48831 -> 50410,48831,50410,Hazel Grove to Manchester,Night/Early morning off-peak,E01005234,38.2,496.5589999999993,85,1.612327072999998,16.0
48831 -> 50410 | Hazel Grove to Manchester | PM interpeak,48831 -> 50410,48831,50410,Hazel Grove to Manchester,PM interpeak,E01005234,20.200000000000003,496.5589999999993,85,0.8525918029999989,104.0
48831 -> 50410 | Hazel Grove to Manchester | PM peak,48831 -> 50410,48831,50410,Hazel Grove to Manchester,PM peak,E01005234,27.200000000000017,496.5589999999993,85,1.1480444079999987,44.0
48833 -> 48837 | Manchester to Hazel Grove | AM interpeak,48833 -> 48837,48833,48837,Manchester to Hazel Grove,AM interpeak,E01005234,11.0,222.3729999999996,85,0.20791875499999962,547.0
48833 -> 48837 | Manchester to Hazel Grove | AM peak,48833 -> 48837,48833,48837,Manchester to Hazel Grove,AM peak,E01005234,56.900000000000006,222.3729999999996,85,1.075507014499998,51.0
48833 -> 48837 | Manchester to Hazel Grove | Evening off-peak,48833 -> 48837,48833,48837,Manchester to Hazel Grove,Evening off-peak,E01005234,15.0,222.3729999999996,85,0.2835255749999994,490.0
48833 -> 48837 | Manchester to Hazel Grove | Night/Early morning off-peak,48833 -> 48837,48833,48837,Manchester to Hazel Grove,Night/Early morning off-peak,E01005234,24.0,222.3729999999996,85,0.4536409199999992,335.0
48833 -> 48837 | Manchester to Hazel Grove | PM interpeak,48833 -> 48837,48833,48837,Manchester to Hazel Grove,PM interpeak,E01005234,43.0,222.3729999999996,85,0.8127733149999984,112.0
48833 -> 48837 | Manchester to Hazel Grove | PM peak,48833 -> 48837,48833,48837,Manchester to Hazel Grove,PM peak,E01005234,42.80000000000001,222.3729999999996,85,0.8089929739999986,113.0
48835 -> 48831 | Hazel Grove to Manchester | AM interpeak,48835 -> 48831,48835,48831,Hazel Grove to Manchester,AM interpeak,E01005234,9.0,185.8130000000001,85,0.14214694500000008,589.0
48835 -> 48831 | Hazel Grove to Manchester | AM peak,48835 -> 48831,48835,48831,Hazel Grove to Manchester,AM peak,E01005234,16.0,185.8130000000001,85,0.25270568000000015,518.0
48835 -> 48831 | Hazel Grove to Manchester | Evening off-peak,48835 -> 48831,48835,48831,Hazel Grove to Manchester,Evening off-peak,E01005234,27.10000000000001,185.8130000000001,85,0.42802024550000045,368.0
48835 -> 48831 | Hazel Grove to Manchester | Night/Early morning off-peak,48835 -> 48831,48835,48831,Hazel Grove to Manchester,Night/Early morning off-peak,E01005234,41.0,185.8130000000001,85,0.6475583050000003,209.0
48835 -> 48831 | Hazel Grove to Manchester | PM interpeak,48835 -> 48831,48835,48831,Hazel Grove to Manchester,PM interpeak,E01005234,20.0,185.8130000000001,85,0.31588210000000017,456.0
48835 -> 48831 | Hazel Grove to Manchester | PM peak,48835 -> 48831,48835,48831,Hazel Grove to Manchester,PM peak,E01005234,27.0,185.8130000000001,85,0.42644083500000024,370.0
48837 -> 48657 | Manchester to Hazel Grove | AM interpeak,48837 -> 48657,48837,48657,Manchester to Hazel Grove,AM interpeak,E01034137,12.0,377.8609999999999,85,0.3854182199999999,405.0
48837 -> 48657 | Manchester to Hazel Grove | AM peak,48837 -> 48657,48837,48657,Manchester to Hazel Grove,AM peak,E01034137,58.900000000000006,377.8609999999999,85,1.8917610964999996,6.0
48837 -> 48657 | Manchester to Hazel Grove | Evening off-peak,48837 -> 48657,48837,48657,Manchester to Hazel Grove,Evening off-peak,E01034137,15.0,377.8609999999999,85,0.4817727749999998,314.0
48837 -> 48657 | Manchester to Hazel Grove | Night/Early morning off-peak,48837 -> 48657,48837,48657,Manchester to Hazel Grove,Night/Early morning off-peak,E01034137,23.799999999999997,377.8609999999999,85,0.7644128029999996,134.0
48837 -> 48657 | Manchester to Hazel Grove | PM interpeak,48837 -> 48657,48837,48657,Manchester to Hazel Grove,PM interpeak,E01034137,46.5,377.8609999999999,85,1.4934956024999995,19.0
48837 -> 48657 | Manchester to Hazel Grove | PM peak,48837 -> 48657,48837,48657,Manchester to Hazel Grove,PM peak,E01034137,44.0,377.8609999999999,85,1.4132001399999996,21.0
50410 -> 50414 | Hazel Grove to Manchester | AM interpeak,50410 -> 50414,50410,50414,Hazel Grove to Manchester,AM interpeak,E01005232,9.0,331.66799999999967,85,0.2537260199999998,517.0
50410 -> 50414 | Hazel Grove to Manchester | AM peak,50410 -> 50414,50410,50414,Hazel Grove to Manchester,AM peak,E01005232,17.0,331.66799999999967,85,0.47926025999999955,317.0
50410 -> 50414 | Hazel Grove to Manchester | Evening off-peak,50410 -> 50414,50410,50414,Hazel Grove to Manchester,Evening off-peak,E01005232,26.900000000000006,331.66799999999967,85,0.7583588819999995,138.0
50410 -> 50414 | Hazel Grove to Manchester | Night/Early morning off-peak,50410 -> 50414,50410,50414,Hazel Grove to Manchester,Night/Early morning off-peak,E01005232,38.10000000000001,331.66799999999967,85,1.0741068179999993,52.0
50410 -> 50414 | Hazel Grove to Manchester | PM interpeak,50410 -> 50414,50410,50414,Hazel Grove to Manchester,PM interpeak,E01005232,20.0,331.6680000000001,85,0.5638356000000002,252.0
50410 -> 50414 | Hazel Grove to Manchester | PM peak,50410 -> 50414,50410,50414,Hazel Grove to Manchester,PM peak,E01005232,25.0,331.6680000000006,85,0.7047945000000012,171.0
50414 -> 50416 | Hazel Grove to Manchester | AM interpeak,50414 -> 50416,50414,50416,Hazel Grove to Manchester,AM interpeak,E01034119,9.0,189.02399999999943,85,0.14460335999999954,586.0
50414 -> 50416 | Hazel Grove to Manchester | AM peak,50414 -> 50416,50414,50416,Hazel Grove to Manchester,AM peak,E01034119,17.0,189.02399999999943,85,0.2731396799999992,499.0
50414 -> 50416 | Hazel Grove to Manchester | Evening off-peak,50414 -> 50416,50414,50416,Hazel Grove to Manchester,Evening off-peak,E01034119,26.0,189.02400000000125,85,0.41774304000000273,383.0
50414 -> 50416 | Hazel Grove to Manchester | Night/Early morning off-peak,50414 -> 50416,50414,50416,Hazel Grove to Manchester,Night/Early morning off-peak,E01034119,37.599999999999994,189.02399999999943,85,0.6041207039999981,224.0
50414 -> 50416 | Hazel Grove to Manchester | PM interpeak,50414 -> 50416,50414,50416,Hazel Grove to Manchester,PM interpeak,E01034119,20.200000000000003,189.02399999999943,85,0.3245542079999991,452.0
50414 -> 50416 | Hazel Grove to Manchester | PM peak,50414 -> 50416,50414,50416,Hazel Grove to Manchester,PM peak,E01034119,25.200000000000017,189.02399999999943,85,0.40488940799999906,393.0
50416 -> 50418 | Hazel Grove to Manchester | AM interpeak,50416 -> 50418,50416,50418,Hazel Grove to Manchester,AM interpeak,E01034119,8.0,196.97199999999975,85,0.13394095999999986,601.0
50416 -> 50418 | Hazel Grove to Manchester | AM peak,50416 -> 50418,50416,50418,Hazel Grove to Manchester,AM peak,E01034119,17.200000000000003,196.97199999999975,85,0.28797306399999967,484.0
50416 -> 50418 | Hazel Grove to Manchester | Evening off-peak,50416 -> 50418,50416,50418,Hazel Grove to Manchester,Evening off-peak,E01034119,26.0,196.97199999999975,85,0.43530811999999947,363.0
50416 -> 50418 | Hazel Grove to Manchester | Night/Early morning off-peak,50416 -> 50418,50416,50418,Hazel Grove to Manchester,Night/Early morning off-peak,E01034119,36.0,196.97199999999975,85,0.6027343199999993,226.0
50416 -> 50418 | Hazel Grove to Manchester | PM interpeak,50416 -> 50418,50416,50418,Hazel Grove to Manchester,PM interpeak,E01034119,22.0,196.97199999999975,85,0.3683376399999996,418.0
50416 -> 50418 | Hazel Grove to Manchester | PM peak,50416 -> 50418,50416,50418,Hazel Grove to Manchester,PM peak,E01034119,24.099999999999994,196.97199999999975,85,0.4034971419999994,394.0
50418 -> 50420 | Hazel Grove to Manchester | AM interpeak,50418 -> 50420,50418,50420,Hazel Grove to Manchester,AM interpeak,E01005063,8.0,305.6999999999989,85,0.20787599999999926,548.0
50418 -> 50420 | Hazel Grove to Manchester | AM peak,50418 -> 50420,50418,50420,Hazel Grove to Manchester,AM peak,E01005063,17.0,305.6999999999989,85,0.4417364999999984,354.0
50418 -> 50420 | Hazel Grove to Manchester | Evening off-peak,50418 -> 50420,50418,50420,Hazel Grove to Manchester,Evening off-peak,E01005063,25.900000000000006,305.6999999999989,85,0.6729985499999976,190.0
50418 -> 50420 | Hazel Grove to Manchester | Night/Early morning off-peak,50418 -> 50420,50418,50420,Hazel Grove to Manchester,Night/Early morning off-peak,E01005063,34.2,305.6999999999989,85,0.888669899999997,89.0
50418 -> 50420 | Hazel Grove to Manchester | PM interpeak,50418 -> 50420,50418,50420,Hazel Grove to Manchester,PM interpeak,E01005063,21.0,305.6999999999998,85,0.5456744999999996,266.0
50418 -> 50420 | Hazel Grove to Manchester | PM peak,50418 -> 50420,50418,50420,Hazel Grove to Manchester,PM peak,E01005063,23.200000000000017,305.7000000000007,85,0.6028404000000018,225.0
50420 -> 50422 | Hazel Grove to Manchester | AM interpeak,50420 -> 50422,50420,50422,Hazel Grove to Manchester,AM interpeak,E01005063,7.800000000000011,250.82600000000093,85,0.16629763800000086,576.0
50420 -> 50422 | Hazel Grove to Manchester | AM peak,50420 -> 50422,50420,50422,Hazel Grove to Manchester,AM peak,E01005063,17.0,250.82600000000093,85,0.3624435700000014,424.0
50420 -> 50422 | Hazel Grove to Manchester | Evening off-peak,50420 -> 50422,50420,50422,Hazel Grove to Manchester,Evening off-peak,E01005063,24.200000000000003,250.82600000000093,85,0.515949082000002,281.0
50420 -> 50422 | Hazel Grove to Manchester | Night/Early morning off-peak,50420 -> 50422,50420,50422,Hazel Grove to Manchester,Night/Early morning off-peak,E01005063,33.599999999999994,250.82600000000093,85,0.7163590560000025,164.0
50420 -> 50422 | Hazel Grove to Manchester | PM interpeak,50420 -> 50422,50420,50422,Hazel Grove to Manchester,PM interpeak,E01005063,22.0,250.82600000000093,85,0.46904462000000174,324.0
50420 -> 50422 | Hazel Grove to Manchester | PM peak,50420 -> 50422,50420,50422,Hazel Grove to Manchester,PM peak,E01005063,23.0,250.82600000000002,85,0.49036483000000003,305.0
50422 -> 50428 | Hazel Grove to Manchester | AM interpeak,50422 -> 50428,50422,50428,Hazel Grove to Manchester,AM interpeak,E01005063,7.0,302.8600000000006,85,0.18020170000000033,568.0
50422 -> 50428 | Hazel Grove to Manchester | AM peak,50422 -> 50428,50422,50428,Hazel Grove to Manchester,AM peak,E01005063,17.599999999999994,302.8600000000006,85,0.45307856000000074,336.0
50422 -> 50428 | Hazel Grove to Manchester | Evening off-peak,50422 -> 50428,50422,50428,Hazel Grove to Manchester,Evening off-peak,E01005063,24.200000000000003,302.8600000000006,85,0.6229830200000013,218.0
50422 -> 50428 | Hazel Grove to Manchester | Night/Early morning off-peak,50422 -> 50428,50422,50428,Hazel Grove to Manchester,Night/Early morning off-peak,E01005063,35.8,302.8600000000006,85,0.9216029800000017,82.0
50422 -> 50428 | Hazel Grove to Manchester | PM interpeak,50422 -> 50428,50422,50428,Hazel Grove to Manchester,PM interpeak,E01005063,23.0,302.8600000000006,85,0.5920913000000012,236.0
50422 -> 50428 | Hazel Grove to Manchester | PM peak,50422 -> 50428,50422,50428,Hazel Grove to Manchester,PM peak,E01005063,23.0,302.8600000000006,85,0.5920913000000012,236.0
50424 -> 50430 | Manchester to Hazel Grove | AM interpeak,50424 -> 50430,50424,50430,Manchester to Hazel Grove,AM interpeak,E01005065,6.0,302.961,85,0.15451011,583.0
50424 -> 50430 | Manchester to Hazel Grove | AM peak,50424 -> 50430,50424,50430,Manchester to Hazel Grove,AM peak,E01005065,27.0,302.961,85,0.695295495,176.0
50424 -> 50430 | Manchester to Hazel Grove | Evening off-peak,50424 -> 50430,50424,50430,Manchester to Hazel Grove,Evening off-peak,E01005065,8.0,302.961,85,0.20601348000000003,549.0
50424 -> 50430 | Manchester to Hazel Grove | Night/Early morning off-peak,50424 -> 50430,50424,50430,Manchester to Hazel Grove,Night/Early morning off-peak,E01005065,14.0,302.961,85,0.36052359,427.0
50424 -> 50430 | Manchester to Hazel Grove | PM interpeak,50424 -> 50430,50424,50430,Manchester to Hazel Grove,PM interpeak,E01005065,23.400000000000006,302.961,85,0.6025894290000002,227.0
50424 -> 50430 | Manchester to Hazel Grove | PM peak,50424 -> 50430,50424,50430,Manchester to Hazel Grove,PM peak,E01005065,23.0,302.961,85,0.592288755,235.0
50426 -> 54156 | Hazel Grove to Manchester | AM interpeak,50426 -> 54156,50426,54156,Hazel Grove to Manchester,AM interpeak,E01005065,7.0,273.14600000000064,85,0.16252187000000037,579.0
50426 -> 54156 | Hazel Grove to Manchester | AM peak,50426 -> 54156,50426,54156,Hazel Grove to Manchester,AM peak,E01005065,19.0,273.14600000000064,85,0.441130790000001,357.0
50426 -> 54156 | Hazel Grove to Manchester | Evening off-peak,50426 -> 54156,50426,54156,Hazel Grove to Manchester,Evening off-peak,E01005065,22.0,273.14600000000064,85,0.5107830200000012,285.0
50426 -> 54156 | Hazel Grove to Manchester | Night/Early morning off-peak,50426 -> 54156,50426,54156,Hazel Grove to Manchester,Night/Early morning off-peak,E01005065,33.900000000000006,273.14600000000064,85,0.787070199000002,124.0
50426 -> 54156 | Hazel Grove to Manchester | PM interpeak,50426 -> 54156,50426,54156,Hazel Grove to Manchester,PM interpeak,E01005065,22.200000000000003,273.14600000000064,85,0.5154265020000013,282.0
50426 -> 54156 | Hazel Grove to Manchester | PM peak,50426 -> 54156,50426,54156,Hazel Grove to Manchester,PM peak,E01005065,22.0,273.14600000000064,85,0.5107830200000012,285.0
50428 -> 50426 | Hazel Grove to Manchester | AM interpeak,50428 -> 50426,50428,50426,Hazel Grove to Manchester,AM interpeak,E01005065,7.0,292.6129999999994,85,0.1741047349999996,574.0
50428 -> 50426 | Hazel Grove to Manchester | AM peak,50428 -> 50426,50428,50426,Hazel Grove to Manchester,AM peak,E01005065,19.5,292.6129999999994,85,0.4850060474999989,312.0
50428 -> 50426 | Hazel Grove to Manchester | Evening off-peak,50428 -> 50426,50428,50426,Hazel Grove to Manchester,Evening off-peak,E01005065,24.0,292.6129999999994,85,0.5969305199999988,233.0
50428 -> 50426 | Hazel Grove to Manchester | Night/Early morning off-peak,50428 -> 50426,50428,50426,Hazel Grove to Manchester,Night/Early morning off-peak,E01005065,32.900000000000006,292.6129999999994,85,0.8182922544999984,111.0
50428 -> 50426 | Hazel Grove to Manchester | PM interpeak,50428 -> 50426,50428,50426,Hazel Grove to Manchester,PM interpeak,E01005065,23.0,292.6129999999994,85,0.5720584149999989,245.0
50428 -> 50426 | Hazel Grove to Manchester | PM peak,50428 -> 50426,50428,50426,Hazel Grove to Manchester,PM peak,E01005065,22.0,292.6129999999994,85,0.547186309999999,263.0
50430 -> 50432 | Manchester to Hazel Grove | AM interpeak,50430 -> 50432,50430,50432,Manchester to Hazel Grove,AM interpeak,E01005063,7.0,297.3700000000001,85,0.17693515000000004,570.0
50430 -> 50432 | Manchester to Hazel Grove | AM peak,50430 -> 50432,50430,50432,Manchester to Hazel Grove,AM peak,E01005063,30.200000000000017,297.3700000000001,85,0.7633487900000008,135.0
50430 -> 50432 | Manchester to Hazel Grove | Evening off-peak,50430 -> 50432,50430,50432,Manchester to Hazel Grove,Evening off-peak,E01005063,9.0,297.3700000000001,85,0.2274880500000001,529.0
50430 -> 50432 | Manchester to Hazel Grove | Night/Early morning off-peak,50430 -> 50432,50430,50432,Manchester to Hazel Grove,Night/Early morning off-peak,E01005063,16.60000000000001,297.3700000000001,85,0.4195890700000004,381.0
50430 -> 50432 | Manchester to Hazel Grove | PM interpeak,50430 -> 50432,50430,50432,Manchester to Hazel Grove,PM interpeak,E01005063,27.0,297.3700000000001,85,0.6824641500000003,181.0
50430 -> 50432 | Manchester to Hazel Grove | PM peak,50430 -> 50432,50430,50432,Manchester to Hazel Grove,PM peak,E01005063,25.900000000000006,297.3700000000001,85,0.6546600550000002,198.0
50432 -> 50434 | Manchester to Hazel Grove | AM interpeak,50432 -> 50434,50432,50434,Manchester to Hazel Grove,AM interpeak,E01005063,8.0,239.0590000000002,85,0.16256012000000014,578.0
50432 -> 50434 | Manchester to Hazel Grove | AM peak,50432 -> 50434,50432,50434,Manchester to Hazel Grove,AM peak,E01005063,34.599999999999994,239.0590000000002,85,0.7030725190000005,172.0
50432 -> 50434 | Manchester to Hazel Grove | Evening off-peak,50432 -> 50434,50432,50434,Manchester to Hazel Grove,Evening off-peak,E01005063,9.600000000000009,239.0590000000002,85,0.1950721440000003,560.0
50432 -> 50434 | Manchester to Hazel Grove | Night/Early morning off-peak,50432 -> 50434,50432,50434,Manchester to Hazel Grove,Night/Early morning off-peak,E01005063,18.0,239.0590000000002,85,0.36576027000000033,421.0
50432 -> 50434 | Manchester to Hazel Grove | PM interpeak,50432 -> 50434,50432,50434,Manchester to Hazel Grove,PM interpeak,E01005063,29.400000000000006,239.0590000000002,85,0.5974084410000006,232.0
50432 -> 50434 | Manchester to Hazel Grove | PM peak,50432 -> 50434,50432,50434,Manchester to Hazel Grove,PM peak,E01005063,29.0,239.0590000000002,85,0.5892804350000005,242.0
50434 -> 50436 | Manchester to Hazel Grove | AM interpeak,50434 -> 50436,50434,50436,Manchester to Hazel Grove,AM interpeak,E01005239,9.0,283.06899999999996,85,0.21654778499999996,541.0
50434 -> 50436 | Manchester to Hazel Grove | AM peak,50434 -> 50436,50434,50436,Manchester to Hazel Grove,AM peak,E01005239,40.599999999999994,283.06899999999996,85,0.9768711189999998,70.0
50434 -> 50436 | Manchester to Hazel Grove | Evening off-peak,50434 -> 50436,50434,50436,Manchester to Hazel Grove,Evening off-peak,E01005239,10.600000000000009,283.06899999999996,85,0.2550451690000002,515.0
50434 -> 50436 | Manchester to Hazel Grove | Night/Early morning off-peak,50434 -> 50436,50434,50436,Manchester to Hazel Grove,Night/Early morning off-peak,E01005239,20.60000000000001,283.06899999999996,85,0.49565381900000016,303.0
50434 -> 50436 | Manchester to Hazel Grove | PM interpeak,50434 -> 50436,50434,50436,Manchester to Hazel Grove,PM interpeak,E01005239,32.0,283.06899999999996,85,0.76994768,129.0
50434 -> 50436 | Manchester to Hazel Grove | PM peak,50434 -> 50436,50434,50436,Manchester to Hazel Grove,PM peak,E01005239,32.80000000000001,283.06899999999996,85,0.7891963720000001,122.0
50436 -> 50438 | Manchester to Hazel Grove | AM interpeak,50436 -> 50438,50436,50438,Manchester to Hazel Grove,AM interpeak,E01005239,10.0,309.6189999999997,85,0.2631761499999997,511.0
50436 -> 50438 | Manchester to Hazel Grove | AM peak,50436 -> 50438,50436,50438,Manchester to Hazel Grove,AM peak,E01005239,45.0,309.6189999999997,85,1.1842926749999987,42.0
50436 -> 50438 | Manchester to Hazel Grove | Evening off-peak,50436 -> 50438,50436,50438,Manchester to Hazel Grove,Evening off-peak,E01005239,11.0,309.6189999999997,85,0.28949376499999974,483.0
50436 -> 50438 | Manchester to Hazel Grove | Night/Early morning off-peak,50436 -> 50438,50436,50438,Manchester to Hazel Grove,Night/Early morning off-peak,E01005239,20.0,309.6189999999997,85,0.5263522999999994,277.0
50436 -> 50438 | Manchester to Hazel Grove | PM interpeak,50436 -> 50438,50436,50438,Manchester to Hazel Grove,PM interpeak,E01005239,34.0,309.6189999999997,85,0.8947989099999992,88.0
50436 -> 50438 | Manchester to Hazel Grove | PM peak,50436 -> 50438,50436,50438,Manchester to Hazel Grove,PM peak,E01005239,35.80000000000001,309.6189999999997,85,0.9421706169999994,75.0
50438 -> 50442 | Manchester to Hazel Grove | AM interpeak,50438 -> 50442,50438,50442,Manchester to Hazel Grove,AM interpeak,E01005239,10.0,407.18499999999995,85,0.34610725,435.0
50438 -> 50442 | Manchester to Hazel Grove | AM peak,50438 -> 50442,50438,50442,Manchester to Hazel Grove,AM peak,E01005239,47.900000000000006,407.18499999999995,85,1.6578537274999998,14.0
50438 -> 50442 | Manchester to Hazel Grove | Evening off-peak,50438 -> 50442,50438,50442,Manchester to Hazel Grove,Evening off-peak,E01005239,13.0,407.18499999999995,85,0.4499394249999999,344.0
50438 -> 50442 | Manchester to Hazel Grove | Night/Early morning off-peak,50438 -> 50442,50438,50442,Manchester to Hazel Grove,Night/Early morning off-peak,E01005239,22.0,407.18499999999995,85,0.76143595,137.0
50438 -> 50442 | Manchester to Hazel Grove | PM interpeak,50438 -> 50442,50438,50442,Manchester to Hazel Grove,PM interpeak,E01005239,37.80000000000001,407.18499999999995,85,1.3082854050000003,28.0
50438 -> 50442 | Manchester to Hazel Grove | PM peak,50438 -> 50442,50438,50442,Manchester to Hazel Grove,PM peak,E01005239,39.0,407.18499999999995,85,1.3498182749999998,26.0
50442 -> 48833 | Manchester to Hazel Grove | AM interpeak,50442 -> 48833,50442,48833,Manchester to Hazel Grove,AM interpeak,E01005232,11.0,504.5060000000003,85,0.4717131100000003,322.0
50442 -> 48833 | Manchester to Hazel Grove | AM peak,50442 -> 48833,50442,48833,Manchester to Hazel Grove,AM peak,E01005232,56.0,504.5060000000003,85,2.4014485600000013,2.0
50442 -> 48833 | Manchester to Hazel Grove | Evening off-peak,50442 -> 48833,50442,48833,Manchester to Hazel Grove,Evening off-peak,E01005232,14.0,504.5060000000003,85,0.6003621400000003,229.0
50442 -> 48833 | Manchester to Hazel Grove | Night/Early morning off-peak,50442 -> 48833,50442,48833,Manchester to Hazel Grove,Night/Early morning off-peak,E01005232,23.0,504.5060000000003,85,0.9863092300000006,67.0
50442 -> 48833 | Manchester to Hazel Grove | PM interpeak,50442 -> 48833,50442,48833,Manchester to Hazel Grove,PM interpeak,E01005232,41.0,504.5060000000003,85,1.758203410000001,11.0
50442 -> 48833 | Manchester to Hazel Grove | PM peak,50442 -> 48833,50442,48833,Manchester to Hazel Grove,PM peak,E01005232,40.80000000000001,504.5060000000003,85,1.7496268080000015,12.0
50826 -> 129934 | Hazel Grove to Manchester | AM interpeak,50826 -> 129934,50826,129934,Hazel Grove to Manchester,AM interpeak,E01033654,6.0,371.98199999999997,85,0.18971081999999997,566.0
50826 -> 129934 | Hazel Grove to Manchester | AM peak,50826 -> 129934,50826,129934,Hazel Grove to Manchester,AM peak,E01033654,19.799999999999997,371.98199999999997,85,0.6260457059999999,215.0
50826 -> 129934 | Hazel Grove to Manchester | Evening off-peak,50826 -> 129934,50826,129934,Hazel Grove to Manchester,Evening off-peak,E01033654,20.60000000000001,371.98199999999997,85,0.6513404820000003,204.0
50826 -> 129934 | Hazel Grove to Manchester | Night/Early morning off-peak,50826 -> 129934,50826,129934,Hazel Grove to Manchester,Night/Early morning off-peak,E01033654,32.0,371.98199999999997,85,1.0117910399999999,62.0
50826 -> 129934 | Hazel Grove to Manchester | PM interpeak,50826 -> 129934,50826,129934,Hazel Grove to Manchester,PM interpeak,E01033654,23.200000000000003,371.98199999999997,85,0.7335485039999999,150.0
50826 -> 129934 | Hazel Grove to Manchester | PM peak,50826 -> 129934,50826,129934,Hazel Grove to Manchester,PM peak,E01033654,19.0,371.98199999999997,85,0.6007509299999999,228.0
54150 -> 48350 | Hazel Grove to Manchester | AM interpeak,54150 -> 48350,54150,48350,Hazel Grove to Manchester,AM interpeak,E01005065,6.0,430.6170000000002,85,0.2196146700000001,537.0
54150 -> 48350 | Hazel Grove to Manchester | AM peak,54150 -> 48350,54150,48350,Hazel Grove to Manchester,AM peak,E01005065,19.60000000000001,430.6170000000002,85,0.7174079220000006,162.0
54150 -> 48350 | Hazel Grove to Manchester | Evening off-peak,54150 -> 48350,54150,48350,Hazel Grove to Manchester,Evening off-peak,E01005065,21.0,430.6170000000002,85,0.7686513450000003,131.0
54150 -> 48350 | Hazel Grove to Manchester | Night/Early morning off-peak,54150 -> 48350,54150,48350,Hazel Grove to Manchester,Night/Early morning off-peak,E01005065,33.20000000000002,430.6170000000002,85,1.2152011740000013,39.0
54150 -> 48350 | Hazel Grove to Manchester | PM interpeak,54150 -> 48350,54150,48350,Hazel Grove to Manchester,PM interpeak,E01005065,22.0,430.6170000000002,85,0.8052537900000004,116.0
54150 -> 48350 | Hazel Grove to Manchester | PM peak,54150 -> 48350,54150,48350,Hazel Grove to Manchester,PM peak,E01005065,20.0,430.6170000000002,85,0.7320489000000003,152.0
54154 -> 50424 | Manchester to Hazel Grove | AM interpeak,54154 -> 50424,54154,50424,Manchester to Hazel Grove,AM interpeak,E01005065,5.0,472.6109999999999,85,0.20085967499999996,554.0
54154 -> 50424 | Manchester to Hazel Grove | AM peak,54154 -> 50424,54154,50424,Manchester to Hazel Grove,AM peak,E01005065,21.400000000000006,472.6109999999999,85,0.859679409,100.0
54154 -> 50424 | Manchester to Hazel Grove | Evening off-peak,54154 -> 50424,54154,50424,Manchester to Hazel Grove,Evening off-peak,E01005065,7.0,472.6109999999999,85,0.2812035449999999,491.0
54154 -> 50424 | Manchester to Hazel Grove | Night/Early morning off-peak,54154 -> 50424,54154,50424,Manchester to Hazel Grove,Night/Early morning off-peak,E01005065,12.700000000000003,472.6109999999999,85,0.5101835745,287.0
54154 -> 50424 | Manchester to Hazel Grove | PM interpeak,54154 -> 50424,54154,50424,Manchester to Hazel Grove,PM interpeak,E01005065,19.0,472.6109999999999,85,0.7632667649999999,136.0
54154 -> 50424 | Manchester to Hazel Grove | PM peak,54154 -> 50424,54154,50424,Manchester to Hazel Grove,PM peak,E01005065,18.80000000000001,472.6109999999999,85,0.7552323780000003,139.0
54156 -> 54150 | Hazel Grove to Manchester | AM interpeak,54156 -> 54150,54156,54150,Hazel Grove to Manchester,AM interpeak,E01005065,7.0,251.012999999999,85,0.1493527349999994,584.0
54156 -> 54150 | Hazel Grove to Manchester | AM peak,54156 -> 54150,54156,54150,Hazel Grove to Manchester,AM peak,E01005065,20.0,251.012999999999,85,0.4267220999999983,369.0
54156 -> 54150 | Hazel Grove to Manchester | Evening off-peak,54156 -> 54150,54156,54150,Hazel Grove to Manchester,Evening off-peak,E01005065,21.0,251.012999999999,85,0.4480582049999982,347.0
54156 -> 54150 | Hazel Grove to Manchester | Night/Early morning off-peak,54156 -> 54150,54156,54150,Hazel Grove to Manchester,Night/Early morning off-peak,E01005065,35.0,251.012999999999,85,0.7467636749999971,146.0
54156 -> 54150 | Hazel Grove to Manchester | PM interpeak,54156 -> 54150,54156,54150,Hazel Grove to Manchester,PM interpeak,E01005065,22.0,251.012999999999,85,0.4693943099999982,323.0
54156 -> 54150 | Hazel Grove to Manchester | PM peak,54156 -> 54150,54156,54150,Hazel Grove to Manchester,PM peak,E01005065,20.200000000000017,251.012999999999,85,0.43098932099999865,364.0
